date,ticker,company_name,layer,daily_return,benchmark_return,relative_move,signal_type,rank
2026-05-13,ON,ON Semiconductor,Compute,11.14,0.58,10.56,Leader,1
2026-05-13,MRVL,Marvell Technology,Compute,8.18,0.58,7.59,Leader,2
2026-05-13,AKAM,Akamai Technologies,Platform,7.74,0.58,7.16,Leader,3
2026-05-13,HPE,Hewlett Packard Enterprise,Compute,6.16,0.58,5.57,Leader,4
2026-05-13,MU,Micron,Compute,4.83,0.58,4.25,Leader,5
2026-05-13,ZS,Zscaler,Application,4.28,0.58,3.7,Leader,6
2026-05-13,ASML,ASML,Compute,3.99,0.58,3.4,Leader,7
2026-05-13,GOOGL,Alphabet,Platform,3.94,0.58,3.36,Leader,8
2026-05-13,GFS,GlobalFoundries,Compute,3.94,0.58,3.35,Leader,9
2026-05-13,NET,Cloudflare,Platform,3.12,0.58,2.54,Leader,10
2026-05-13,CRWD,CrowdStrike,Application,3.0,0.58,2.42,Leader,11
2026-05-13,DDOG,Datadog,Platform,2.69,0.58,2.1,Leader,12
2026-05-13,NVDA,NVIDIA,Compute,2.29,0.58,1.7,Leader,13
2026-05-13,META,Meta,Platform,2.26,0.58,1.68,Leader,14
2026-05-13,DELL,Dell Technologies,Compute,2.06,0.58,1.48,Leader,15
2026-05-13,AMZN,Amazon,Platform,1.62,0.58,1.04,Leader,16
2026-05-13,ORCL,Oracle,Platform,1.57,0.58,0.98,Leader,17
2026-05-13,QCOM,Qualcomm,Compute,1.36,0.58,0.77,Leader,18
2026-05-13,TSM,TSMC,Compute,0.63,0.58,0.05,Leader,19
2026-05-13,PATH,UiPath,Application,-5.39,0.58,-5.98,Laggard,1
2026-05-13,TEAM,Atlassian,Platform,-5.15,0.58,-5.74,Laggard,2
2026-05-13,GTLB,GitLab,Platform,-4.46,0.58,-5.05,Laggard,3
2026-05-13,SHOP,Shopify,Application,-4.45,0.58,-5.03,Laggard,4
2026-05-13,PLTR,Palantir,Platform,-4.37,0.58,-4.96,Laggard,5
2026-05-13,INTU,Intuit,Application,-4.13,0.58,-4.72,Laggard,6
2026-05-13,CRM,Salesforce,Application,-3.19,0.58,-3.78,Laggard,7
2026-05-13,ESTC,Elastic,Platform,-3.03,0.58,-3.62,Laggard,8
2026-05-13,SMCI,Super Micro Computer,Compute,-2.41,0.58,-2.99,Laggard,9
2026-05-13,NOW,ServiceNow,Platform,-2.19,0.58,-2.78,Laggard,10
2026-05-13,IBM,IBM,Platform,-2.09,0.58,-2.67,Laggard,11
2026-05-13,ADBE,Adobe,Application,-1.98,0.58,-2.56,Laggard,12
2026-05-13,MDB,MongoDB,Platform,-1.85,0.58,-2.44,Laggard,13
2026-05-13,WDAY,Workday,Application,-1.79,0.58,-2.37,Laggard,14
2026-05-13,ADSK,Autodesk,Application,-1.63,0.58,-2.22,Laggard,15
2026-05-13,ANET,Arista Networks,Compute,-1.3,0.58,-1.88,Laggard,16
2026-05-13,OKTA,Okta,Platform,-1.09,0.58,-1.67,Laggard,17
2026-05-13,DUOL,Duolingo,Application,-0.97,0.58,-1.56,Laggard,18
2026-05-13,CDNS,Cadence Design Systems,Compute,-0.97,0.58,-1.56,Laggard,19
2026-05-13,SNPS,Synopsys,Compute,-0.77,0.58,-1.35,Laggard,20
2026-05-13,AMD,AMD,Compute,-0.62,0.58,-1.21,Laggard,21
2026-05-13,MSFT,Microsoft,Platform,-0.63,0.58,-1.21,Laggard,22
2026-05-13,AVGO,Broadcom,Compute,-0.6,0.58,-1.18,Laggard,23
2026-05-13,ZM,Zoom,Application,-0.51,0.58,-1.1,Laggard,24
2026-05-13,HUBS,HubSpot,Application,-0.32,0.58,-0.91,Laggard,25
2026-05-13,INTC,Intel,Compute,-0.27,0.58,-0.85,Laggard,26
2026-05-13,DOCU,DocuSign,Application,-0.24,0.58,-0.83,Laggard,27
2026-05-13,TWLO,Twilio,Platform,-0.09,0.58,-0.67,Laggard,28
2026-05-13,U,Unity Software,Application,0.19,0.58,-0.4,Laggard,29
2026-05-13,SNOW,Snowflake,Platform,0.26,0.58,-0.33,Laggard,30
2026-05-12,MDB,MongoDB,Platform,4.78,-0.16,4.94,Leader,1
2026-05-12,ANET,Arista Networks,Compute,4.48,-0.16,4.64,Leader,2
2026-05-12,DUOL,Duolingo,Application,0.82,-0.16,0.98,Leader,3
2026-05-12,CRWD,CrowdStrike,Application,0.72,-0.16,0.88,Leader,4
2026-05-12,META,Meta,Platform,0.69,-0.16,0.85,Leader,5
2026-05-12,NVDA,NVIDIA,Compute,0.61,-0.16,0.77,Leader,6
2026-05-12,SNOW,Snowflake,Platform,0.32,-0.16,0.48,Leader,7
2026-05-12,U,Unity Software,Application,-0.11,-0.16,0.05,Leader,8
2026-05-12,QCOM,Qualcomm,Compute,-11.46,-0.16,-11.3,Laggard,1
2026-05-12,GTLB,GitLab,Platform,-9.98,-0.16,-9.82,Laggard,2
2026-05-12,INTC,Intel,Compute,-6.82,-0.16,-6.66,Laggard,3
2026-05-12,HUBS,HubSpot,Application,-6.15,-0.16,-5.99,Laggard,4
2026-05-12,PATH,UiPath,Application,-6.1,-0.16,-5.94,Laggard,5
2026-05-12,ZM,Zoom,Application,-3.88,-0.16,-3.72,Laggard,6
2026-05-12,GFS,GlobalFoundries,Compute,-3.79,-0.16,-3.63,Laggard,7
2026-05-12,MRVL,Marvell Technology,Compute,-3.71,-0.16,-3.55,Laggard,8
2026-05-12,ORCL,Oracle,Platform,-3.62,-0.16,-3.46,Laggard,9
2026-05-12,MU,Micron,Compute,-3.61,-0.16,-3.45,Laggard,10
2026-05-12,CRM,Salesforce,Application,-3.48,-0.16,-3.32,Laggard,11
2026-05-12,NET,Cloudflare,Platform,-3.48,-0.16,-3.32,Laggard,12
2026-05-12,DELL,Dell Technologies,Compute,-3.28,-0.16,-3.12,Laggard,13
2026-05-12,OKTA,Okta,Platform,-3.22,-0.16,-3.06,Laggard,14
2026-05-12,TWLO,Twilio,Platform,-2.93,-0.16,-2.77,Laggard,15
2026-05-12,ON,ON Semiconductor,Compute,-2.92,-0.16,-2.76,Laggard,16
2026-05-12,ASML,ASML,Compute,-2.87,-0.16,-2.71,Laggard,17
2026-05-12,NOW,ServiceNow,Platform,-2.72,-0.16,-2.56,Laggard,18
2026-05-12,TEAM,Atlassian,Platform,-2.65,-0.16,-2.49,Laggard,19
2026-05-12,SHOP,Shopify,Application,-2.63,-0.16,-2.47,Laggard,20
2026-05-12,WDAY,Workday,Application,-2.31,-0.16,-2.15,Laggard,21
2026-05-12,AMD,AMD,Compute,-2.29,-0.16,-2.13,Laggard,22
2026-05-12,AKAM,Akamai Technologies,Platform,-2.25,-0.16,-2.09,Laggard,23
2026-05-12,SMCI,Super Micro Computer,Compute,-2.18,-0.16,-2.02,Laggard,24
2026-05-12,ADBE,Adobe,Application,-2.16,-0.16,-2.0,Laggard,25
2026-05-12,HPE,Hewlett Packard Enterprise,Compute,-2.14,-0.16,-1.98,Laggard,26
2026-05-12,AVGO,Broadcom,Compute,-2.13,-0.16,-1.97,Laggard,27
2026-05-12,IBM,IBM,Platform,-1.94,-0.16,-1.78,Laggard,28
2026-05-12,ZS,Zscaler,Application,-1.81,-0.16,-1.65,Laggard,29
2026-05-12,TSM,TSMC,Compute,-1.79,-0.16,-1.63,Laggard,30
2026-05-12,CDNS,Cadence Design Systems,Compute,-1.69,-0.16,-1.53,Laggard,31
2026-05-12,INTU,Intuit,Application,-1.41,-0.16,-1.25,Laggard,32
2026-05-12,DDOG,Datadog,Platform,-1.18,-0.16,-1.02,Laggard,33
2026-05-12,AMZN,Amazon,Platform,-1.18,-0.16,-1.02,Laggard,34
2026-05-12,MSFT,Microsoft,Platform,-1.18,-0.16,-1.02,Laggard,35
2026-05-12,DOCU,DocuSign,Application,-0.68,-0.16,-0.52,Laggard,36
2026-05-12,PLTR,Palantir,Platform,-0.65,-0.16,-0.49,Laggard,37
2026-05-12,SNPS,Synopsys,Compute,-0.58,-0.16,-0.42,Laggard,38
2026-05-12,ESTC,Elastic,Platform,-0.58,-0.16,-0.42,Laggard,39
2026-05-12,ADSK,Autodesk,Application,-0.51,-0.16,-0.35,Laggard,40
2026-05-12,GOOGL,Alphabet,Platform,-0.33,-0.16,-0.17,Laggard,41
2026-05-11,QCOM,Qualcomm,Compute,8.42,0.19,8.23,Leader,1
2026-05-11,MU,Micron,Compute,6.5,0.19,6.31,Leader,2
2026-05-11,ON,ON Semiconductor,Compute,3.91,0.19,3.73,Leader,3
2026-05-11,INTC,Intel,Compute,3.62,0.19,3.43,Leader,4
2026-05-11,AKAM,Akamai Technologies,Platform,3.59,0.19,3.4,Leader,5
2026-05-11,CRWD,CrowdStrike,Application,2.75,0.19,2.56,Leader,6
2026-05-11,NVDA,NVIDIA,Compute,1.97,0.19,1.78,Leader,7
2026-05-11,GFS,GlobalFoundries,Compute,1.17,0.19,0.99,Leader,8
2026-05-11,DDOG,Datadog,Platform,1.08,0.19,0.89,Leader,9
2026-05-11,AMD,AMD,Compute,0.79,0.19,0.6,Leader,10
2026-05-11,MRVL,Marvell Technology,Compute,0.42,0.19,0.23,Leader,11
2026-05-11,CDNS,Cadence Design Systems,Compute,0.41,0.19,0.23,Leader,12
2026-05-11,NOW,ServiceNow,Platform,0.34,0.19,0.15,Leader,13
2026-05-11,SHOP,Shopify,Application,-7.13,0.19,-7.32,Laggard,1
2026-05-11,SMCI,Super Micro Computer,Compute,-5.23,0.19,-5.42,Laggard,2
2026-05-11,DELL,Dell Technologies,Compute,-5.15,0.19,-5.34,Laggard,3
2026-05-11,DOCU,DocuSign,Application,-5.03,0.19,-5.22,Laggard,4
2026-05-11,WDAY,Workday,Application,-5.01,0.19,-5.2,Laggard,5
2026-05-11,TEAM,Atlassian,Platform,-4.68,0.19,-4.87,Laggard,6
2026-05-11,U,Unity Software,Application,-4.58,0.19,-4.77,Laggard,7
2026-05-11,ANET,Arista Networks,Compute,-3.77,0.19,-3.95,Laggard,8
2026-05-11,ESTC,Elastic,Platform,-3.58,0.19,-3.77,Laggard,9
2026-05-11,ADSK,Autodesk,Application,-3.45,0.19,-3.64,Laggard,10
2026-05-11,HUBS,HubSpot,Application,-3.04,0.19,-3.23,Laggard,11
2026-05-11,GOOGL,Alphabet,Platform,-3.03,0.19,-3.22,Laggard,12
2026-05-11,ADBE,Adobe,Application,-2.72,0.19,-2.91,Laggard,13
2026-05-11,IBM,IBM,Platform,-2.7,0.19,-2.89,Laggard,14
2026-05-11,OKTA,Okta,Platform,-2.63,0.19,-2.82,Laggard,15
2026-05-11,DUOL,Duolingo,Application,-2.63,0.19,-2.82,Laggard,16
2026-05-11,CRM,Salesforce,Application,-2.38,0.19,-2.57,Laggard,17
2026-05-11,ZS,Zscaler,Application,-2.14,0.19,-2.33,Laggard,18
2026-05-11,ZM,Zoom,Application,-1.91,0.19,-2.1,Laggard,19
2026-05-11,META,Meta,Platform,-1.77,0.19,-1.95,Laggard,20
2026-05-11,TSM,TSMC,Compute,-1.73,0.19,-1.92,Laggard,21
2026-05-11,ASML,ASML,Compute,-1.65,0.19,-1.83,Laggard,22
2026-05-11,MDB,MongoDB,Platform,-1.61,0.19,-1.8,Laggard,23
2026-05-11,TWLO,Twilio,Platform,-1.54,0.19,-1.73,Laggard,24
2026-05-11,HPE,Hewlett Packard Enterprise,Compute,-1.53,0.19,-1.72,Laggard,25
2026-05-11,AMZN,Amazon,Platform,-1.35,0.19,-1.54,Laggard,26
2026-05-11,NET,Cloudflare,Platform,-1.33,0.19,-1.52,Laggard,27
2026-05-11,GTLB,GitLab,Platform,-1.31,0.19,-1.5,Laggard,28
2026-05-11,PATH,UiPath,Application,-1.2,0.19,-1.39,Laggard,29
2026-05-11,ORCL,Oracle,Platform,-1.08,0.19,-1.26,Laggard,30
2026-05-11,INTU,Intuit,Application,-0.76,0.19,-0.95,Laggard,31
2026-05-11,PLTR,Palantir,Platform,-0.66,0.19,-0.85,Laggard,32
2026-05-11,SNOW,Snowflake,Platform,-0.62,0.19,-0.81,Laggard,33
2026-05-11,MSFT,Microsoft,Platform,-0.59,0.19,-0.78,Laggard,34
2026-05-11,AVGO,Broadcom,Compute,-0.37,0.19,-0.55,Laggard,35
2026-05-11,SNPS,Synopsys,Compute,-0.06,0.19,-0.24,Laggard,36
2026-05-08,AKAM,Akamai Technologies,Platform,26.58,0.84,25.74,Leader,1
2026-05-08,MU,Micron,Compute,15.49,0.84,14.65,Leader,2
2026-05-08,INTC,Intel,Compute,13.96,0.84,13.11,Leader,3
2026-05-08,DELL,Dell Technologies,Compute,13.11,0.84,12.27,Leader,4
2026-05-08,AMD,AMD,Compute,11.44,0.84,10.6,Leader,5
2026-05-08,QCOM,Qualcomm,Compute,8.17,0.84,7.32,Leader,6
2026-05-08,MRVL,Marvell Technology,Compute,6.32,0.84,5.48,Leader,7
2026-05-08,DDOG,Datadog,Platform,6.06,0.84,5.21,Leader,8
2026-05-08,HPE,Hewlett Packard Enterprise,Compute,5.56,0.84,4.71,Leader,9
2026-05-08,U,Unity Software,Application,5.35,0.84,4.51,Leader,10
2026-05-08,SMCI,Super Micro Computer,Compute,5.21,0.84,4.36,Leader,11
2026-05-08,ASML,ASML,Compute,4.97,0.84,4.13,Leader,12
2026-05-08,GFS,GlobalFoundries,Compute,4.5,0.84,3.65,Leader,13
2026-05-08,CRWD,CrowdStrike,Application,4.36,0.84,3.52,Leader,14
2026-05-08,AVGO,Broadcom,Compute,4.23,0.84,3.38,Leader,15
2026-05-08,OKTA,Okta,Platform,3.73,0.84,2.89,Leader,16
2026-05-08,ON,ON Semiconductor,Compute,2.57,0.84,1.73,Leader,17
2026-05-08,TWLO,Twilio,Platform,2.35,0.84,1.51,Leader,18
2026-05-08,SNPS,Synopsys,Compute,2.23,0.84,1.39,Leader,19
2026-05-08,MDB,MongoDB,Platform,2.06,0.84,1.22,Leader,20
2026-05-08,NVDA,NVIDIA,Compute,1.75,0.84,0.91,Leader,21
2026-05-08,CDNS,Cadence Design Systems,Compute,1.63,0.84,0.78,Leader,22
2026-05-08,ESTC,Elastic,Platform,1.22,0.84,0.38,Leader,23
2026-05-08,NET,Cloudflare,Platform,-23.62,0.84,-24.46,Laggard,1
2026-05-08,HUBS,HubSpot,Application,-19.03,0.84,-19.87,Laggard,2
2026-05-08,DUOL,Duolingo,Application,-4.95,0.84,-5.79,Laggard,3
2026-05-08,ADSK,Autodesk,Application,-2.61,0.84,-3.45,Laggard,4
2026-05-08,INTU,Intuit,Application,-2.57,0.84,-3.42,Laggard,5
2026-05-08,NOW,ServiceNow,Platform,-2.58,0.84,-3.42,Laggard,6
2026-05-08,CRM,Salesforce,Application,-2.43,0.84,-3.27,Laggard,7
2026-05-08,WDAY,Workday,Application,-2.33,0.84,-3.17,Laggard,8
2026-05-08,ADBE,Adobe,Application,-1.35,0.84,-2.2,Laggard,9
2026-05-08,MSFT,Microsoft,Platform,-1.34,0.84,-2.19,Laggard,10
2026-05-08,PATH,UiPath,Application,-1.28,0.84,-2.12,Laggard,11
2026-05-08,SHOP,Shopify,Application,-1.19,0.84,-2.03,Laggard,12
2026-05-08,META,Meta,Platform,-1.16,0.84,-2.01,Laggard,13
2026-05-08,TEAM,Atlassian,Platform,-0.83,0.84,-1.68,Laggard,14
2026-05-08,SNOW,Snowflake,Platform,-0.83,0.84,-1.67,Laggard,15
2026-05-08,IBM,IBM,Platform,-0.67,0.84,-1.51,Laggard,16
2026-05-08,DOCU,DocuSign,Application,-0.6,0.84,-1.44,Laggard,17
2026-05-08,TSM,TSMC,Compute,-0.6,0.84,-1.44,Laggard,18
2026-05-08,ZS,Zscaler,Application,-0.43,0.84,-1.27,Laggard,19
2026-05-08,ANET,Arista Networks,Compute,0.01,0.84,-0.83,Laggard,20
2026-05-08,GTLB,GitLab,Platform,0.23,0.84,-0.61,Laggard,21
2026-05-08,PLTR,Palantir,Platform,0.55,0.84,-0.3,Laggard,22
2026-05-08,AMZN,Amazon,Platform,0.56,0.84,-0.29,Laggard,23
2026-05-08,ORCL,Oracle,Platform,0.7,0.84,-0.14,Laggard,24
2026-05-08,GOOGL,Alphabet,Platform,0.71,0.84,-0.14,Laggard,25
2026-05-08,ZM,Zoom,Application,0.78,0.84,-0.06,Laggard,26
2026-05-07,DDOG,Datadog,Platform,31.33,-0.38,31.71,Leader,1
2026-05-07,MDB,MongoDB,Platform,10.62,-0.38,11.0,Leader,2
2026-05-07,ZS,Zscaler,Application,10.06,-0.38,10.44,Leader,3
2026-05-07,SNOW,Snowflake,Platform,10.0,-0.38,10.38,Leader,4
2026-05-07,DUOL,Duolingo,Application,8.18,-0.38,8.56,Leader,5
2026-05-07,CRWD,CrowdStrike,Application,8.04,-0.38,8.42,Leader,6
2026-05-07,WDAY,Workday,Application,6.73,-0.38,7.11,Leader,7
2026-05-07,GTLB,GitLab,Platform,6.71,-0.38,7.09,Leader,8
2026-05-07,SHOP,Shopify,Application,5.97,-0.38,6.36,Leader,9
2026-05-07,QCOM,Qualcomm,Compute,5.18,-0.38,5.56,Leader,10
2026-05-07,ESTC,Elastic,Platform,5.11,-0.38,5.49,Leader,11
2026-05-07,NOW,ServiceNow,Platform,5.1,-0.38,5.48,Leader,12
2026-05-07,INTU,Intuit,Application,4.69,-0.38,5.07,Leader,13
2026-05-07,OKTA,Okta,Platform,4.44,-0.38,4.82,Leader,14
2026-05-07,PATH,UiPath,Application,4.1,-0.38,4.48,Leader,15
2026-05-07,TEAM,Atlassian,Platform,4.02,-0.38,4.4,Leader,16
2026-05-07,HUBS,HubSpot,Application,3.64,-0.38,4.02,Leader,17
2026-05-07,DOCU,DocuSign,Application,3.57,-0.38,3.95,Leader,18
2026-05-07,NET,Cloudflare,Platform,3.3,-0.38,3.68,Leader,19
2026-05-07,ADSK,Autodesk,Application,3.27,-0.38,3.65,Leader,20
2026-05-07,ZM,Zoom,Application,3.07,-0.38,3.45,Leader,21
2026-05-07,TWLO,Twilio,Platform,2.96,-0.38,3.34,Leader,22
2026-05-07,CRM,Salesforce,Application,2.84,-0.38,3.22,Leader,23
2026-05-07,ADBE,Adobe,Application,2.53,-0.38,2.91,Leader,24
2026-05-07,IBM,IBM,Platform,2.47,-0.38,2.85,Leader,25
2026-05-07,PLTR,Palantir,Platform,2.44,-0.38,2.82,Leader,26
2026-05-07,NVDA,NVIDIA,Compute,1.77,-0.38,2.15,Leader,27
2026-05-07,MSFT,Microsoft,Platform,1.65,-0.38,2.03,Leader,28
2026-05-07,META,Meta,Platform,0.64,-0.38,1.02,Leader,29
2026-05-07,CDNS,Cadence Design Systems,Compute,0.56,-0.38,0.94,Leader,30
2026-05-07,ORCL,Oracle,Platform,0.29,-0.38,0.67,Leader,31
2026-05-07,SNPS,Synopsys,Compute,0.15,-0.38,0.53,Leader,32
2026-05-07,GOOGL,Alphabet,Platform,-0.01,-0.38,0.37,Leader,33
2026-05-07,MRVL,Marvell Technology,Compute,-7.05,-0.38,-6.67,Laggard,1
2026-05-07,ON,ON Semiconductor,Compute,-4.88,-0.38,-4.5,Laggard,2
2026-05-07,AKAM,Akamai Technologies,Platform,-4.34,-0.38,-3.96,Laggard,3
2026-05-07,ANET,Arista Networks,Compute,-3.61,-0.38,-3.23,Laggard,4
2026-05-07,DELL,Dell Technologies,Compute,-3.57,-0.38,-3.19,Laggard,5
2026-05-07,AMD,AMD,Compute,-3.07,-0.38,-2.69,Laggard,6
2026-05-07,AVGO,Broadcom,Compute,-3.03,-0.38,-2.65,Laggard,7
2026-05-07,INTC,Intel,Compute,-3.0,-0.38,-2.62,Laggard,8
2026-05-07,SMCI,Super Micro Computer,Compute,-3.0,-0.38,-2.62,Laggard,9
2026-05-07,MU,Micron,Compute,-2.99,-0.38,-2.61,Laggard,10
2026-05-07,HPE,Hewlett Packard Enterprise,Compute,-2.21,-0.38,-1.83,Laggard,11
2026-05-07,U,Unity Software,Application,-2.02,-0.38,-1.64,Laggard,12
2026-05-07,GFS,GlobalFoundries,Compute,-1.89,-0.38,-1.51,Laggard,13
2026-05-07,ASML,ASML,Compute,-1.82,-0.38,-1.44,Laggard,14
2026-05-07,AMZN,Amazon,Platform,-1.39,-0.38,-1.01,Laggard,15
2026-05-07,TSM,TSMC,Compute,-1.28,-0.38,-0.9,Laggard,16
2026-05-06,SMCI,Super Micro Computer,Compute,24.54,1.46,23.08,Leader,1
2026-05-06,AMD,AMD,Compute,18.61,1.46,17.16,Leader,2
2026-05-06,DELL,Dell Technologies,Compute,10.39,1.46,8.93,Leader,3
2026-05-06,ASML,ASML,Compute,7.06,1.46,5.6,Leader,4
2026-05-06,TSM,TSMC,Compute,6.36,1.46,4.9,Leader,5
2026-05-06,NVDA,NVIDIA,Compute,5.77,1.46,4.31,Leader,6
2026-05-06,ORCL,Oracle,Platform,4.68,1.46,3.22,Leader,7
2026-05-06,INTC,Intel,Compute,4.49,1.46,3.03,Leader,8
2026-05-06,MU,Micron,Compute,4.12,1.46,2.66,Leader,9
2026-05-06,AKAM,Akamai Technologies,Platform,3.43,1.46,1.98,Leader,10
2026-05-06,QCOM,Qualcomm,Compute,3.23,1.46,1.77,Leader,11
2026-05-06,ON,ON Semiconductor,Compute,3.02,1.46,1.56,Leader,12
2026-05-06,GOOGL,Alphabet,Platform,2.47,1.46,1.02,Leader,13
2026-05-06,MRVL,Marvell Technology,Compute,2.01,1.46,0.56,Leader,14
2026-05-06,NET,Cloudflare,Platform,1.7,1.46,0.24,Leader,15
2026-05-06,ANET,Arista Networks,Compute,-13.61,1.46,-15.06,Laggard,1
2026-05-06,WDAY,Workday,Application,-4.85,1.46,-6.31,Laggard,2
2026-05-06,HUBS,HubSpot,Application,-4.44,1.46,-5.9,Laggard,3
2026-05-06,TEAM,Atlassian,Platform,-3.84,1.46,-5.3,Laggard,4
2026-05-06,DOCU,DocuSign,Application,-3.82,1.46,-5.28,Laggard,5
2026-05-06,ZM,Zoom,Application,-3.64,1.46,-5.1,Laggard,6
2026-05-06,NOW,ServiceNow,Platform,-3.22,1.46,-4.68,Laggard,7
2026-05-06,CRM,Salesforce,Application,-3.1,1.46,-4.56,Laggard,8
2026-05-06,ADSK,Autodesk,Application,-2.55,1.46,-4.0,Laggard,9
2026-05-06,INTU,Intuit,Application,-2.45,1.46,-3.91,Laggard,10
2026-05-06,GFS,GlobalFoundries,Compute,-2.35,1.46,-3.81,Laggard,11
2026-05-06,GTLB,GitLab,Platform,-2.21,1.46,-3.67,Laggard,12
2026-05-06,TWLO,Twilio,Platform,-2.14,1.46,-3.6,Laggard,13
2026-05-06,ADBE,Adobe,Application,-2.13,1.46,-3.59,Laggard,14
2026-05-06,ESTC,Elastic,Platform,-2.07,1.46,-3.53,Laggard,15
2026-05-06,SHOP,Shopify,Application,-2.03,1.46,-3.49,Laggard,16
2026-05-06,PATH,UiPath,Application,-1.87,1.46,-3.33,Laggard,17
2026-05-06,ZS,Zscaler,Application,-1.79,1.46,-3.25,Laggard,18
2026-05-06,CRWD,CrowdStrike,Application,-1.78,1.46,-3.23,Laggard,19
2026-05-06,PLTR,Palantir,Platform,-1.56,1.46,-3.02,Laggard,20
2026-05-06,IBM,IBM,Platform,-1.44,1.46,-2.9,Laggard,21
2026-05-06,SNOW,Snowflake,Platform,-1.39,1.46,-2.85,Laggard,22
2026-05-06,DDOG,Datadog,Platform,-1.39,1.46,-2.84,Laggard,23
2026-05-06,MDB,MongoDB,Platform,-0.53,1.46,-1.99,Laggard,24
2026-05-06,AVGO,Broadcom,Compute,-0.45,1.46,-1.91,Laggard,25
2026-05-06,OKTA,Okta,Platform,-0.4,1.46,-1.86,Laggard,26
2026-05-06,U,Unity Software,Application,-0.22,1.46,-1.68,Laggard,27
2026-05-06,CDNS,Cadence Design Systems,Compute,0.36,1.46,-1.1,Laggard,28
2026-05-06,SNPS,Synopsys,Compute,0.38,1.46,-1.08,Laggard,29
2026-05-06,AMZN,Amazon,Platform,0.53,1.46,-0.93,Laggard,30
2026-05-06,MSFT,Microsoft,Platform,0.63,1.46,-0.83,Laggard,31
2026-05-06,DUOL,Duolingo,Application,0.95,1.46,-0.51,Laggard,32
2026-05-06,HPE,Hewlett Packard Enterprise,Compute,1.1,1.46,-0.36,Laggard,33
2026-05-06,META,Meta,Platform,1.31,1.46,-0.15,Laggard,34
2026-05-05,INTC,Intel,Compute,12.92,0.81,12.1,Leader,1
2026-05-05,AKAM,Akamai Technologies,Platform,11.5,0.81,10.68,Leader,2
2026-05-05,MU,Micron,Compute,11.06,0.81,10.25,Leader,3
2026-05-05,QCOM,Qualcomm,Compute,10.79,0.81,9.98,Leader,4
2026-05-05,GFS,GlobalFoundries,Compute,9.28,0.81,8.47,Leader,5
2026-05-05,NET,Cloudflare,Platform,9.04,0.81,8.23,Leader,6
2026-05-05,HPE,Hewlett Packard Enterprise,Compute,4.63,0.81,3.82,Leader,7
2026-05-05,ASML,ASML,Compute,4.09,0.81,3.28,Leader,8
2026-05-05,AMD,AMD,Compute,4.02,0.81,3.21,Leader,9
2026-05-05,TWLO,Twilio,Platform,3.12,0.81,2.3,Leader,10
2026-05-05,MRVL,Marvell Technology,Compute,3.11,0.81,2.3,Leader,11
2026-05-05,ORCL,Oracle,Platform,2.81,0.81,1.99,Leader,12
2026-05-05,AVGO,Broadcom,Compute,2.61,0.81,1.8,Leader,13
2026-05-05,ZM,Zoom,Application,2.32,0.81,1.5,Leader,14
2026-05-05,DELL,Dell Technologies,Compute,2.21,0.81,1.4,Leader,15
2026-05-05,CRWD,CrowdStrike,Application,1.55,0.81,0.74,Leader,16
2026-05-05,GOOGL,Alphabet,Platform,1.35,0.81,0.54,Leader,17
2026-05-05,CDNS,Cadence Design Systems,Compute,1.18,0.81,0.37,Leader,18
2026-05-05,GTLB,GitLab,Platform,1.02,0.81,0.2,Leader,19
2026-05-05,SNPS,Synopsys,Compute,1.01,0.81,0.2,Leader,20
2026-05-05,SHOP,Shopify,Application,-15.62,0.81,-16.43,Laggard,1
2026-05-05,PLTR,Palantir,Platform,-6.93,0.81,-7.74,Laggard,2
2026-05-05,DUOL,Duolingo,Application,-5.62,0.81,-6.44,Laggard,3
2026-05-05,INTU,Intuit,Application,-2.13,0.81,-2.94,Laggard,4
2026-05-05,TSM,TSMC,Compute,-1.79,0.81,-2.6,Laggard,5
2026-05-05,SNOW,Snowflake,Platform,-1.73,0.81,-2.55,Laggard,6
2026-05-05,ANET,Arista Networks,Compute,-1.39,0.81,-2.2,Laggard,7
2026-05-05,U,Unity Software,Application,-1.37,0.81,-2.18,Laggard,8
2026-05-05,PATH,UiPath,Application,-1.2,0.81,-2.01,Laggard,9
2026-05-05,ESTC,Elastic,Platform,-1.01,0.81,-1.82,Laggard,10
2026-05-05,NVDA,NVIDIA,Compute,-1.0,0.81,-1.81,Laggard,11
2026-05-05,META,Meta,Platform,-0.89,0.81,-1.7,Laggard,12
2026-05-05,TEAM,Atlassian,Platform,-0.87,0.81,-1.68,Laggard,13
2026-05-05,DDOG,Datadog,Platform,-0.65,0.81,-1.47,Laggard,14
2026-05-05,ZS,Zscaler,Application,-0.59,0.81,-1.4,Laggard,15
2026-05-05,HUBS,HubSpot,Application,-0.55,0.81,-1.36,Laggard,16
2026-05-05,MSFT,Microsoft,Platform,-0.54,0.81,-1.35,Laggard,17
2026-05-05,SMCI,Super Micro Computer,Compute,-0.32,0.81,-1.13,Laggard,18
2026-05-05,IBM,IBM,Platform,-0.2,0.81,-1.01,Laggard,19
2026-05-05,DOCU,DocuSign,Application,-0.14,0.81,-0.96,Laggard,20
2026-05-05,NOW,ServiceNow,Platform,0.04,0.81,-0.77,Laggard,21
2026-05-05,AMZN,Amazon,Platform,0.55,0.81,-0.26,Laggard,22
2026-05-05,ON,ON Semiconductor,Compute,0.62,0.81,-0.19,Laggard,23
2026-05-05,ADBE,Adobe,Application,0.65,0.81,-0.16,Laggard,24
2026-05-05,OKTA,Okta,Platform,0.66,0.81,-0.15,Laggard,25
2026-05-05,MDB,MongoDB,Platform,0.75,0.81,-0.06,Laggard,26
2026-05-05,ADSK,Autodesk,Application,0.76,0.81,-0.05,Laggard,27
2026-05-05,WDAY,Workday,Application,0.77,0.81,-0.04,Laggard,28
2026-05-05,CRM,Salesforce,Application,0.81,0.81,0.0,Laggard,29
2026-05-04,MU,Micron,Compute,6.31,-0.41,6.72,Leader,1
2026-05-04,ORCL,Oracle,Platform,4.92,-0.41,5.33,Leader,2
2026-05-04,TEAM,Atlassian,Platform,4.82,-0.41,5.22,Leader,3
2026-05-04,DDOG,Datadog,Platform,4.38,-0.41,4.79,Leader,4
2026-05-04,GFS,GlobalFoundries,Compute,4.38,-0.41,4.78,Leader,5
2026-05-04,ESTC,Elastic,Platform,4.22,-0.41,4.62,Leader,6
2026-05-04,TWLO,Twilio,Platform,3.45,-0.41,3.86,Leader,7
2026-05-04,HUBS,HubSpot,Application,3.14,-0.41,3.55,Leader,8
2026-05-04,ZM,Zoom,Application,3.08,-0.41,3.49,Leader,9
2026-05-04,SMCI,Super Micro Computer,Compute,3.06,-0.41,3.47,Leader,10
2026-05-04,NET,Cloudflare,Platform,3.07,-0.41,3.47,Leader,11
2026-05-04,CRWD,CrowdStrike,Application,2.98,-0.41,3.39,Leader,12
2026-05-04,CDNS,Cadence Design Systems,Compute,2.51,-0.41,2.92,Leader,13
2026-05-04,SNOW,Snowflake,Platform,2.28,-0.41,2.68,Leader,14
2026-05-04,GTLB,GitLab,Platform,2.25,-0.41,2.65,Leader,15
2026-05-04,U,Unity Software,Application,2.17,-0.41,2.58,Leader,16
2026-05-04,INTU,Intuit,Application,1.99,-0.41,2.4,Leader,17
2026-05-04,OKTA,Okta,Platform,1.93,-0.41,2.33,Leader,18
2026-05-04,AKAM,Akamai Technologies,Platform,1.84,-0.41,2.25,Leader,19
2026-05-04,SNPS,Synopsys,Compute,1.73,-0.41,2.14,Leader,20
2026-05-04,ZS,Zscaler,Application,1.71,-0.41,2.12,Leader,21
2026-05-04,PATH,UiPath,Application,1.5,-0.41,1.91,Leader,22
2026-05-04,AMZN,Amazon,Platform,1.41,-0.41,1.82,Leader,23
2026-05-04,PLTR,Palantir,Platform,1.36,-0.41,1.77,Leader,24
2026-05-04,ADSK,Autodesk,Application,1.31,-0.41,1.71,Leader,25
2026-05-04,ADBE,Adobe,Application,1.3,-0.41,1.7,Leader,26
2026-05-04,DOCU,DocuSign,Application,1.02,-0.41,1.43,Leader,27
2026-05-04,TSM,TSMC,Compute,0.99,-0.41,1.4,Leader,28
2026-05-04,CRM,Salesforce,Application,0.9,-0.41,1.31,Leader,29
2026-05-04,NOW,ServiceNow,Platform,0.89,-0.41,1.29,Leader,30
2026-05-04,WDAY,Workday,Application,0.73,-0.41,1.14,Leader,31
2026-05-04,DELL,Dell Technologies,Compute,0.7,-0.41,1.11,Leader,32
2026-05-04,HPE,Hewlett Packard Enterprise,Compute,0.49,-0.41,0.9,Leader,33
2026-05-04,MDB,MongoDB,Platform,0.47,-0.41,0.87,Leader,34
2026-05-04,META,Meta,Platform,0.27,-0.41,0.68,Leader,35
2026-05-04,NVDA,NVIDIA,Compute,0.02,-0.41,0.42,Leader,36
2026-05-04,ANET,Arista Networks,Compute,-0.05,-0.41,0.36,Leader,37
2026-05-04,SHOP,Shopify,Application,-0.09,-0.41,0.31,Leader,38
2026-05-04,MSFT,Microsoft,Platform,-0.2,-0.41,0.21,Leader,39
2026-05-04,AMD,AMD,Compute,-5.27,-0.41,-4.86,Laggard,1
2026-05-04,QCOM,Qualcomm,Compute,-4.88,-0.41,-4.47,Laggard,2
2026-05-04,INTC,Intel,Compute,-3.85,-0.41,-3.45,Laggard,3
2026-05-04,ASML,ASML,Compute,-2.86,-0.41,-2.45,Laggard,4
2026-05-04,IBM,IBM,Platform,-1.17,-0.41,-0.77,Laggard,5
2026-05-04,AVGO,Broadcom,Compute,-1.13,-0.41,-0.73,Laggard,6
2026-05-04,ON,ON Semiconductor,Compute,-0.96,-0.41,-0.55,Laggard,7
2026-05-04,DUOL,Duolingo,Application,-0.92,-0.41,-0.51,Laggard,8
2026-05-04,MRVL,Marvell Technology,Compute,-0.78,-0.41,-0.38,Laggard,9
2026-05-04,GOOGL,Alphabet,Platform,-0.63,-0.41,-0.23,Laggard,10
2026-05-01,TEAM,Atlassian,Platform,29.58,0.29,29.29,Leader,1
2026-05-01,TWLO,Twilio,Platform,23.83,0.29,23.54,Leader,2
2026-05-01,GTLB,GitLab,Platform,8.63,0.29,8.33,Leader,3
2026-05-01,HUBS,HubSpot,Application,8.18,0.29,7.88,Leader,4
2026-05-01,ZS,Zscaler,Application,6.99,0.29,6.69,Leader,5
2026-05-01,ZM,Zoom,Application,6.47,0.29,6.18,Leader,6
2026-05-01,ORCL,Oracle,Platform,6.47,0.29,6.18,Leader,7
2026-05-01,DDOG,Datadog,Platform,6.31,0.29,6.02,Leader,8
2026-05-01,NET,Cloudflare,Platform,6.11,0.29,5.82,Leader,9
2026-05-01,INTC,Intel,Compute,5.44,0.29,5.15,Leader,10
2026-05-01,SHOP,Shopify,Application,5.4,0.29,5.11,Leader,11
2026-05-01,MDB,MongoDB,Platform,5.04,0.29,4.74,Leader,12
2026-05-01,MU,Micron,Compute,4.84,0.29,4.55,Leader,13
2026-05-01,ESTC,Elastic,Platform,4.7,0.29,4.4,Leader,14
2026-05-01,DOCU,DocuSign,Application,4.28,0.29,3.99,Leader,15
2026-05-01,CRM,Salesforce,Application,4.13,0.29,3.84,Leader,16
2026-05-01,WDAY,Workday,Application,3.73,0.29,3.43,Leader,17
2026-05-01,PATH,UiPath,Application,3.59,0.29,3.3,Leader,18
2026-05-01,PLTR,Palantir,Platform,3.57,0.29,3.27,Leader,19
2026-05-01,CDNS,Cadence Design Systems,Compute,3.44,0.29,3.15,Leader,20
2026-05-01,SNOW,Snowflake,Platform,3.32,0.29,3.03,Leader,21
2026-05-01,NOW,ServiceNow,Platform,3.23,0.29,2.93,Leader,22
2026-05-01,ADSK,Autodesk,Application,3.1,0.29,2.81,Leader,23
2026-05-01,OKTA,Okta,Platform,2.89,0.29,2.6,Leader,24
2026-05-01,INTU,Intuit,Application,2.71,0.29,2.42,Leader,25
2026-05-01,U,Unity Software,Application,2.69,0.29,2.39,Leader,26
2026-05-01,CRWD,CrowdStrike,Application,2.22,0.29,1.93,Leader,27
2026-05-01,ON,ON Semiconductor,Compute,2.2,0.29,1.91,Leader,28
2026-05-01,ADBE,Adobe,Application,1.87,0.29,1.58,Leader,29
2026-05-01,AMD,AMD,Compute,1.71,0.29,1.41,Leader,30
2026-05-01,MSFT,Microsoft,Platform,1.63,0.29,1.34,Leader,31
2026-05-01,SNPS,Synopsys,Compute,1.33,0.29,1.04,Leader,32
2026-05-01,AMZN,Amazon,Platform,1.21,0.29,0.91,Leader,33
2026-05-01,DUOL,Duolingo,Application,1.04,0.29,0.75,Leader,34
2026-05-01,AVGO,Broadcom,Compute,0.92,0.29,0.63,Leader,35
2026-05-01,AKAM,Akamai Technologies,Platform,0.86,0.29,0.57,Leader,36
2026-05-01,DELL,Dell Technologies,Compute,0.58,0.29,0.29,Leader,37
2026-05-01,IBM,IBM,Platform,0.53,0.29,0.24,Leader,38
2026-05-01,GFS,GlobalFoundries,Compute,0.48,0.29,0.19,Leader,39
2026-05-01,TSM,TSMC,Compute,0.41,0.29,0.11,Leader,40
2026-05-01,QCOM,Qualcomm,Compute,-1.43,0.29,-1.72,Laggard,1
2026-05-01,SMCI,Super Micro Computer,Compute,-1.13,0.29,-1.42,Laggard,2
2026-05-01,ASML,ASML,Compute,-0.83,0.29,-1.12,Laggard,3
2026-05-01,HPE,Hewlett Packard Enterprise,Compute,-0.7,0.29,-0.99,Laggard,4
2026-05-01,NVDA,NVIDIA,Compute,-0.56,0.29,-0.85,Laggard,5
2026-05-01,META,Meta,Platform,-0.52,0.29,-0.81,Laggard,6
2026-05-01,MRVL,Marvell Technology,Compute,-0.12,0.29,-0.41,Laggard,7
2026-05-01,ANET,Arista Networks,Compute,-0.01,0.29,-0.3,Laggard,8
2026-05-01,GOOGL,Alphabet,Platform,0.23,0.29,-0.06,Laggard,9
2026-04-30,QCOM,Qualcomm,Compute,15.12,1.02,14.09,Leader,1
2026-04-30,GOOGL,Alphabet,Platform,9.96,1.02,8.94,Leader,2
2026-04-30,MRVL,Marvell Technology,Compute,5.48,1.02,4.46,Leader,3
2026-04-30,AMD,AMD,Compute,5.16,1.02,4.13,Leader,4
2026-04-30,TWLO,Twilio,Platform,5.07,1.02,4.05,Leader,5
2026-04-30,SMCI,Super Micro Computer,Compute,4.1,1.02,3.08,Leader,6
2026-04-30,ASML,ASML,Compute,3.22,1.02,2.2,Leader,7
2026-04-30,AKAM,Akamai Technologies,Platform,3.19,1.02,2.16,Leader,8
2026-04-30,DUOL,Duolingo,Application,3.07,1.02,2.05,Leader,9
2026-04-30,GFS,GlobalFoundries,Compute,2.96,1.02,1.94,Leader,10
2026-04-30,AVGO,Broadcom,Compute,2.95,1.02,1.93,Leader,11
2026-04-30,ANET,Arista Networks,Compute,2.39,1.02,1.37,Leader,12
2026-04-30,ON,ON Semiconductor,Compute,1.97,1.02,0.95,Leader,13
2026-04-30,IBM,IBM,Platform,1.71,1.02,0.68,Leader,14
2026-04-30,HPE,Hewlett Packard Enterprise,Compute,1.66,1.02,0.64,Leader,15
2026-04-30,DELL,Dell Technologies,Compute,1.6,1.02,0.58,Leader,16
2026-04-30,ZM,Zoom,Application,1.45,1.02,0.43,Leader,17
2026-04-30,U,Unity Software,Application,1.19,1.02,0.16,Leader,18
2026-04-30,GTLB,GitLab,Platform,1.05,1.02,0.03,Leader,19
2026-04-30,ADBE,Adobe,Application,1.04,1.02,0.01,Leader,20
2026-04-30,META,Meta,Platform,-8.55,1.02,-9.57,Laggard,1
2026-04-30,NVDA,NVIDIA,Compute,-4.63,1.02,-5.65,Laggard,2
2026-04-30,MSFT,Microsoft,Platform,-3.93,1.02,-4.95,Laggard,3
2026-04-30,SNOW,Snowflake,Platform,-3.36,1.02,-4.39,Laggard,4
2026-04-30,NET,Cloudflare,Platform,-3.3,1.02,-4.33,Laggard,5
2026-04-30,OKTA,Okta,Platform,-3.3,1.02,-4.32,Laggard,6
2026-04-30,ZS,Zscaler,Application,-3.01,1.02,-4.03,Laggard,7
2026-04-30,MDB,MongoDB,Platform,-2.89,1.02,-3.91,Laggard,8
2026-04-30,TEAM,Atlassian,Platform,-2.7,1.02,-3.72,Laggard,9
2026-04-30,CRM,Salesforce,Application,-2.59,1.02,-3.61,Laggard,10
2026-04-30,HUBS,HubSpot,Application,-2.42,1.02,-3.44,Laggard,11
2026-04-30,ESTC,Elastic,Platform,-2.05,1.02,-3.07,Laggard,12
2026-04-30,DOCU,DocuSign,Application,-1.98,1.02,-3.01,Laggard,13
2026-04-30,INTU,Intuit,Application,-1.67,1.02,-2.69,Laggard,14
2026-04-30,ORCL,Oracle,Platform,-1.49,1.02,-2.51,Laggard,15
2026-04-30,CRWD,CrowdStrike,Application,-1.47,1.02,-2.49,Laggard,16
2026-04-30,DDOG,Datadog,Platform,-1.34,1.02,-2.36,Laggard,17
2026-04-30,PATH,UiPath,Application,-0.77,1.02,-1.79,Laggard,18
2026-04-30,NOW,ServiceNow,Platform,-0.65,1.02,-1.68,Laggard,19
2026-04-30,INTC,Intel,Compute,-0.28,1.02,-1.31,Laggard,20
2026-04-30,MU,Micron,Compute,-0.25,1.02,-1.27,Laggard,21
2026-04-30,CDNS,Cadence Design Systems,Compute,-0.11,1.02,-1.13,Laggard,22
2026-04-30,SHOP,Shopify,Application,-0.11,1.02,-1.13,Laggard,23
2026-04-30,WDAY,Workday,Application,-0.02,1.02,-1.05,Laggard,24
2026-04-30,SNPS,Synopsys,Compute,0.29,1.02,-0.74,Laggard,25
2026-04-30,ADSK,Autodesk,Application,0.48,1.02,-0.54,Laggard,26
2026-04-30,TSM,TSMC,Compute,0.57,1.02,-0.46,Laggard,27
2026-04-30,AMZN,Amazon,Platform,0.77,1.02,-0.26,Laggard,28
2026-04-30,PLTR,Palantir,Platform,0.83,1.02,-0.2,Laggard,29
2026-04-29,INTC,Intel,Compute,12.1,-0.04,12.14,Leader,1
2026-04-29,ON,ON Semiconductor,Compute,5.96,-0.04,6.0,Leader,2
2026-04-29,GFS,GlobalFoundries,Compute,5.46,-0.04,5.5,Leader,3
2026-04-29,ZM,Zoom,Application,5.07,-0.04,5.11,Leader,4
2026-04-29,AKAM,Akamai Technologies,Platform,4.58,-0.04,4.62,Leader,5
2026-04-29,AMD,AMD,Compute,4.3,-0.04,4.34,Leader,6
2026-04-29,QCOM,Qualcomm,Compute,4.0,-0.04,4.04,Leader,7
2026-04-29,MU,Micron,Compute,2.81,-0.04,2.85,Leader,8
2026-04-29,DOCU,DocuSign,Application,2.49,-0.04,2.53,Leader,9
2026-04-29,MRVL,Marvell Technology,Compute,2.18,-0.04,2.22,Leader,10
2026-04-29,ANET,Arista Networks,Compute,2.05,-0.04,2.09,Leader,11
2026-04-29,DDOG,Datadog,Platform,1.85,-0.04,1.89,Leader,12
2026-04-29,NET,Cloudflare,Platform,1.66,-0.04,1.7,Leader,13
2026-04-29,CDNS,Cadence Design Systems,Compute,1.43,-0.04,1.47,Leader,14
2026-04-29,AVGO,Broadcom,Compute,1.41,-0.04,1.45,Leader,15
2026-04-29,AMZN,Amazon,Platform,1.29,-0.04,1.33,Leader,16
2026-04-29,HPE,Hewlett Packard Enterprise,Compute,1.25,-0.04,1.29,Leader,17
2026-04-29,TEAM,Atlassian,Platform,1.12,-0.04,1.16,Leader,18
2026-04-29,WDAY,Workday,Application,1.03,-0.04,1.07,Leader,19
2026-04-29,ASML,ASML,Compute,0.69,-0.04,0.73,Leader,20
2026-04-29,HUBS,HubSpot,Application,0.57,-0.04,0.61,Leader,21
2026-04-29,DUOL,Duolingo,Application,0.55,-0.04,0.59,Leader,22
2026-04-29,ADSK,Autodesk,Application,0.43,-0.04,0.47,Leader,23
2026-04-29,TSM,TSMC,Compute,0.38,-0.04,0.42,Leader,24
2026-04-29,ADBE,Adobe,Application,0.15,-0.04,0.19,Leader,25
2026-04-29,GOOGL,Alphabet,Platform,0.05,-0.04,0.09,Leader,26
2026-04-29,MDB,MongoDB,Platform,0.03,-0.04,0.07,Leader,27
2026-04-29,SMCI,Super Micro Computer,Compute,-3.41,-0.04,-3.37,Laggard,1
2026-04-29,IBM,IBM,Platform,-2.55,-0.04,-2.51,Laggard,2
2026-04-29,GTLB,GitLab,Platform,-2.36,-0.04,-2.32,Laggard,3
2026-04-29,PLTR,Palantir,Platform,-2.27,-0.04,-2.23,Laggard,4
2026-04-29,NVDA,NVIDIA,Compute,-1.84,-0.04,-1.8,Laggard,5
2026-04-29,NOW,ServiceNow,Platform,-1.77,-0.04,-1.73,Laggard,6
2026-04-29,PATH,UiPath,Application,-1.7,-0.04,-1.66,Laggard,7
2026-04-29,U,Unity Software,Application,-1.62,-0.04,-1.58,Laggard,8
2026-04-29,INTU,Intuit,Application,-1.32,-0.04,-1.28,Laggard,9
2026-04-29,ORCL,Oracle,Platform,-1.28,-0.04,-1.24,Laggard,10
2026-04-29,MSFT,Microsoft,Platform,-1.12,-0.04,-1.08,Laggard,11
2026-04-29,ZS,Zscaler,Application,-0.98,-0.04,-0.94,Laggard,12
2026-04-29,SNOW,Snowflake,Platform,-0.94,-0.04,-0.9,Laggard,13
2026-04-29,TWLO,Twilio,Platform,-0.88,-0.04,-0.84,Laggard,14
2026-04-29,SHOP,Shopify,Application,-0.65,-0.04,-0.61,Laggard,15
2026-04-29,CRWD,CrowdStrike,Application,-0.57,-0.04,-0.53,Laggard,16
2026-04-29,SNPS,Synopsys,Compute,-0.55,-0.04,-0.51,Laggard,17
2026-04-29,META,Meta,Platform,-0.33,-0.04,-0.29,Laggard,18
2026-04-29,DELL,Dell Technologies,Compute,-0.13,-0.04,-0.09,Laggard,19
2026-04-29,ESTC,Elastic,Platform,-0.11,-0.04,-0.07,Laggard,20
2026-04-29,CRM,Salesforce,Application,-0.06,-0.04,-0.02,Laggard,21
2026-04-29,OKTA,Okta,Platform,-0.05,-0.04,-0.01,Laggard,22
2026-04-28,GTLB,GitLab,Platform,4.62,-0.49,5.1,Leader,1
2026-04-28,DUOL,Duolingo,Application,2.85,-0.49,3.34,Leader,2
2026-04-28,WDAY,Workday,Application,2.84,-0.49,3.33,Leader,3
2026-04-28,INTU,Intuit,Application,2.68,-0.49,3.17,Leader,4
2026-04-28,IBM,IBM,Platform,2.19,-0.49,2.68,Leader,5
2026-04-28,ADBE,Adobe,Application,1.63,-0.49,2.11,Leader,6
2026-04-28,ZS,Zscaler,Application,1.46,-0.49,1.95,Leader,7
2026-04-28,MSFT,Microsoft,Platform,1.04,-0.49,1.53,Leader,8
2026-04-28,PATH,UiPath,Application,0.96,-0.49,1.45,Leader,9
2026-04-28,TEAM,Atlassian,Platform,0.71,-0.49,1.2,Leader,10
2026-04-28,CRM,Salesforce,Application,0.63,-0.49,1.12,Leader,11
2026-04-28,HUBS,HubSpot,Application,0.4,-0.49,0.89,Leader,12
2026-04-28,ZM,Zoom,Application,0.34,-0.49,0.83,Leader,13
2026-04-28,DOCU,DocuSign,Application,0.26,-0.49,0.75,Leader,14
2026-04-28,OKTA,Okta,Platform,0.08,-0.49,0.57,Leader,15
2026-04-28,CRWD,CrowdStrike,Application,0.08,-0.49,0.57,Leader,16
2026-04-28,NOW,ServiceNow,Platform,0.04,-0.49,0.53,Leader,17
2026-04-28,ADSK,Autodesk,Application,-0.08,-0.49,0.41,Leader,18
2026-04-28,GOOGL,Alphabet,Platform,-0.16,-0.49,0.33,Leader,19
2026-04-28,QCOM,Qualcomm,Compute,-0.17,-0.49,0.32,Leader,20
2026-04-28,TWLO,Twilio,Platform,-0.3,-0.49,0.19,Leader,21
2026-04-28,U,Unity Software,Application,-0.38,-0.49,0.11,Leader,22
2026-04-28,ON,ON Semiconductor,Compute,-4.83,-0.49,-4.35,Laggard,1
2026-04-28,DELL,Dell Technologies,Compute,-4.65,-0.49,-4.16,Laggard,2
2026-04-28,AVGO,Broadcom,Compute,-4.39,-0.49,-3.9,Laggard,3
2026-04-28,ANET,Arista Networks,Compute,-4.16,-0.49,-3.67,Laggard,4
2026-04-28,ORCL,Oracle,Platform,-4.05,-0.49,-3.56,Laggard,5
2026-04-28,MU,Micron,Compute,-3.86,-0.49,-3.37,Laggard,6
2026-04-28,AMD,AMD,Compute,-3.41,-0.49,-2.92,Laggard,7
2026-04-28,ASML,ASML,Compute,-3.34,-0.49,-2.85,Laggard,8
2026-04-28,CDNS,Cadence Design Systems,Compute,-3.34,-0.49,-2.85,Laggard,9
2026-04-28,MRVL,Marvell Technology,Compute,-3.15,-0.49,-2.66,Laggard,10
2026-04-28,TSM,TSMC,Compute,-3.12,-0.49,-2.63,Laggard,11
2026-04-28,SNPS,Synopsys,Compute,-2.94,-0.49,-2.45,Laggard,12
2026-04-28,MDB,MongoDB,Platform,-2.34,-0.49,-1.85,Laggard,13
2026-04-28,HPE,Hewlett Packard Enterprise,Compute,-2.34,-0.49,-1.85,Laggard,14
2026-04-28,SMCI,Super Micro Computer,Compute,-2.15,-0.49,-1.66,Laggard,15
2026-04-28,NET,Cloudflare,Platform,-1.82,-0.49,-1.33,Laggard,16
2026-04-28,SHOP,Shopify,Application,-1.75,-0.49,-1.27,Laggard,17
2026-04-28,NVDA,NVIDIA,Compute,-1.59,-0.49,-1.1,Laggard,18
2026-04-28,GFS,GlobalFoundries,Compute,-1.43,-0.49,-0.94,Laggard,19
2026-04-28,PLTR,Palantir,Platform,-1.34,-0.49,-0.85,Laggard,20
2026-04-28,SNOW,Snowflake,Platform,-1.17,-0.49,-0.68,Laggard,21
2026-04-28,META,Meta,Platform,-1.07,-0.49,-0.58,Laggard,22
2026-04-28,DDOG,Datadog,Platform,-0.84,-0.49,-0.35,Laggard,23
2026-04-28,ESTC,Elastic,Platform,-0.79,-0.49,-0.31,Laggard,24
2026-04-28,INTC,Intel,Compute,-0.55,-0.49,-0.06,Laggard,25
2026-04-28,AMZN,Amazon,Platform,-0.54,-0.49,-0.05,Laggard,26
2026-04-28,AKAM,Akamai Technologies,Platform,-0.52,-0.49,-0.03,Laggard,27
2026-04-27,MU,Micron,Compute,5.6,0.12,5.48,Leader,1
2026-04-27,MDB,MongoDB,Platform,4.25,0.12,4.13,Leader,2
2026-04-27,NVDA,NVIDIA,Compute,4.0,0.12,3.88,Leader,3
2026-04-27,ESTC,Elastic,Platform,3.08,0.12,2.96,Leader,4
2026-04-27,INTC,Intel,Compute,2.97,0.12,2.85,Leader,5
2026-04-27,SNOW,Snowflake,Platform,2.8,0.12,2.68,Leader,6
2026-04-27,NET,Cloudflare,Platform,2.55,0.12,2.43,Leader,7
2026-04-27,DDOG,Datadog,Platform,2.46,0.12,2.33,Leader,8
2026-04-27,U,Unity Software,Application,2.42,0.12,2.3,Leader,9
2026-04-27,GOOGL,Alphabet,Platform,1.72,0.12,1.6,Leader,10
2026-04-27,HPE,Hewlett Packard Enterprise,Compute,1.63,0.12,1.51,Leader,11
2026-04-27,CRWD,CrowdStrike,Application,1.45,0.12,1.32,Leader,12
2026-04-27,CRM,Salesforce,Application,1.13,0.12,1.01,Leader,13
2026-04-27,CDNS,Cadence Design Systems,Compute,1.1,0.12,0.97,Leader,14
2026-04-27,QCOM,Qualcomm,Compute,0.95,0.12,0.82,Leader,15
2026-04-27,PATH,UiPath,Application,0.87,0.12,0.74,Leader,16
2026-04-27,HUBS,HubSpot,Application,0.78,0.12,0.66,Leader,17
2026-04-27,AKAM,Akamai Technologies,Platform,0.71,0.12,0.59,Leader,18
2026-04-27,TSM,TSMC,Compute,0.63,0.12,0.5,Leader,19
2026-04-27,META,Meta,Platform,0.53,0.12,0.41,Leader,20
2026-04-27,NOW,ServiceNow,Platform,0.31,0.12,0.19,Leader,21
2026-04-27,OKTA,Okta,Platform,0.21,0.12,0.09,Leader,22
2026-04-27,SMCI,Super Micro Computer,Compute,-4.23,0.12,-4.35,Laggard,1
2026-04-27,AMD,AMD,Compute,-3.79,0.12,-3.91,Laggard,2
2026-04-27,MRVL,Marvell Technology,Compute,-3.71,0.12,-3.84,Laggard,3
2026-04-27,TEAM,Atlassian,Platform,-3.26,0.12,-3.38,Laggard,4
2026-04-27,ANET,Arista Networks,Compute,-2.51,0.12,-2.63,Laggard,5
2026-04-27,ADBE,Adobe,Application,-2.5,0.12,-2.62,Laggard,6
2026-04-27,GFS,GlobalFoundries,Compute,-2.33,0.12,-2.45,Laggard,7
2026-04-27,ASML,ASML,Compute,-1.73,0.12,-1.86,Laggard,8
2026-04-27,IBM,IBM,Platform,-1.69,0.12,-1.82,Laggard,9
2026-04-27,WDAY,Workday,Application,-1.61,0.12,-1.73,Laggard,10
2026-04-27,INTU,Intuit,Application,-1.52,0.12,-1.65,Laggard,11
2026-04-27,ZM,Zoom,Application,-1.3,0.12,-1.43,Laggard,12
2026-04-27,SHOP,Shopify,Application,-1.27,0.12,-1.39,Laggard,13
2026-04-27,DOCU,DocuSign,Application,-1.21,0.12,-1.33,Laggard,14
2026-04-27,AMZN,Amazon,Platform,-1.09,0.12,-1.21,Laggard,15
2026-04-27,AVGO,Broadcom,Compute,-1.08,0.12,-1.2,Laggard,16
2026-04-27,ZS,Zscaler,Application,-1.03,0.12,-1.15,Laggard,17
2026-04-27,ADSK,Autodesk,Application,-1.01,0.12,-1.14,Laggard,18
2026-04-27,TWLO,Twilio,Platform,-0.83,0.12,-0.96,Laggard,19
2026-04-27,SNPS,Synopsys,Compute,-0.46,0.12,-0.58,Laggard,20
2026-04-27,ON,ON Semiconductor,Compute,-0.37,0.12,-0.49,Laggard,21
2026-04-27,GTLB,GitLab,Platform,-0.28,0.12,-0.4,Laggard,22
2026-04-27,ORCL,Oracle,Platform,-0.18,0.12,-0.31,Laggard,23
2026-04-27,DUOL,Duolingo,Application,-0.14,0.12,-0.27,Laggard,24
2026-04-27,DELL,Dell Technologies,Compute,-0.06,0.12,-0.18,Laggard,25
2026-04-27,PLTR,Palantir,Platform,0.01,0.12,-0.12,Laggard,26
2026-04-27,MSFT,Microsoft,Platform,0.05,0.12,-0.08,Laggard,27
2026-04-24,INTC,Intel,Compute,23.6,0.8,22.8,Leader,1
2026-04-24,AMD,AMD,Compute,13.91,0.8,13.12,Leader,2
2026-04-24,QCOM,Qualcomm,Compute,11.12,0.8,10.33,Leader,3
2026-04-24,SNPS,Synopsys,Compute,9.62,0.8,8.83,Leader,4
2026-04-24,SMCI,Super Micro Computer,Compute,8.71,0.8,7.91,Leader,5
2026-04-24,U,Unity Software,Application,6.99,0.8,6.2,Leader,6
2026-04-24,NOW,ServiceNow,Platform,6.36,0.8,5.56,Leader,7
2026-04-24,CDNS,Cadence Design Systems,Compute,5.9,0.8,5.11,Leader,8
2026-04-24,TEAM,Atlassian,Platform,5.81,0.8,5.01,Leader,9
2026-04-24,TSM,TSMC,Compute,5.17,0.8,4.38,Leader,10
2026-04-24,WDAY,Workday,Application,4.44,0.8,3.64,Leader,11
2026-04-24,NVDA,NVIDIA,Compute,4.32,0.8,3.53,Leader,12
2026-04-24,GTLB,GitLab,Platform,4.11,0.8,3.32,Leader,13
2026-04-24,HUBS,HubSpot,Application,4.02,0.8,3.22,Leader,14
2026-04-24,AMZN,Amazon,Platform,3.49,0.8,2.7,Leader,15
2026-04-24,INTU,Intuit,Application,3.3,0.8,2.5,Leader,16
2026-04-24,DUOL,Duolingo,Application,3.15,0.8,2.35,Leader,17
2026-04-24,MU,Micron,Compute,3.11,0.8,2.32,Leader,18
2026-04-24,ASML,ASML,Compute,2.81,0.8,2.02,Leader,19
2026-04-24,CRM,Salesforce,Application,2.8,0.8,2.01,Leader,20
2026-04-24,PATH,UiPath,Application,2.78,0.8,1.98,Leader,21
2026-04-24,ADBE,Adobe,Application,2.7,0.8,1.91,Leader,22
2026-04-24,DOCU,DocuSign,Application,2.67,0.8,1.87,Leader,23
2026-04-24,ANET,Arista Networks,Compute,2.53,0.8,1.73,Leader,24
2026-04-24,META,Meta,Platform,2.41,0.8,1.61,Leader,25
2026-04-24,ADSK,Autodesk,Application,2.35,0.8,1.56,Leader,26
2026-04-24,ZM,Zoom,Application,2.24,0.8,1.45,Leader,27
2026-04-24,MSFT,Microsoft,Platform,2.13,0.8,1.34,Leader,28
2026-04-24,ZS,Zscaler,Application,1.9,0.8,1.11,Leader,29
2026-04-24,DELL,Dell Technologies,Compute,1.86,0.8,1.06,Leader,30
2026-04-24,GOOGL,Alphabet,Platform,1.63,0.8,0.83,Leader,31
2026-04-24,TWLO,Twilio,Platform,1.55,0.8,0.76,Leader,32
2026-04-24,ESTC,Elastic,Platform,1.42,0.8,0.62,Leader,33
2026-04-24,SHOP,Shopify,Application,1.29,0.8,0.49,Leader,34
2026-04-24,DDOG,Datadog,Platform,1.27,0.8,0.47,Leader,35
2026-04-24,PLTR,Palantir,Platform,1.07,0.8,0.28,Leader,36
2026-04-24,NET,Cloudflare,Platform,1.01,0.8,0.21,Leader,37
2026-04-24,HPE,Hewlett Packard Enterprise,Compute,0.82,0.8,0.03,Leader,38
2026-04-24,SNOW,Snowflake,Platform,-4.15,0.8,-4.95,Laggard,1
2026-04-24,MDB,MongoDB,Platform,-1.75,0.8,-2.55,Laggard,2
2026-04-24,ORCL,Oracle,Platform,-1.7,0.8,-2.5,Laggard,3
2026-04-24,AKAM,Akamai Technologies,Platform,-0.97,0.8,-1.76,Laggard,4
2026-04-24,MRVL,Marvell Technology,Compute,-0.76,0.8,-1.55,Laggard,5
2026-04-24,OKTA,Okta,Platform,-0.08,0.8,-0.88,Laggard,6
2026-04-24,IBM,IBM,Platform,0.39,0.8,-0.41,Laggard,7
2026-04-24,GFS,GlobalFoundries,Compute,0.41,0.8,-0.39,Laggard,8
2026-04-24,CRWD,CrowdStrike,Application,0.62,0.8,-0.18,Laggard,9
2026-04-24,ON,ON Semiconductor,Compute,0.63,0.8,-0.16,Laggard,10
2026-04-24,AVGO,Broadcom,Compute,0.67,0.8,-0.13,Laggard,11
2026-04-23,ON,ON Semiconductor,Compute,9.88,-0.41,10.29,Leader,1
2026-04-23,MRVL,Marvell Technology,Compute,5.24,-0.41,5.65,Leader,2
2026-04-23,INTC,Intel,Compute,2.31,-0.41,2.73,Leader,3
2026-04-23,GFS,GlobalFoundries,Compute,1.9,-0.41,2.32,Leader,4
2026-04-23,AMD,AMD,Compute,0.62,-0.41,1.03,Leader,5
2026-04-23,AMZN,Amazon,Platform,-0.11,-0.41,0.3,Leader,6
2026-04-23,GOOGL,Alphabet,Platform,-0.13,-0.41,0.29,Leader,7
2026-04-23,NOW,ServiceNow,Platform,-17.75,-0.41,-17.33,Laggard,1
2026-04-23,WDAY,Workday,Application,-9.42,-0.41,-9.01,Laggard,2
2026-04-23,CRM,Salesforce,Application,-8.69,-0.41,-8.28,Laggard,3
2026-04-23,TEAM,Atlassian,Platform,-8.63,-0.41,-8.22,Laggard,4
2026-04-23,SMCI,Super Micro Computer,Compute,-8.33,-0.41,-7.91,Laggard,5
2026-04-23,IBM,IBM,Platform,-8.25,-0.41,-7.84,Laggard,6
2026-04-23,HUBS,HubSpot,Application,-7.76,-0.41,-7.35,Laggard,7
2026-04-23,GTLB,GitLab,Platform,-7.6,-0.41,-7.19,Laggard,8
2026-04-23,PATH,UiPath,Application,-7.35,-0.41,-6.93,Laggard,9
2026-04-23,PLTR,Palantir,Platform,-7.24,-0.41,-6.83,Laggard,10
2026-04-23,ESTC,Elastic,Platform,-7.07,-0.41,-6.66,Laggard,11
2026-04-23,ZS,Zscaler,Application,-6.79,-0.41,-6.38,Laggard,12
2026-04-23,ADBE,Adobe,Application,-6.63,-0.41,-6.21,Laggard,13
2026-04-23,ADSK,Autodesk,Application,-6.3,-0.41,-5.88,Laggard,14
2026-04-23,INTU,Intuit,Application,-6.21,-0.41,-5.8,Laggard,15
2026-04-23,ORCL,Oracle,Platform,-5.98,-0.41,-5.57,Laggard,16
2026-04-23,SNOW,Snowflake,Platform,-5.89,-0.41,-5.48,Laggard,17
2026-04-23,TWLO,Twilio,Platform,-5.89,-0.41,-5.48,Laggard,18
2026-04-23,SHOP,Shopify,Application,-5.86,-0.41,-5.44,Laggard,19
2026-04-23,U,Unity Software,Application,-5.85,-0.41,-5.43,Laggard,20
2026-04-23,DOCU,DocuSign,Application,-5.26,-0.41,-4.85,Laggard,21
2026-04-23,CDNS,Cadence Design Systems,Compute,-5.21,-0.41,-4.8,Laggard,22
2026-04-23,DUOL,Duolingo,Application,-4.96,-0.41,-4.54,Laggard,23
2026-04-23,CRWD,CrowdStrike,Application,-4.56,-0.41,-4.15,Laggard,24
2026-04-23,SNPS,Synopsys,Compute,-4.28,-0.41,-3.86,Laggard,25
2026-04-23,MDB,MongoDB,Platform,-4.24,-0.41,-3.83,Laggard,26
2026-04-23,MSFT,Microsoft,Platform,-3.97,-0.41,-3.55,Laggard,27
2026-04-23,OKTA,Okta,Platform,-3.38,-0.41,-2.97,Laggard,28
2026-04-23,DDOG,Datadog,Platform,-3.24,-0.41,-2.83,Laggard,29
2026-04-23,ANET,Arista Networks,Compute,-2.91,-0.41,-2.5,Laggard,30
2026-04-23,META,Meta,Platform,-2.31,-0.41,-1.89,Laggard,31
2026-04-23,ZM,Zoom,Application,-2.08,-0.41,-1.66,Laggard,32
2026-04-23,HPE,Hewlett Packard Enterprise,Compute,-2.03,-0.41,-1.62,Laggard,33
2026-04-23,ASML,ASML,Compute,-1.79,-0.41,-1.38,Laggard,34
2026-04-23,QCOM,Qualcomm,Compute,-1.56,-0.41,-1.14,Laggard,35
2026-04-23,NVDA,NVIDIA,Compute,-1.41,-0.41,-1.0,Laggard,36
2026-04-23,TSM,TSMC,Compute,-1.23,-0.41,-0.82,Laggard,37
2026-04-23,NET,Cloudflare,Platform,-1.23,-0.41,-0.82,Laggard,38
2026-04-23,MU,Micron,Compute,-1.18,-0.41,-0.77,Laggard,39
2026-04-23,DELL,Dell Technologies,Compute,-1.17,-0.41,-0.76,Laggard,40
2026-04-23,AKAM,Akamai Technologies,Platform,-0.96,-0.41,-0.54,Laggard,41
2026-04-23,AVGO,Broadcom,Compute,-0.64,-0.41,-0.23,Laggard,42
2026-04-22,MU,Micron,Compute,8.48,1.05,7.43,Leader,1
2026-04-22,AMD,AMD,Compute,6.67,1.05,5.62,Leader,2
2026-04-22,TSM,TSMC,Compute,5.26,1.05,4.21,Leader,3
2026-04-22,AVGO,Broadcom,Compute,5.09,1.05,4.05,Leader,4
2026-04-22,PLTR,Palantir,Platform,4.56,1.05,3.51,Leader,5
2026-04-22,MRVL,Marvell Technology,Compute,3.97,1.05,2.93,Leader,6
2026-04-22,TEAM,Atlassian,Platform,3.92,1.05,2.87,Leader,7
2026-04-22,CRWD,CrowdStrike,Application,3.8,1.05,2.75,Leader,8
2026-04-22,ADBE,Adobe,Application,3.54,1.05,2.5,Leader,9
2026-04-22,TWLO,Twilio,Platform,3.54,1.05,2.5,Leader,10
2026-04-22,ORCL,Oracle,Platform,3.49,1.05,2.45,Leader,11
2026-04-22,SNOW,Snowflake,Platform,3.14,1.05,2.09,Leader,12
2026-04-22,MDB,MongoDB,Platform,3.1,1.05,2.06,Leader,13
2026-04-22,NOW,ServiceNow,Platform,2.93,1.05,1.88,Leader,14
2026-04-22,DUOL,Duolingo,Application,2.82,1.05,1.77,Leader,15
2026-04-22,ANET,Arista Networks,Compute,2.82,1.05,1.77,Leader,16
2026-04-22,SMCI,Super Micro Computer,Compute,2.64,1.05,1.59,Leader,17
2026-04-22,ON,ON Semiconductor,Compute,2.39,1.05,1.35,Leader,18
2026-04-22,DDOG,Datadog,Platform,2.2,1.05,1.16,Leader,19
2026-04-22,ZS,Zscaler,Application,2.18,1.05,1.14,Leader,20
2026-04-22,AMZN,Amazon,Platform,2.18,1.05,1.13,Leader,21
2026-04-22,GOOGL,Alphabet,Platform,2.12,1.05,1.07,Leader,22
2026-04-22,MSFT,Microsoft,Platform,2.07,1.05,1.02,Leader,23
2026-04-22,SNPS,Synopsys,Compute,2.07,1.05,1.02,Leader,24
2026-04-22,GFS,GlobalFoundries,Compute,1.93,1.05,0.89,Leader,25
2026-04-22,CDNS,Cadence Design Systems,Compute,1.77,1.05,0.72,Leader,26
2026-04-22,ESTC,Elastic,Platform,1.74,1.05,0.69,Leader,27
2026-04-22,U,Unity Software,Application,1.61,1.05,0.57,Leader,28
2026-04-22,CRM,Salesforce,Application,1.44,1.05,0.39,Leader,29
2026-04-22,OKTA,Okta,Platform,1.37,1.05,0.32,Leader,30
2026-04-22,NVDA,NVIDIA,Compute,1.31,1.05,0.26,Leader,31
2026-04-22,DELL,Dell Technologies,Compute,1.08,1.05,0.03,Leader,32
2026-04-22,ZM,Zoom,Application,1.06,1.05,0.01,Leader,33
2026-04-22,WDAY,Workday,Application,-1.98,1.05,-3.03,Laggard,1
2026-04-22,INTC,Intel,Compute,-1.49,1.05,-2.54,Laggard,2
2026-04-22,IBM,IBM,Platform,-1.49,1.05,-2.54,Laggard,3
2026-04-22,ASML,ASML,Compute,-1.05,1.05,-2.1,Laggard,4
2026-04-22,AKAM,Akamai Technologies,Platform,-0.99,1.05,-2.03,Laggard,5
2026-04-22,HPE,Hewlett Packard Enterprise,Compute,-0.87,1.05,-1.92,Laggard,6
2026-04-22,DOCU,DocuSign,Application,-0.17,1.05,-1.21,Laggard,7
2026-04-22,NET,Cloudflare,Platform,-0.05,1.05,-1.1,Laggard,8
2026-04-22,QCOM,Qualcomm,Compute,0.38,1.05,-0.67,Laggard,9
2026-04-22,SHOP,Shopify,Application,0.63,1.05,-0.41,Laggard,10
2026-04-22,ADSK,Autodesk,Application,0.85,1.05,-0.19,Laggard,11
2026-04-22,META,Meta,Platform,0.88,1.05,-0.17,Laggard,12
2026-04-22,GTLB,GitLab,Platform,0.95,1.05,-0.1,Laggard,13
2026-04-22,INTU,Intuit,Application,0.95,1.05,-0.1,Laggard,14
2026-04-22,HUBS,HubSpot,Application,0.99,1.05,-0.05,Laggard,15
2026-04-22,PATH,UiPath,Application,1.02,1.05,-0.03,Laggard,16
2026-04-21,DELL,Dell Technologies,Compute,3.98,-0.63,4.61,Leader,1
2026-04-21,CRWD,CrowdStrike,Application,3.8,-0.63,4.43,Leader,2
2026-04-21,ANET,Arista Networks,Compute,3.6,-0.63,4.24,Leader,3
2026-04-21,ZS,Zscaler,Application,3.57,-0.63,4.2,Leader,4
2026-04-21,AMD,AMD,Compute,3.47,-0.63,4.1,Leader,5
2026-04-21,HPE,Hewlett Packard Enterprise,Compute,3.42,-0.63,4.05,Leader,6
2026-04-21,OKTA,Okta,Platform,2.48,-0.63,3.12,Leader,7
2026-04-21,MRVL,Marvell Technology,Compute,2.35,-0.63,2.98,Leader,8
2026-04-21,CDNS,Cadence Design Systems,Compute,2.3,-0.63,2.94,Leader,9
2026-04-21,GTLB,GitLab,Platform,2.26,-0.63,2.9,Leader,10
2026-04-21,PATH,UiPath,Application,2.08,-0.63,2.72,Leader,11
2026-04-21,ORCL,Oracle,Platform,2.02,-0.63,2.66,Leader,12
2026-04-21,ON,ON Semiconductor,Compute,1.58,-0.63,2.21,Leader,13
2026-04-21,MSFT,Microsoft,Platform,1.46,-0.63,2.09,Leader,14
2026-04-21,SNPS,Synopsys,Compute,1.44,-0.63,2.07,Leader,15
2026-04-21,NET,Cloudflare,Platform,1.4,-0.63,2.03,Leader,16
2026-04-21,WDAY,Workday,Application,0.95,-0.63,1.59,Leader,17
2026-04-21,INTC,Intel,Compute,0.85,-0.63,1.49,Leader,18
2026-04-21,GFS,GlobalFoundries,Compute,0.83,-0.63,1.46,Leader,19
2026-04-21,IBM,IBM,Platform,0.78,-0.63,1.41,Leader,20
2026-04-21,AMZN,Amazon,Platform,0.66,-0.63,1.29,Leader,21
2026-04-21,AVGO,Broadcom,Compute,0.64,-0.63,1.27,Leader,22
2026-04-21,TSM,TSMC,Compute,0.5,-0.63,1.14,Leader,23
2026-04-21,AKAM,Akamai Technologies,Platform,0.47,-0.63,1.11,Leader,24
2026-04-21,CRM,Salesforce,Application,0.45,-0.63,1.09,Leader,25
2026-04-21,ZM,Zoom,Application,0.44,-0.63,1.08,Leader,26
2026-04-21,NOW,ServiceNow,Platform,0.42,-0.63,1.06,Leader,27
2026-04-21,SNOW,Snowflake,Platform,0.27,-0.63,0.9,Leader,28
2026-04-21,HUBS,HubSpot,Application,0.25,-0.63,0.89,Leader,29
2026-04-21,MU,Micron,Compute,0.21,-0.63,0.85,Leader,30
2026-04-21,ADSK,Autodesk,Application,0.07,-0.63,0.7,Leader,31
2026-04-21,PLTR,Palantir,Platform,0.05,-0.63,0.69,Leader,32
2026-04-21,INTU,Intuit,Application,0.0,-0.63,0.64,Leader,33
2026-04-21,TWLO,Twilio,Platform,-0.22,-0.63,0.42,Leader,34
2026-04-21,DOCU,DocuSign,Application,-0.23,-0.63,0.4,Leader,35
2026-04-21,META,Meta,Platform,-0.31,-0.63,0.33,Leader,36
2026-04-21,DDOG,Datadog,Platform,-0.35,-0.63,0.29,Leader,37
2026-04-21,TEAM,Atlassian,Platform,-0.36,-0.63,0.27,Leader,38
2026-04-21,ADBE,Adobe,Application,-0.58,-0.63,0.05,Leader,39
2026-04-21,U,Unity Software,Application,-4.22,-0.63,-3.59,Laggard,1
2026-04-21,SHOP,Shopify,Application,-2.97,-0.63,-2.33,Laggard,2
2026-04-21,DUOL,Duolingo,Application,-2.11,-0.63,-1.47,Laggard,3
2026-04-21,GOOGL,Alphabet,Platform,-1.52,-0.63,-0.89,Laggard,4
2026-04-21,QCOM,Qualcomm,Compute,-1.43,-0.63,-0.79,Laggard,5
2026-04-21,SMCI,Super Micro Computer,Compute,-1.32,-0.63,-0.68,Laggard,6
2026-04-21,ASML,ASML,Compute,-1.19,-0.63,-0.55,Laggard,7
2026-04-21,ESTC,Elastic,Platform,-1.16,-0.63,-0.53,Laggard,8
2026-04-21,NVDA,NVIDIA,Compute,-1.08,-0.63,-0.44,Laggard,9
2026-04-21,MDB,MongoDB,Platform,-1.01,-0.63,-0.38,Laggard,10
2026-04-20,GFS,GlobalFoundries,Compute,7.32,-0.24,7.56,Leader,1
2026-04-20,TEAM,Atlassian,Platform,6.78,-0.24,7.02,Leader,2
2026-04-20,MRVL,Marvell Technology,Compute,5.83,-0.24,6.07,Leader,3
2026-04-20,HPE,Hewlett Packard Enterprise,Compute,5.18,-0.24,5.42,Leader,4
2026-04-20,OKTA,Okta,Platform,4.86,-0.24,5.1,Leader,5
2026-04-20,SNOW,Snowflake,Platform,4.49,-0.24,4.72,Leader,6
2026-04-20,DUOL,Duolingo,Application,4.31,-0.24,4.55,Leader,7
2026-04-20,DOCU,DocuSign,Application,4.31,-0.24,4.54,Leader,8
2026-04-20,TWLO,Twilio,Platform,3.93,-0.24,4.17,Leader,9
2026-04-20,DELL,Dell Technologies,Compute,3.91,-0.24,4.15,Leader,10
2026-04-20,HUBS,HubSpot,Application,3.32,-0.24,3.56,Leader,11
2026-04-20,WDAY,Workday,Application,3.32,-0.24,3.56,Leader,12
2026-04-20,NOW,ServiceNow,Platform,3.17,-0.24,3.4,Leader,13
2026-04-20,ON,ON Semiconductor,Compute,3.07,-0.24,3.31,Leader,14
2026-04-20,SHOP,Shopify,Application,3.04,-0.24,3.28,Leader,15
2026-04-20,INTU,Intuit,Application,2.94,-0.24,3.18,Leader,16
2026-04-20,ESTC,Elastic,Platform,2.94,-0.24,3.18,Leader,17
2026-04-20,ZM,Zoom,Application,2.89,-0.24,3.12,Leader,18
2026-04-20,SNPS,Synopsys,Compute,2.53,-0.24,2.77,Leader,19
2026-04-20,DDOG,Datadog,Platform,2.47,-0.24,2.71,Leader,20
2026-04-20,CDNS,Cadence Design Systems,Compute,2.4,-0.24,2.64,Leader,21
2026-04-20,U,Unity Software,Application,2.35,-0.24,2.59,Leader,22
2026-04-20,CRM,Salesforce,Application,2.27,-0.24,2.5,Leader,23
2026-04-20,CRWD,CrowdStrike,Application,2.17,-0.24,2.41,Leader,24
2026-04-20,NET,Cloudflare,Platform,1.9,-0.24,2.14,Leader,25
2026-04-20,AKAM,Akamai Technologies,Platform,1.8,-0.24,2.04,Leader,26
2026-04-20,ADBE,Adobe,Application,1.71,-0.24,1.95,Leader,27
2026-04-20,ANET,Arista Networks,Compute,1.6,-0.24,1.83,Leader,28
2026-04-20,PATH,UiPath,Application,1.44,-0.24,1.68,Leader,29
2026-04-20,ORCL,Oracle,Platform,1.44,-0.24,1.68,Leader,30
2026-04-20,ADSK,Autodesk,Application,1.36,-0.24,1.6,Leader,31
2026-04-20,ASML,ASML,Compute,1.14,-0.24,1.38,Leader,32
2026-04-20,GTLB,GitLab,Platform,1.12,-0.24,1.36,Leader,33
2026-04-20,QCOM,Qualcomm,Compute,0.97,-0.24,1.21,Leader,34
2026-04-20,SMCI,Super Micro Computer,Compute,0.88,-0.24,1.11,Leader,35
2026-04-20,MDB,MongoDB,Platform,0.28,-0.24,0.51,Leader,36
2026-04-20,NVDA,NVIDIA,Compute,0.19,-0.24,0.43,Leader,37
2026-04-20,IBM,IBM,Platform,0.09,-0.24,0.33,Leader,38
2026-04-20,ZS,Zscaler,Application,0.09,-0.24,0.33,Leader,39
2026-04-20,INTC,Intel,Compute,-4.09,-0.24,-3.85,Laggard,1
2026-04-20,META,Meta,Platform,-2.56,-0.24,-2.32,Laggard,2
2026-04-20,AVGO,Broadcom,Compute,-1.7,-0.24,-1.46,Laggard,3
2026-04-20,MU,Micron,Compute,-1.46,-0.24,-1.22,Laggard,4
2026-04-20,GOOGL,Alphabet,Platform,-1.25,-0.24,-1.01,Laggard,5
2026-04-20,AMD,AMD,Compute,-1.24,-0.24,-1.0,Laggard,6
2026-04-20,TSM,TSMC,Compute,-1.15,-0.24,-0.91,Laggard,7
2026-04-20,MSFT,Microsoft,Platform,-1.12,-0.24,-0.88,Laggard,8
2026-04-20,AMZN,Amazon,Platform,-0.91,-0.24,-0.67,Laggard,9
2026-04-20,PLTR,Palantir,Platform,-0.34,-0.24,-0.1,Laggard,10
2026-04-17,GFS,GlobalFoundries,Compute,8.65,1.2,7.45,Leader,1
2026-04-17,MDB,MongoDB,Platform,4.87,1.2,3.67,Leader,2
2026-04-17,MRVL,Marvell Technology,Compute,4.74,1.2,3.53,Leader,3
2026-04-17,ON,ON Semiconductor,Compute,3.85,1.2,2.65,Leader,4
2026-04-17,ASML,ASML,Compute,3.47,1.2,2.27,Leader,5
2026-04-17,SHOP,Shopify,Application,3.32,1.2,2.11,Leader,6
2026-04-17,DDOG,Datadog,Platform,2.54,1.2,1.34,Leader,7
2026-04-17,PLTR,Palantir,Platform,2.54,1.2,1.34,Leader,8
2026-04-17,TWLO,Twilio,Platform,2.3,1.2,1.1,Leader,9
2026-04-17,HPE,Hewlett Packard Enterprise,Compute,2.12,1.2,0.92,Leader,10
2026-04-17,AVGO,Broadcom,Compute,2.03,1.2,0.82,Leader,11
2026-04-17,ANET,Arista Networks,Compute,2.0,1.2,0.8,Leader,12
2026-04-17,TSM,TSMC,Compute,1.97,1.2,0.76,Leader,13
2026-04-17,SNPS,Synopsys,Compute,1.91,1.2,0.71,Leader,14
2026-04-17,NET,Cloudflare,Platform,1.83,1.2,0.62,Leader,15
2026-04-17,DELL,Dell Technologies,Compute,1.79,1.2,0.59,Leader,16
2026-04-17,META,Meta,Platform,1.73,1.2,0.52,Leader,17
2026-04-17,GOOGL,Alphabet,Platform,1.68,1.2,0.48,Leader,18
2026-04-17,NVDA,NVIDIA,Compute,1.68,1.2,0.47,Leader,19
2026-04-17,INTU,Intuit,Application,1.59,1.2,0.38,Leader,20
2026-04-17,ZM,Zoom,Application,1.55,1.2,0.34,Leader,21
2026-04-17,CRWD,CrowdStrike,Application,1.37,1.2,0.17,Leader,22
2026-04-17,CDNS,Cadence Design Systems,Compute,1.33,1.2,0.12,Leader,23
2026-04-17,QCOM,Qualcomm,Compute,1.29,1.2,0.08,Leader,24
2026-04-17,DUOL,Duolingo,Application,-2.84,1.2,-4.05,Laggard,1
2026-04-17,TEAM,Atlassian,Platform,-2.6,1.2,-3.81,Laggard,2
2026-04-17,PATH,UiPath,Application,-1.89,1.2,-3.09,Laggard,3
2026-04-17,GTLB,GitLab,Platform,-1.88,1.2,-3.08,Laggard,4
2026-04-17,ORCL,Oracle,Platform,-1.84,1.2,-3.04,Laggard,5
2026-04-17,ADBE,Adobe,Application,-1.5,1.2,-2.7,Laggard,6
2026-04-17,AKAM,Akamai Technologies,Platform,-0.95,1.2,-2.15,Laggard,7
2026-04-17,WDAY,Workday,Application,-0.83,1.2,-2.04,Laggard,8
2026-04-17,DOCU,DocuSign,Application,-0.69,1.2,-1.9,Laggard,9
2026-04-17,MU,Micron,Compute,-0.47,1.2,-1.68,Laggard,10
2026-04-17,ADSK,Autodesk,Application,-0.47,1.2,-1.67,Laggard,11
2026-04-17,HUBS,HubSpot,Application,-0.22,1.2,-1.42,Laggard,12
2026-04-17,ESTC,Elastic,Platform,-0.21,1.2,-1.41,Laggard,13
2026-04-17,U,Unity Software,Application,-0.04,1.2,-1.24,Laggard,14
2026-04-17,INTC,Intel,Compute,0.0,1.2,-1.2,Laggard,15
2026-04-17,AMD,AMD,Compute,0.05,1.2,-1.16,Laggard,16
2026-04-17,NOW,ServiceNow,Platform,0.23,1.2,-0.98,Laggard,17
2026-04-17,ZS,Zscaler,Application,0.26,1.2,-0.94,Laggard,18
2026-04-17,SNOW,Snowflake,Platform,0.3,1.2,-0.9,Laggard,19
2026-04-17,OKTA,Okta,Platform,0.33,1.2,-0.87,Laggard,20
2026-04-17,AMZN,Amazon,Platform,0.34,1.2,-0.86,Laggard,21
2026-04-17,CRM,Salesforce,Application,0.51,1.2,-0.7,Laggard,22
2026-04-17,SMCI,Super Micro Computer,Compute,0.56,1.2,-0.64,Laggard,23
2026-04-17,MSFT,Microsoft,Platform,0.6,1.2,-0.6,Laggard,24
2026-04-17,IBM,IBM,Platform,0.98,1.2,-0.22,Laggard,25
2026-04-16,ON,ON Semiconductor,Compute,10.35,0.26,10.09,Leader,1
2026-04-16,DELL,Dell Technologies,Compute,8.92,0.26,8.66,Leader,2
2026-04-16,AMD,AMD,Compute,7.8,0.26,7.54,Leader,3
2026-04-16,AKAM,Akamai Technologies,Platform,7.11,0.26,6.85,Leader,4
2026-04-16,OKTA,Okta,Platform,6.92,0.26,6.66,Leader,5
2026-04-16,INTC,Intel,Compute,5.48,0.26,5.22,Leader,6
2026-04-16,HPE,Hewlett Packard Enterprise,Compute,5.16,0.26,4.9,Leader,7
2026-04-16,ORCL,Oracle,Platform,5.02,0.26,4.76,Leader,8
2026-04-16,DUOL,Duolingo,Application,4.73,0.26,4.47,Leader,9
2026-04-16,ANET,Arista Networks,Compute,4.33,0.26,4.07,Leader,10
2026-04-16,GFS,GlobalFoundries,Compute,4.31,0.26,4.04,Leader,11
2026-04-16,TEAM,Atlassian,Platform,4.14,0.26,3.88,Leader,12
2026-04-16,SMCI,Super Micro Computer,Compute,4.07,0.26,3.81,Leader,13
2026-04-16,NET,Cloudflare,Platform,3.81,0.26,3.55,Leader,14
2026-04-16,MDB,MongoDB,Platform,2.9,0.26,2.64,Leader,15
2026-04-16,U,Unity Software,Application,2.65,0.26,2.39,Leader,16
2026-04-16,IBM,IBM,Platform,2.53,0.26,2.27,Leader,17
2026-04-16,ZS,Zscaler,Application,2.53,0.26,2.27,Leader,18
2026-04-16,NOW,ServiceNow,Platform,2.39,0.26,2.13,Leader,19
2026-04-16,MSFT,Microsoft,Platform,2.2,0.26,1.94,Leader,20
2026-04-16,TWLO,Twilio,Platform,2.16,0.26,1.89,Leader,21
2026-04-16,CRM,Salesforce,Application,2.04,0.26,1.78,Leader,22
2026-04-16,DDOG,Datadog,Platform,1.99,0.26,1.73,Leader,23
2026-04-16,HUBS,HubSpot,Application,1.99,0.26,1.73,Leader,24
2026-04-16,CRWD,CrowdStrike,Application,1.71,0.26,1.45,Leader,25
2026-04-16,ADSK,Autodesk,Application,1.6,0.26,1.34,Leader,26
2026-04-16,ADBE,Adobe,Application,1.43,0.26,1.17,Leader,27
2026-04-16,QCOM,Qualcomm,Compute,1.07,0.26,0.81,Leader,28
2026-04-16,CDNS,Cadence Design Systems,Compute,0.94,0.26,0.68,Leader,29
2026-04-16,META,Meta,Platform,0.79,0.26,0.53,Leader,30
2026-04-16,SNPS,Synopsys,Compute,0.62,0.26,0.35,Leader,31
2026-04-16,WDAY,Workday,Application,0.6,0.26,0.34,Leader,32
2026-04-16,AMZN,Amazon,Platform,0.48,0.26,0.22,Leader,33
2026-04-16,AVGO,Broadcom,Compute,0.44,0.26,0.18,Leader,34
2026-04-16,PLTR,Palantir,Platform,0.43,0.26,0.17,Leader,35
2026-04-16,GTLB,GitLab,Platform,0.32,0.26,0.06,Leader,36
2026-04-16,ESTC,Elastic,Platform,0.32,0.26,0.05,Leader,37
2026-04-16,ASML,ASML,Compute,-4.79,0.26,-5.05,Laggard,1
2026-04-16,TSM,TSMC,Compute,-3.13,0.26,-3.39,Laggard,2
2026-04-16,ZM,Zoom,Application,-2.64,0.26,-2.9,Laggard,3
2026-04-16,DOCU,DocuSign,Application,-1.67,0.26,-1.93,Laggard,4
2026-04-16,MRVL,Marvell Technology,Compute,-0.91,0.26,-1.17,Laggard,5
2026-04-16,INTU,Intuit,Application,-0.67,0.26,-0.93,Laggard,6
2026-04-16,SNOW,Snowflake,Platform,-0.64,0.26,-0.9,Laggard,7
2026-04-16,SHOP,Shopify,Application,-0.37,0.26,-0.63,Laggard,8
2026-04-16,GOOGL,Alphabet,Platform,-0.33,0.26,-0.59,Laggard,9
2026-04-16,NVDA,NVIDIA,Compute,-0.26,0.26,-0.52,Laggard,10
2026-04-16,PATH,UiPath,Application,0.0,0.26,-0.26,Laggard,11
2026-04-16,MU,Micron,Compute,0.22,0.26,-0.04,Laggard,12
2026-04-15,TEAM,Atlassian,Platform,10.53,0.8,9.74,Leader,1
2026-04-15,DDOG,Datadog,Platform,9.49,0.8,8.69,Leader,2
2026-04-15,GTLB,GitLab,Platform,8.37,0.8,7.57,Leader,3
2026-04-15,SHOP,Shopify,Application,8.31,0.8,7.51,Leader,4
2026-04-15,U,Unity Software,Application,8.18,0.8,7.38,Leader,5
2026-04-15,TWLO,Twilio,Platform,8.12,0.8,7.32,Leader,6
2026-04-15,ZM,Zoom,Application,8.05,0.8,7.25,Leader,7
2026-04-15,DUOL,Duolingo,Application,8.0,0.8,7.21,Leader,8
2026-04-15,NOW,ServiceNow,Platform,7.29,0.8,6.49,Leader,9
2026-04-15,ZS,Zscaler,Application,6.79,0.8,5.99,Leader,10
2026-04-15,SNOW,Snowflake,Platform,6.65,0.8,5.85,Leader,11
2026-04-15,NET,Cloudflare,Platform,6.43,0.8,5.63,Leader,12
2026-04-15,INTU,Intuit,Application,6.25,0.8,5.45,Leader,13
2026-04-15,HUBS,HubSpot,Application,5.9,0.8,5.1,Leader,14
2026-04-15,PATH,UiPath,Application,5.89,0.8,5.09,Leader,15
2026-04-15,WDAY,Workday,Application,5.31,0.8,4.51,Leader,16
2026-04-15,OKTA,Okta,Platform,5.09,0.8,4.29,Leader,17
2026-04-15,DOCU,DocuSign,Application,4.95,0.8,4.15,Leader,18
2026-04-15,PLTR,Palantir,Platform,4.75,0.8,3.96,Leader,19
2026-04-15,ADSK,Autodesk,Application,4.69,0.8,3.9,Leader,20
2026-04-15,SNPS,Synopsys,Compute,4.69,0.8,3.89,Leader,21
2026-04-15,ESTC,Elastic,Platform,4.67,0.8,3.87,Leader,22
2026-04-15,MSFT,Microsoft,Platform,4.61,0.8,3.81,Leader,23
2026-04-15,MDB,MongoDB,Platform,4.48,0.8,3.68,Leader,24
2026-04-15,AVGO,Broadcom,Compute,4.19,0.8,3.39,Leader,25
2026-04-15,ORCL,Oracle,Platform,4.18,0.8,3.38,Leader,26
2026-04-15,CDNS,Cadence Design Systems,Compute,4.01,0.8,3.21,Leader,27
2026-04-15,ADBE,Adobe,Application,3.79,0.8,3.0,Leader,28
2026-04-15,CRM,Salesforce,Application,3.67,0.8,2.87,Leader,29
2026-04-15,CRWD,CrowdStrike,Application,3.18,0.8,2.38,Leader,30
2026-04-15,IBM,IBM,Platform,1.89,0.8,1.09,Leader,31
2026-04-15,INTC,Intel,Compute,1.77,0.8,0.97,Leader,32
2026-04-15,AKAM,Akamai Technologies,Platform,1.73,0.8,0.94,Leader,33
2026-04-15,META,Meta,Platform,1.37,0.8,0.57,Leader,34
2026-04-15,GOOGL,Alphabet,Platform,1.26,0.8,0.47,Leader,35
2026-04-15,AMD,AMD,Compute,1.2,0.8,0.4,Leader,36
2026-04-15,NVDA,NVIDIA,Compute,1.2,0.8,0.4,Leader,37
2026-04-15,DELL,Dell Technologies,Compute,-3.92,0.8,-4.72,Laggard,1
2026-04-15,ASML,ASML,Compute,-2.41,0.8,-3.2,Laggard,2
2026-04-15,MU,Micron,Compute,-2.03,0.8,-2.82,Laggard,3
2026-04-15,TSM,TSMC,Compute,-1.26,0.8,-2.06,Laggard,4
2026-04-15,AMZN,Amazon,Platform,-0.21,0.8,-1.01,Laggard,5
2026-04-15,GFS,GlobalFoundries,Compute,-0.21,0.8,-1.0,Laggard,6
2026-04-15,ANET,Arista Networks,Compute,-0.03,0.8,-0.82,Laggard,7
2026-04-15,QCOM,Qualcomm,Compute,0.16,0.8,-0.64,Laggard,8
2026-04-15,SMCI,Super Micro Computer,Compute,0.33,0.8,-0.47,Laggard,9
2026-04-15,ON,ON Semiconductor,Compute,0.53,0.8,-0.27,Laggard,10
2026-04-15,MRVL,Marvell Technology,Compute,0.58,0.8,-0.22,Laggard,11
2026-04-15,HPE,Hewlett Packard Enterprise,Compute,0.61,0.8,-0.18,Laggard,12
2026-04-14,MU,Micron,Compute,9.17,1.18,7.99,Leader,1
2026-04-14,SMCI,Super Micro Computer,Compute,4.74,1.18,3.56,Leader,2
2026-04-14,ORCL,Oracle,Platform,4.74,1.18,3.56,Leader,3
2026-04-14,META,Meta,Platform,4.41,1.18,3.23,Leader,4
2026-04-14,AMZN,Amazon,Platform,3.81,1.18,2.63,Leader,5
2026-04-14,NVDA,NVIDIA,Compute,3.8,1.18,2.62,Leader,6
2026-04-14,GOOGL,Alphabet,Platform,3.61,1.18,2.43,Leader,7
2026-04-14,AMD,AMD,Compute,3.34,1.18,2.16,Leader,8
2026-04-14,TSM,TSMC,Compute,2.79,1.18,1.61,Leader,9
2026-04-14,PLTR,Palantir,Platform,2.52,1.18,1.34,Leader,10
2026-04-14,U,Unity Software,Application,2.41,1.18,1.23,Leader,11
2026-04-14,SHOP,Shopify,Application,2.32,1.18,1.14,Leader,12
2026-04-14,MSFT,Microsoft,Platform,2.27,1.18,1.1,Leader,13
2026-04-14,MRVL,Marvell Technology,Compute,1.93,1.18,0.75,Leader,14
2026-04-14,ANET,Arista Networks,Compute,1.55,1.18,0.37,Leader,15
2026-04-14,CDNS,Cadence Design Systems,Compute,1.45,1.18,0.27,Leader,16
2026-04-14,ON,ON Semiconductor,Compute,1.45,1.18,0.27,Leader,17
2026-04-14,QCOM,Qualcomm,Compute,1.22,1.18,0.04,Leader,18
2026-04-14,ASML,ASML,Compute,1.21,1.18,0.03,Leader,19
2026-04-14,AKAM,Akamai Technologies,Platform,-6.43,1.18,-7.6,Laggard,1
2026-04-14,NET,Cloudflare,Platform,-2.92,1.18,-4.1,Laggard,2
2026-04-14,DELL,Dell Technologies,Compute,-2.78,1.18,-3.96,Laggard,3
2026-04-14,TEAM,Atlassian,Platform,-2.59,1.18,-3.77,Laggard,4
2026-04-14,DUOL,Duolingo,Application,-2.21,1.18,-3.39,Laggard,5
2026-04-14,INTC,Intel,Compute,-2.1,1.18,-3.28,Laggard,6
2026-04-14,OKTA,Okta,Platform,-2.09,1.18,-3.27,Laggard,7
2026-04-14,ADBE,Adobe,Application,-1.83,1.18,-3.01,Laggard,8
2026-04-14,DOCU,DocuSign,Application,-1.74,1.18,-2.92,Laggard,9
2026-04-14,WDAY,Workday,Application,-1.72,1.18,-2.9,Laggard,10
2026-04-14,NOW,ServiceNow,Platform,-1.43,1.18,-2.6,Laggard,11
2026-04-14,HPE,Hewlett Packard Enterprise,Compute,-1.37,1.18,-2.55,Laggard,12
2026-04-14,GFS,GlobalFoundries,Compute,-1.26,1.18,-2.44,Laggard,13
2026-04-14,MDB,MongoDB,Platform,-1.08,1.18,-2.25,Laggard,14
2026-04-14,PATH,UiPath,Application,-0.99,1.18,-2.17,Laggard,15
2026-04-14,CRWD,CrowdStrike,Application,-0.93,1.18,-2.11,Laggard,16
2026-04-14,CRM,Salesforce,Application,-0.87,1.18,-2.05,Laggard,17
2026-04-14,INTU,Intuit,Application,-0.71,1.18,-1.89,Laggard,18
2026-04-14,ZM,Zoom,Application,-0.48,1.18,-1.66,Laggard,19
2026-04-14,ESTC,Elastic,Platform,-0.44,1.18,-1.62,Laggard,20
2026-04-14,TWLO,Twilio,Platform,-0.19,1.18,-1.37,Laggard,21
2026-04-14,ZS,Zscaler,Application,0.05,1.18,-1.13,Laggard,22
2026-04-14,SNPS,Synopsys,Compute,0.25,1.18,-0.93,Laggard,23
2026-04-14,GTLB,GitLab,Platform,0.25,1.18,-0.93,Laggard,24
2026-04-14,AVGO,Broadcom,Compute,0.27,1.18,-0.91,Laggard,25
2026-04-14,DDOG,Datadog,Platform,0.45,1.18,-0.73,Laggard,26
2026-04-14,HUBS,HubSpot,Application,0.57,1.18,-0.61,Laggard,27
2026-04-14,ADSK,Autodesk,Application,0.64,1.18,-0.54,Laggard,28
2026-04-14,SNOW,Snowflake,Platform,0.92,1.18,-0.26,Laggard,29
2026-04-14,IBM,IBM,Platform,1.03,1.18,-0.15,Laggard,30
2026-04-13,ORCL,Oracle,Platform,12.69,1.02,11.68,Leader,1
2026-04-13,SNOW,Snowflake,Platform,10.84,1.02,9.82,Leader,2
2026-04-13,NET,Cloudflare,Platform,10.2,1.02,9.18,Leader,3
2026-04-13,CDNS,Cadence Design Systems,Compute,8.48,1.02,7.47,Leader,4
2026-04-13,PATH,UiPath,Application,7.89,1.02,6.87,Leader,5
2026-04-13,NOW,ServiceNow,Platform,7.3,1.02,6.28,Leader,6
2026-04-13,TEAM,Atlassian,Platform,7.26,1.02,6.24,Leader,7
2026-04-13,HUBS,HubSpot,Application,6.77,1.02,5.75,Leader,8
2026-04-13,DELL,Dell Technologies,Compute,6.74,1.02,5.73,Leader,9
2026-04-13,WDAY,Workday,Application,6.6,1.02,5.58,Leader,10
2026-04-13,ADBE,Adobe,Application,6.55,1.02,5.53,Leader,11
2026-04-13,SNPS,Synopsys,Compute,6.51,1.02,5.49,Leader,12
2026-04-13,CRWD,CrowdStrike,Application,6.13,1.02,5.11,Leader,13
2026-04-13,DOCU,DocuSign,Application,5.9,1.02,4.88,Leader,14
2026-04-13,TWLO,Twilio,Platform,5.6,1.02,4.58,Leader,15
2026-04-13,U,Unity Software,Application,5.46,1.02,4.44,Leader,16
2026-04-13,ESTC,Elastic,Platform,5.29,1.02,4.27,Leader,17
2026-04-13,INTU,Intuit,Application,5.27,1.02,4.25,Leader,18
2026-04-13,CRM,Salesforce,Application,4.76,1.02,3.75,Leader,19
2026-04-13,MDB,MongoDB,Platform,4.51,1.02,3.49,Leader,20
2026-04-13,ZM,Zoom,Application,4.49,1.02,3.48,Leader,21
2026-04-13,INTC,Intel,Compute,4.49,1.02,3.47,Leader,22
2026-04-13,DDOG,Datadog,Platform,4.47,1.02,3.45,Leader,23
2026-04-13,OKTA,Okta,Platform,4.02,1.02,3.0,Leader,24
2026-04-13,ADSK,Autodesk,Application,3.98,1.02,2.96,Leader,25
2026-04-13,AKAM,Akamai Technologies,Platform,3.93,1.02,2.91,Leader,26
2026-04-13,DUOL,Duolingo,Application,3.89,1.02,2.87,Leader,27
2026-04-13,ZS,Zscaler,Application,3.87,1.02,2.85,Leader,28
2026-04-13,SHOP,Shopify,Application,3.77,1.02,2.76,Leader,29
2026-04-13,MSFT,Microsoft,Platform,3.64,1.02,2.62,Leader,30
2026-04-13,ON,ON Semiconductor,Compute,3.45,1.02,2.43,Leader,31
2026-04-13,PLTR,Palantir,Platform,3.37,1.02,2.35,Leader,32
2026-04-13,ANET,Arista Networks,Compute,3.17,1.02,2.15,Leader,33
2026-04-13,GTLB,GitLab,Platform,3.14,1.02,2.12,Leader,34
2026-04-13,IBM,IBM,Platform,3.06,1.02,2.04,Leader,35
2026-04-13,SMCI,Super Micro Computer,Compute,2.81,1.02,1.79,Leader,36
2026-04-13,QCOM,Qualcomm,Compute,2.48,1.02,1.47,Leader,37
2026-04-13,AVGO,Broadcom,Compute,2.21,1.02,1.19,Leader,38
2026-04-13,MRVL,Marvell Technology,Compute,2.19,1.02,1.17,Leader,39
2026-04-13,ASML,ASML,Compute,1.48,1.02,0.47,Leader,40
2026-04-13,MU,Micron,Compute,1.42,1.02,0.4,Leader,41
2026-04-13,GOOGL,Alphabet,Platform,1.28,1.02,0.27,Leader,42
2026-04-13,HPE,Hewlett Packard Enterprise,Compute,-0.32,1.02,-1.34,Laggard,1
2026-04-13,TSM,TSMC,Compute,-0.28,1.02,-1.3,Laggard,2
2026-04-13,GFS,GlobalFoundries,Compute,0.2,1.02,-0.81,Laggard,3
2026-04-13,NVDA,NVIDIA,Compute,0.36,1.02,-0.66,Laggard,4
2026-04-13,AMZN,Amazon,Platform,0.63,1.02,-0.38,Laggard,5
2026-04-13,AMD,AMD,Compute,0.73,1.02,-0.29,Laggard,6
2026-04-13,META,Meta,Platform,0.74,1.02,-0.28,Laggard,7
2026-04-10,SMCI,Super Micro Computer,Compute,8.79,-0.11,8.9,Leader,1
2026-04-10,MRVL,Marvell Technology,Compute,7.14,-0.11,7.25,Leader,2
2026-04-10,AVGO,Broadcom,Compute,4.69,-0.11,4.8,Leader,3
2026-04-10,AMD,AMD,Compute,3.55,-0.11,3.66,Leader,4
2026-04-10,NVDA,NVIDIA,Compute,2.57,-0.11,2.68,Leader,5
2026-04-10,ASML,ASML,Compute,2.05,-0.11,2.16,Leader,6
2026-04-10,AMZN,Amazon,Platform,2.02,-0.11,2.14,Leader,7
2026-04-10,TSM,TSMC,Compute,1.4,-0.11,1.51,Leader,8
2026-04-10,INTC,Intel,Compute,1.07,-0.11,1.18,Leader,9
2026-04-10,ANET,Arista Networks,Compute,0.89,-0.11,1.0,Leader,10
2026-04-10,GFS,GlobalFoundries,Compute,0.47,-0.11,0.59,Leader,11
2026-04-10,QCOM,Qualcomm,Compute,0.24,-0.11,0.36,Leader,12
2026-04-10,HPE,Hewlett Packard Enterprise,Compute,0.24,-0.11,0.36,Leader,13
2026-04-10,ON,ON Semiconductor,Compute,0.23,-0.11,0.35,Leader,14
2026-04-10,META,Meta,Platform,0.23,-0.11,0.35,Leader,15
2026-04-10,U,Unity Software,Application,0.23,-0.11,0.35,Leader,16
2026-04-10,ORCL,Oracle,Platform,0.17,-0.11,0.28,Leader,17
2026-04-10,AKAM,Akamai Technologies,Platform,-16.66,-0.11,-16.55,Laggard,1
2026-04-10,NET,Cloudflare,Platform,-13.5,-0.11,-13.39,Laggard,2
2026-04-10,SNOW,Snowflake,Platform,-8.42,-0.11,-8.3,Laggard,3
2026-04-10,NOW,ServiceNow,Platform,-7.58,-0.11,-7.47,Laggard,4
2026-04-10,OKTA,Okta,Platform,-7.13,-0.11,-7.01,Laggard,5
2026-04-10,HUBS,HubSpot,Application,-6.23,-0.11,-6.12,Laggard,6
2026-04-10,DOCU,DocuSign,Application,-5.84,-0.11,-5.73,Laggard,7
2026-04-10,TWLO,Twilio,Platform,-5.75,-0.11,-5.64,Laggard,8
2026-04-10,ZM,Zoom,Application,-5.7,-0.11,-5.59,Laggard,9
2026-04-10,PATH,UiPath,Application,-5.63,-0.11,-5.52,Laggard,10
2026-04-10,CDNS,Cadence Design Systems,Compute,-5.46,-0.11,-5.35,Laggard,11
2026-04-10,CRWD,CrowdStrike,Application,-3.97,-0.11,-3.85,Laggard,12
2026-04-10,ESTC,Elastic,Platform,-3.78,-0.11,-3.66,Laggard,13
2026-04-10,CRM,Salesforce,Application,-3.45,-0.11,-3.33,Laggard,14
2026-04-10,ZS,Zscaler,Application,-3.42,-0.11,-3.31,Laggard,15
2026-04-10,DDOG,Datadog,Platform,-3.31,-0.11,-3.2,Laggard,16
2026-04-10,SNPS,Synopsys,Compute,-3.13,-0.11,-3.02,Laggard,17
2026-04-10,TEAM,Atlassian,Platform,-3.07,-0.11,-2.96,Laggard,18
2026-04-10,INTU,Intuit,Application,-2.97,-0.11,-2.86,Laggard,19
2026-04-10,ADSK,Autodesk,Application,-2.97,-0.11,-2.85,Laggard,20
2026-04-10,IBM,IBM,Platform,-2.71,-0.11,-2.59,Laggard,21
2026-04-10,DELL,Dell Technologies,Compute,-2.02,-0.11,-1.9,Laggard,22
2026-04-10,ADBE,Adobe,Application,-2.0,-0.11,-1.88,Laggard,23
2026-04-10,PLTR,Palantir,Platform,-1.86,-0.11,-1.75,Laggard,24
2026-04-10,MDB,MongoDB,Platform,-1.54,-0.11,-1.43,Laggard,25
2026-04-10,SHOP,Shopify,Application,-1.41,-0.11,-1.3,Laggard,26
2026-04-10,GTLB,GitLab,Platform,-1.27,-0.11,-1.16,Laggard,27
2026-04-10,MSFT,Microsoft,Platform,-0.59,-0.11,-0.48,Laggard,28
2026-04-10,DUOL,Duolingo,Application,-0.55,-0.11,-0.44,Laggard,29
2026-04-10,WDAY,Workday,Application,-0.5,-0.11,-0.38,Laggard,30
2026-04-10,GOOGL,Alphabet,Platform,-0.39,-0.11,-0.28,Laggard,31
2026-04-10,MU,Micron,Compute,-0.22,-0.11,-0.1,Laggard,32
2026-04-09,AMZN,Amazon,Platform,5.6,0.62,4.99,Leader,1
2026-04-09,MRVL,Marvell Technology,Compute,4.79,0.62,4.17,Leader,2
2026-04-09,INTC,Intel,Compute,4.7,0.62,4.08,Leader,3
2026-04-09,MU,Micron,Compute,3.63,0.62,3.02,Leader,4
2026-04-09,META,Meta,Platform,2.61,0.62,1.99,Leader,5
2026-04-09,AMD,AMD,Compute,2.08,0.62,1.46,Leader,6
2026-04-09,ASML,ASML,Compute,1.94,0.62,1.32,Leader,7
2026-04-09,GFS,GlobalFoundries,Compute,1.88,0.62,1.27,Leader,8
2026-04-09,AVGO,Broadcom,Compute,1.22,0.62,0.6,Leader,9
2026-04-09,NVDA,NVIDIA,Compute,1.01,0.62,0.39,Leader,10
2026-04-09,ZM,Zoom,Application,0.96,0.62,0.34,Leader,11
2026-04-09,ANET,Arista Networks,Compute,0.68,0.62,0.06,Leader,12
2026-04-09,SNOW,Snowflake,Platform,-11.83,0.62,-12.45,Laggard,1
2026-04-09,ZS,Zscaler,Application,-11.33,0.62,-11.95,Laggard,2
2026-04-09,OKTA,Okta,Platform,-10.89,0.62,-11.51,Laggard,3
2026-04-09,NET,Cloudflare,Platform,-8.62,0.62,-9.23,Laggard,4
2026-04-09,MDB,MongoDB,Platform,-8.32,0.62,-8.94,Laggard,5
2026-04-09,NOW,ServiceNow,Platform,-7.86,0.62,-8.48,Laggard,6
2026-04-09,GTLB,GitLab,Platform,-7.83,0.62,-8.44,Laggard,7
2026-04-09,ESTC,Elastic,Platform,-7.64,0.62,-8.25,Laggard,8
2026-04-09,CRWD,CrowdStrike,Application,-7.46,0.62,-8.08,Laggard,9
2026-04-09,TEAM,Atlassian,Platform,-7.32,0.62,-7.94,Laggard,10
2026-04-09,PLTR,Palantir,Platform,-7.3,0.62,-7.91,Laggard,11
2026-04-09,INTU,Intuit,Application,-7.14,0.62,-7.76,Laggard,12
2026-04-09,DDOG,Datadog,Platform,-6.45,0.62,-7.07,Laggard,13
2026-04-09,ADSK,Autodesk,Application,-6.45,0.62,-7.07,Laggard,14
2026-04-09,SHOP,Shopify,Application,-6.43,0.62,-7.04,Laggard,15
2026-04-09,HUBS,HubSpot,Application,-5.94,0.62,-6.55,Laggard,16
2026-04-09,AKAM,Akamai Technologies,Platform,-5.51,0.62,-6.13,Laggard,17
2026-04-09,WDAY,Workday,Application,-5.13,0.62,-5.74,Laggard,18
2026-04-09,PATH,UiPath,Application,-4.33,0.62,-4.95,Laggard,19
2026-04-09,ORCL,Oracle,Platform,-4.04,0.62,-4.65,Laggard,20
2026-04-09,ADBE,Adobe,Application,-3.92,0.62,-4.53,Laggard,21
2026-04-09,TWLO,Twilio,Platform,-3.69,0.62,-4.3,Laggard,22
2026-04-09,CRM,Salesforce,Application,-3.13,0.62,-3.75,Laggard,23
2026-04-09,U,Unity Software,Application,-3.01,0.62,-3.63,Laggard,24
2026-04-09,CDNS,Cadence Design Systems,Compute,-2.93,0.62,-3.55,Laggard,25
2026-04-09,DELL,Dell Technologies,Compute,-2.16,0.62,-2.78,Laggard,26
2026-04-09,IBM,IBM,Platform,-1.89,0.62,-2.5,Laggard,27
2026-04-09,SNPS,Synopsys,Compute,-1.28,0.62,-1.89,Laggard,28
2026-04-09,SMCI,Super Micro Computer,Compute,-0.64,0.62,-1.26,Laggard,29
2026-04-09,HPE,Hewlett Packard Enterprise,Compute,-0.6,0.62,-1.22,Laggard,30
2026-04-09,DUOL,Duolingo,Application,-0.58,0.62,-1.2,Laggard,31
2026-04-09,DOCU,DocuSign,Application,-0.35,0.62,-0.97,Laggard,32
2026-04-09,MSFT,Microsoft,Platform,-0.34,0.62,-0.95,Laggard,33
2026-04-09,TSM,TSMC,Compute,-0.11,0.62,-0.73,Laggard,34
2026-04-09,ON,ON Semiconductor,Compute,0.16,0.62,-0.46,Laggard,35
2026-04-09,QCOM,Qualcomm,Compute,0.19,0.62,-0.43,Laggard,36
2026-04-09,GOOGL,Alphabet,Platform,0.37,0.62,-0.25,Laggard,37
2026-04-08,INTC,Intel,Compute,11.42,2.51,8.91,Leader,1
2026-04-08,GFS,GlobalFoundries,Compute,8.81,2.51,6.3,Leader,2
2026-04-08,ASML,ASML,Compute,8.77,2.51,6.26,Leader,3
2026-04-08,ANET,Arista Networks,Compute,8.55,2.51,6.04,Leader,4
2026-04-08,MU,Micron,Compute,7.72,2.51,5.21,Leader,5
2026-04-08,ON,ON Semiconductor,Compute,7.2,2.51,4.69,Leader,6
2026-04-08,META,Meta,Platform,6.5,2.51,3.99,Leader,7
2026-04-08,TSM,TSMC,Compute,5.96,2.51,3.45,Leader,8
2026-04-08,AVGO,Broadcom,Compute,4.99,2.51,2.48,Leader,9
2026-04-08,AMD,AMD,Compute,4.64,2.51,2.14,Leader,10
2026-04-08,MRVL,Marvell Technology,Compute,4.64,2.51,2.13,Leader,11
2026-04-08,DELL,Dell Technologies,Compute,4.38,2.51,1.87,Leader,12
2026-04-08,GOOGL,Alphabet,Platform,3.88,2.51,1.37,Leader,13
2026-04-08,CDNS,Cadence Design Systems,Compute,3.59,2.51,1.08,Leader,14
2026-04-08,AMZN,Amazon,Platform,3.5,2.51,0.99,Leader,15
2026-04-08,SMCI,Super Micro Computer,Compute,3.09,2.51,0.58,Leader,16
2026-04-08,SNPS,Synopsys,Compute,3.08,2.51,0.57,Leader,17
2026-04-08,QCOM,Qualcomm,Compute,2.77,2.51,0.26,Leader,18
2026-04-08,SHOP,Shopify,Application,2.6,2.51,0.09,Leader,19
2026-04-08,GTLB,GitLab,Platform,-7.82,2.51,-10.33,Laggard,1
2026-04-08,WDAY,Workday,Application,-6.54,2.51,-9.05,Laggard,2
2026-04-08,PLTR,Palantir,Platform,-6.2,2.51,-8.71,Laggard,3
2026-04-08,DUOL,Duolingo,Application,-5.43,2.51,-7.94,Laggard,4
2026-04-08,PATH,UiPath,Application,-5.11,2.51,-7.62,Laggard,5
2026-04-08,INTU,Intuit,Application,-5.05,2.51,-7.56,Laggard,6
2026-04-08,HUBS,HubSpot,Application,-4.23,2.51,-6.74,Laggard,7
2026-04-08,OKTA,Okta,Platform,-4.16,2.51,-6.67,Laggard,8
2026-04-08,CRM,Salesforce,Application,-3.6,2.51,-6.11,Laggard,9
2026-04-08,DOCU,DocuSign,Application,-3.48,2.51,-5.99,Laggard,10
2026-04-08,NOW,ServiceNow,Platform,-3.06,2.51,-5.57,Laggard,11
2026-04-08,ZS,Zscaler,Application,-2.98,2.51,-5.49,Laggard,12
2026-04-08,NET,Cloudflare,Platform,-2.33,2.51,-4.84,Laggard,13
2026-04-08,TWLO,Twilio,Platform,-2.23,2.51,-4.73,Laggard,14
2026-04-08,ESTC,Elastic,Platform,-2.21,2.51,-4.72,Laggard,15
2026-04-08,TEAM,Atlassian,Platform,-1.87,2.51,-4.37,Laggard,16
2026-04-08,MDB,MongoDB,Platform,-1.48,2.51,-3.99,Laggard,17
2026-04-08,IBM,IBM,Platform,-1.36,2.51,-3.87,Laggard,18
2026-04-08,ZM,Zoom,Application,-0.94,2.51,-3.45,Laggard,19
2026-04-08,ADBE,Adobe,Application,-0.35,2.51,-2.85,Laggard,20
2026-04-08,DDOG,Datadog,Platform,-0.03,2.51,-2.54,Laggard,21
2026-04-08,ORCL,Oracle,Platform,0.34,2.51,-2.17,Laggard,22
2026-04-08,SNOW,Snowflake,Platform,0.5,2.51,-2.01,Laggard,23
2026-04-08,MSFT,Microsoft,Platform,0.55,2.51,-1.96,Laggard,24
2026-04-08,CRWD,CrowdStrike,Application,0.77,2.51,-1.73,Laggard,25
2026-04-08,U,Unity Software,Application,1.04,2.51,-1.46,Laggard,26
2026-04-08,HPE,Hewlett Packard Enterprise,Compute,1.42,2.51,-1.09,Laggard,27
2026-04-08,AKAM,Akamai Technologies,Platform,1.85,2.51,-0.66,Laggard,28
2026-04-08,NVDA,NVIDIA,Compute,2.23,2.51,-0.27,Laggard,29
2026-04-08,ADSK,Autodesk,Application,2.42,2.51,-0.09,Laggard,30
2026-04-07,AVGO,Broadcom,Compute,6.21,0.08,6.14,Leader,1
2026-04-07,CRWD,CrowdStrike,Application,6.18,0.08,6.1,Leader,2
2026-04-07,ANET,Arista Networks,Compute,5.85,0.08,5.78,Leader,3
2026-04-07,INTC,Intel,Compute,4.19,0.08,4.12,Leader,4
2026-04-07,SMCI,Super Micro Computer,Compute,2.81,0.08,2.74,Leader,5
2026-04-07,DELL,Dell Technologies,Compute,2.6,0.08,2.53,Leader,6
2026-04-07,NET,Cloudflare,Platform,2.13,0.08,2.05,Leader,7
2026-04-07,ZS,Zscaler,Application,1.84,0.08,1.77,Leader,8
2026-04-07,GOOGL,Alphabet,Platform,1.82,0.08,1.75,Leader,9
2026-04-07,GTLB,GitLab,Platform,1.71,0.08,1.64,Leader,10
2026-04-07,ZM,Zoom,Application,1.62,0.08,1.54,Leader,11
2026-04-07,PLTR,Palantir,Platform,1.45,0.08,1.37,Leader,12
2026-04-07,TSM,TSMC,Compute,1.04,0.08,0.97,Leader,13
2026-04-07,TWLO,Twilio,Platform,0.78,0.08,0.71,Leader,14
2026-04-07,GFS,GlobalFoundries,Compute,0.73,0.08,0.66,Leader,15
2026-04-07,AMD,AMD,Compute,0.61,0.08,0.54,Leader,16
2026-04-07,ON,ON Semiconductor,Compute,0.47,0.08,0.4,Leader,17
2026-04-07,AMZN,Amazon,Platform,0.46,0.08,0.38,Leader,18
2026-04-07,META,Meta,Platform,0.35,0.08,0.28,Leader,19
2026-04-07,NVDA,NVIDIA,Compute,0.26,0.08,0.18,Leader,20
2026-04-07,HPE,Hewlett Packard Enterprise,Compute,0.2,0.08,0.13,Leader,21
2026-04-07,SNPS,Synopsys,Compute,0.21,0.08,0.13,Leader,22
2026-04-07,ASML,ASML,Compute,0.19,0.08,0.11,Leader,23
2026-04-07,U,Unity Software,Application,0.09,0.08,0.02,Leader,24
2026-04-07,HUBS,HubSpot,Application,-7.15,0.08,-7.23,Laggard,1
2026-04-07,TEAM,Atlassian,Platform,-4.79,0.08,-4.86,Laggard,2
2026-04-07,DUOL,Duolingo,Application,-3.11,0.08,-3.19,Laggard,3
2026-04-07,NOW,ServiceNow,Platform,-1.83,0.08,-1.9,Laggard,4
2026-04-07,PATH,UiPath,Application,-1.79,0.08,-1.87,Laggard,5
2026-04-07,ADBE,Adobe,Application,-1.73,0.08,-1.8,Laggard,6
2026-04-07,WDAY,Workday,Application,-1.7,0.08,-1.78,Laggard,7
2026-04-07,INTU,Intuit,Application,-1.71,0.08,-1.78,Laggard,8
2026-04-07,ORCL,Oracle,Platform,-1.63,0.08,-1.7,Laggard,9
2026-04-07,OKTA,Okta,Platform,-1.51,0.08,-1.59,Laggard,10
2026-04-07,ESTC,Elastic,Platform,-1.46,0.08,-1.54,Laggard,11
2026-04-07,SHOP,Shopify,Application,-1.46,0.08,-1.54,Laggard,12
2026-04-07,DOCU,DocuSign,Application,-1.44,0.08,-1.51,Laggard,13
2026-04-07,QCOM,Qualcomm,Compute,-1.32,0.08,-1.4,Laggard,14
2026-04-07,ADSK,Autodesk,Application,-1.16,0.08,-1.24,Laggard,15
2026-04-07,CRM,Salesforce,Application,-1.12,0.08,-1.19,Laggard,16
2026-04-07,IBM,IBM,Platform,-0.68,0.08,-0.75,Laggard,17
2026-04-07,AKAM,Akamai Technologies,Platform,-0.62,0.08,-0.7,Laggard,18
2026-04-07,MDB,MongoDB,Platform,-0.36,0.08,-0.44,Laggard,19
2026-04-07,MSFT,Microsoft,Platform,-0.16,0.08,-0.23,Laggard,20
2026-04-07,MRVL,Marvell Technology,Compute,-0.12,0.08,-0.19,Laggard,21
2026-04-07,SNOW,Snowflake,Platform,-0.09,0.08,-0.17,Laggard,22
2026-04-07,MU,Micron,Compute,-0.05,0.08,-0.12,Laggard,23
2026-04-07,DDOG,Datadog,Platform,0.03,0.08,-0.04,Laggard,24
2026-04-07,CDNS,Cadence Design Systems,Compute,0.03,0.08,-0.04,Laggard,25
2026-04-06,MU,Micron,Compute,3.15,0.44,2.7,Leader,1
2026-04-06,DUOL,Duolingo,Application,2.94,0.44,2.5,Leader,2
2026-04-06,MRVL,Marvell Technology,Compute,2.24,0.44,1.8,Leader,3
2026-04-06,ON,ON Semiconductor,Compute,2.09,0.44,1.65,Leader,4
2026-04-06,AMZN,Amazon,Platform,1.44,0.44,1.0,Leader,5
2026-04-06,GOOGL,Alphabet,Platform,1.43,0.44,0.98,Leader,6
2026-04-06,AMD,AMD,Compute,1.23,0.44,0.79,Leader,7
2026-04-06,GTLB,GitLab,Platform,0.84,0.44,0.4,Leader,8
2026-04-06,TSM,TSMC,Compute,0.8,0.44,0.36,Leader,9
2026-04-06,INTC,Intel,Compute,0.79,0.44,0.35,Leader,10
2026-04-06,MDB,MongoDB,Platform,0.75,0.44,0.3,Leader,11
2026-04-06,ZS,Zscaler,Application,0.69,0.44,0.25,Leader,12
2026-04-06,ADBE,Adobe,Application,0.59,0.44,0.15,Leader,13
2026-04-06,OKTA,Okta,Platform,0.46,0.44,0.02,Leader,14
2026-04-06,SHOP,Shopify,Application,0.47,0.44,0.02,Leader,15
2026-04-06,SMCI,Super Micro Computer,Compute,-5.04,0.44,-5.48,Laggard,1
2026-04-06,U,Unity Software,Application,-3.34,0.44,-3.78,Laggard,2
2026-04-06,DDOG,Datadog,Platform,-3.21,0.44,-3.65,Laggard,3
2026-04-06,AKAM,Akamai Technologies,Platform,-2.88,0.44,-3.32,Laggard,4
2026-04-06,WDAY,Workday,Application,-1.92,0.44,-2.36,Laggard,5
2026-04-06,SNOW,Snowflake,Platform,-1.63,0.44,-2.07,Laggard,6
2026-04-06,INTU,Intuit,Application,-1.21,0.44,-1.65,Laggard,7
2026-04-06,CRM,Salesforce,Application,-1.15,0.44,-1.59,Laggard,8
2026-04-06,ASML,ASML,Compute,-1.0,0.44,-1.45,Laggard,9
2026-04-06,QCOM,Qualcomm,Compute,-0.84,0.44,-1.29,Laggard,10
2026-04-06,PATH,UiPath,Application,-0.8,0.44,-1.24,Laggard,11
2026-04-06,DELL,Dell Technologies,Compute,-0.68,0.44,-1.13,Laggard,12
2026-04-06,DOCU,DocuSign,Application,-0.66,0.44,-1.1,Laggard,13
2026-04-06,ORCL,Oracle,Platform,-0.57,0.44,-1.02,Laggard,14
2026-04-06,IBM,IBM,Platform,-0.57,0.44,-1.01,Laggard,15
2026-04-06,PLTR,Palantir,Platform,-0.36,0.44,-0.8,Laggard,16
2026-04-06,ANET,Arista Networks,Compute,-0.34,0.44,-0.78,Laggard,17
2026-04-06,GFS,GlobalFoundries,Compute,-0.32,0.44,-0.76,Laggard,18
2026-04-06,TEAM,Atlassian,Platform,-0.29,0.44,-0.74,Laggard,19
2026-04-06,META,Meta,Platform,-0.25,0.44,-0.69,Laggard,20
2026-04-06,ESTC,Elastic,Platform,-0.22,0.44,-0.66,Laggard,21
2026-04-06,MSFT,Microsoft,Platform,-0.16,0.44,-0.6,Laggard,22
2026-04-06,ADSK,Autodesk,Application,-0.15,0.44,-0.59,Laggard,23
2026-04-06,CRWD,CrowdStrike,Application,-0.13,0.44,-0.57,Laggard,24
2026-04-06,HPE,Hewlett Packard Enterprise,Compute,-0.12,0.44,-0.56,Laggard,25
2026-04-06,AVGO,Broadcom,Compute,-0.04,0.44,-0.48,Laggard,26
2026-04-06,NET,Cloudflare,Platform,0.04,0.44,-0.4,Laggard,27
2026-04-06,NVDA,NVIDIA,Compute,0.14,0.44,-0.3,Laggard,28
2026-04-06,HUBS,HubSpot,Application,0.19,0.44,-0.25,Laggard,29
2026-04-06,CDNS,Cadence Design Systems,Compute,0.24,0.44,-0.2,Laggard,30
2026-04-06,SNPS,Synopsys,Compute,0.28,0.44,-0.16,Laggard,31
2026-04-06,ZM,Zoom,Application,0.39,0.44,-0.05,Laggard,32
2026-04-06,NOW,ServiceNow,Platform,0.41,0.44,-0.03,Laggard,33
2026-04-06,TWLO,Twilio,Platform,0.44,0.44,0.0,Laggard,34
2026-04-02,INTC,Intel,Compute,4.89,0.11,4.78,Leader,1
2026-04-02,U,Unity Software,Application,3.6,0.11,3.49,Leader,2
2026-04-02,AMD,AMD,Compute,3.47,0.11,3.36,Leader,3
2026-04-02,SMCI,Super Micro Computer,Compute,3.15,0.11,3.04,Leader,4
2026-04-02,NET,Cloudflare,Platform,3.05,0.11,2.94,Leader,5
2026-04-02,DELL,Dell Technologies,Compute,2.95,0.11,2.83,Leader,6
2026-04-02,GTLB,GitLab,Platform,2.68,0.11,2.57,Leader,7
2026-04-02,HPE,Hewlett Packard Enterprise,Compute,2.63,0.11,2.52,Leader,8
2026-04-02,WDAY,Workday,Application,2.49,0.11,2.38,Leader,9
2026-04-02,IBM,IBM,Platform,2.06,0.11,1.95,Leader,10
2026-04-02,ZM,Zoom,Application,2.06,0.11,1.94,Leader,11
2026-04-02,PATH,UiPath,Application,2.0,0.11,1.88,Leader,12
2026-04-02,AKAM,Akamai Technologies,Platform,1.94,0.11,1.83,Leader,13
2026-04-02,ESTC,Elastic,Platform,1.52,0.11,1.41,Leader,14
2026-04-02,MDB,MongoDB,Platform,1.51,0.11,1.4,Leader,15
2026-04-02,CRWD,CrowdStrike,Application,1.48,0.11,1.37,Leader,16
2026-04-02,ANET,Arista Networks,Compute,1.47,0.11,1.35,Leader,17
2026-04-02,DDOG,Datadog,Platform,1.42,0.11,1.31,Leader,18
2026-04-02,ZS,Zscaler,Application,1.38,0.11,1.27,Leader,19
2026-04-02,PLTR,Palantir,Platform,1.34,0.11,1.23,Leader,20
2026-04-02,OKTA,Okta,Platform,1.32,0.11,1.21,Leader,21
2026-04-02,MSFT,Microsoft,Platform,1.11,0.11,1.0,Leader,22
2026-04-02,NVDA,NVIDIA,Compute,0.93,0.11,0.82,Leader,23
2026-04-02,ORCL,Oracle,Platform,0.79,0.11,0.68,Leader,24
2026-04-02,HUBS,HubSpot,Application,0.77,0.11,0.66,Leader,25
2026-04-02,ADBE,Adobe,Application,0.64,0.11,0.53,Leader,26
2026-04-02,CRM,Salesforce,Application,0.5,0.11,0.39,Leader,27
2026-04-02,DOCU,DocuSign,Application,0.42,0.11,0.3,Leader,28
2026-04-02,MRVL,Marvell Technology,Compute,0.37,0.11,0.26,Leader,29
2026-04-02,TWLO,Twilio,Platform,0.38,0.11,0.26,Leader,30
2026-04-02,DUOL,Duolingo,Application,0.36,0.11,0.25,Leader,31
2026-04-02,AVGO,Broadcom,Compute,0.34,0.11,0.23,Leader,32
2026-04-02,ASML,ASML,Compute,-3.13,0.11,-3.24,Laggard,1
2026-04-02,NOW,ServiceNow,Platform,-1.96,0.11,-2.07,Laggard,2
2026-04-02,TEAM,Atlassian,Platform,-1.56,0.11,-1.67,Laggard,3
2026-04-02,GFS,GlobalFoundries,Compute,-1.11,0.11,-1.22,Laggard,4
2026-04-02,SNOW,Snowflake,Platform,-0.83,0.11,-0.94,Laggard,5
2026-04-02,META,Meta,Platform,-0.82,0.11,-0.94,Laggard,6
2026-04-02,INTU,Intuit,Application,-0.8,0.11,-0.91,Laggard,7
2026-04-02,TSM,TSMC,Compute,-0.72,0.11,-0.83,Laggard,8
2026-04-02,GOOGL,Alphabet,Platform,-0.54,0.11,-0.66,Laggard,9
2026-04-02,CDNS,Cadence Design Systems,Compute,-0.52,0.11,-0.64,Laggard,10
2026-04-02,MU,Micron,Compute,-0.44,0.11,-0.55,Laggard,11
2026-04-02,AMZN,Amazon,Platform,-0.38,0.11,-0.49,Laggard,12
2026-04-02,QCOM,Qualcomm,Compute,-0.38,0.11,-0.49,Laggard,13
2026-04-02,SHOP,Shopify,Application,-0.23,0.11,-0.34,Laggard,14
2026-04-02,SNPS,Synopsys,Compute,-0.2,0.11,-0.31,Laggard,15
2026-04-02,ON,ON Semiconductor,Compute,-0.02,0.11,-0.13,Laggard,16
2026-04-02,ADSK,Autodesk,Application,0.09,0.11,-0.02,Laggard,17
2026-04-01,MU,Micron,Compute,8.88,0.72,8.17,Leader,1
2026-04-01,INTC,Intel,Compute,8.84,0.72,8.12,Leader,2
2026-04-01,MRVL,Marvell Technology,Compute,7.73,0.72,7.02,Leader,3
2026-04-01,TWLO,Twilio,Platform,3.69,0.72,2.97,Leader,4
2026-04-01,GOOGL,Alphabet,Platform,3.42,0.72,2.7,Leader,5
2026-04-01,AMD,AMD,Compute,3.33,0.72,2.62,Leader,6
2026-04-01,DELL,Dell Technologies,Compute,3.2,0.72,2.48,Leader,7
2026-04-01,ASML,ASML,Compute,2.95,0.72,2.23,Leader,8
2026-04-01,MDB,MongoDB,Platform,1.88,0.72,1.16,Leader,9
2026-04-01,ANET,Arista Networks,Compute,1.69,0.72,0.97,Leader,10
2026-04-01,TEAM,Atlassian,Platform,1.64,0.72,0.92,Leader,11
2026-04-01,DOCU,DocuSign,Application,1.6,0.72,0.89,Leader,12
2026-04-01,GTLB,GitLab,Platform,1.57,0.72,0.85,Leader,13
2026-04-01,SNOW,Snowflake,Platform,1.52,0.72,0.81,Leader,14
2026-04-01,AVGO,Broadcom,Compute,1.29,0.72,0.57,Leader,15
2026-04-01,META,Meta,Platform,1.24,0.72,0.52,Leader,16
2026-04-01,AMZN,Amazon,Platform,1.1,0.72,0.39,Leader,17
2026-04-01,TSM,TSMC,Compute,1.05,0.72,0.33,Leader,18
2026-04-01,CDNS,Cadence Design Systems,Compute,0.83,0.72,0.12,Leader,19
2026-04-01,AKAM,Akamai Technologies,Platform,0.78,0.72,0.07,Leader,20
2026-04-01,NVDA,NVIDIA,Compute,0.77,0.72,0.06,Leader,21
2026-04-01,CRWD,CrowdStrike,Application,0.74,0.72,0.03,Leader,22
2026-04-01,ZS,Zscaler,Application,-2.58,0.72,-3.3,Laggard,1
2026-04-01,DUOL,Duolingo,Application,-2.41,0.72,-3.13,Laggard,2
2026-04-01,INTU,Intuit,Application,-1.51,0.72,-2.22,Laggard,3
2026-04-01,ORCL,Oracle,Platform,-1.28,0.72,-1.99,Laggard,4
2026-04-01,QCOM,Qualcomm,Compute,-1.16,0.72,-1.88,Laggard,5
2026-04-01,SMCI,Super Micro Computer,Compute,-1.14,0.72,-1.86,Laggard,6
2026-04-01,PATH,UiPath,Application,-0.72,0.72,-1.44,Laggard,7
2026-04-01,ADBE,Adobe,Application,-0.7,0.72,-1.42,Laggard,8
2026-04-01,WDAY,Workday,Application,-0.67,0.72,-1.39,Laggard,9
2026-04-01,ADSK,Autodesk,Application,-0.64,0.72,-1.36,Laggard,10
2026-04-01,GFS,GlobalFoundries,Compute,-0.54,0.72,-1.26,Laggard,11
2026-04-01,HUBS,HubSpot,Application,-0.54,0.72,-1.25,Laggard,12
2026-04-01,NOW,ServiceNow,Platform,-0.49,0.72,-1.2,Laggard,13
2026-04-01,NET,Cloudflare,Platform,-0.44,0.72,-1.16,Laggard,14
2026-04-01,CRM,Salesforce,Application,-0.23,0.72,-0.95,Laggard,15
2026-04-01,MSFT,Microsoft,Platform,-0.22,0.72,-0.93,Laggard,16
2026-04-01,ESTC,Elastic,Platform,-0.16,0.72,-0.88,Laggard,17
2026-04-01,SHOP,Shopify,Application,-0.08,0.72,-0.8,Laggard,18
2026-04-01,SNPS,Synopsys,Compute,0.07,0.72,-0.65,Laggard,19
2026-04-01,U,Unity Software,Application,0.09,0.72,-0.63,Laggard,20
2026-04-01,PLTR,Palantir,Platform,0.14,0.72,-0.57,Laggard,21
2026-04-01,IBM,IBM,Platform,0.31,0.72,-0.41,Laggard,22
2026-04-01,ZM,Zoom,Application,0.39,0.72,-0.33,Laggard,23
2026-04-01,ON,ON Semiconductor,Compute,0.45,0.72,-0.26,Laggard,24
2026-04-01,DDOG,Datadog,Platform,0.53,0.72,-0.19,Laggard,25
2026-04-01,OKTA,Okta,Platform,0.55,0.72,-0.16,Laggard,26
2026-04-01,HPE,Hewlett Packard Enterprise,Compute,0.71,0.72,-0.0,Laggard,27
2026-03-31,MRVL,Marvell Technology,Compute,12.8,2.91,9.89,Leader,1
2026-03-31,ON,ON Semiconductor,Compute,11.25,2.91,8.33,Leader,2
2026-03-31,SMCI,Super Micro Computer,Compute,8.12,2.91,5.21,Leader,3
2026-03-31,GFS,GlobalFoundries,Compute,7.49,2.91,4.58,Leader,4
2026-03-31,INTC,Intel,Compute,7.14,2.91,4.22,Leader,5
2026-03-31,U,Unity Software,Application,6.82,2.91,3.9,Leader,6
2026-03-31,TSM,TSMC,Compute,6.78,2.91,3.86,Leader,7
2026-03-31,META,Meta,Platform,6.67,2.91,3.75,Leader,8
2026-03-31,PLTR,Palantir,Platform,6.35,2.91,3.43,Leader,9
2026-03-31,SHOP,Shopify,Application,6.13,2.91,3.22,Leader,10
2026-03-31,NET,Cloudflare,Platform,6.02,2.91,3.1,Leader,11
2026-03-31,ORCL,Oracle,Platform,5.99,2.91,3.07,Leader,12
2026-03-31,ANET,Arista Networks,Compute,5.73,2.91,2.81,Leader,13
2026-03-31,NVDA,NVIDIA,Compute,5.59,2.91,2.68,Leader,14
2026-03-31,AVGO,Broadcom,Compute,5.49,2.91,2.57,Leader,15
2026-03-31,ASML,ASML,Compute,5.33,2.91,2.42,Leader,16
2026-03-31,HPE,Hewlett Packard Enterprise,Compute,5.31,2.91,2.39,Leader,17
2026-03-31,GOOGL,Alphabet,Platform,5.14,2.91,2.23,Leader,18
2026-03-31,MU,Micron,Compute,4.98,2.91,2.07,Leader,19
2026-03-31,DUOL,Duolingo,Application,4.73,2.91,1.81,Leader,20
2026-03-31,OKTA,Okta,Platform,4.29,2.91,1.38,Leader,21
2026-03-31,AKAM,Akamai Technologies,Platform,4.2,2.91,1.29,Leader,22
2026-03-31,MDB,MongoDB,Platform,4.06,2.91,1.15,Leader,23
2026-03-31,GTLB,GitLab,Platform,4.04,2.91,1.13,Leader,24
2026-03-31,TWLO,Twilio,Platform,4.0,2.91,1.09,Leader,25
2026-03-31,AMD,AMD,Compute,3.77,2.91,0.86,Leader,26
2026-03-31,AMZN,Amazon,Platform,3.64,2.91,0.73,Leader,27
2026-03-31,SNPS,Synopsys,Compute,3.48,2.91,0.57,Leader,28
2026-03-31,MSFT,Microsoft,Platform,3.12,2.91,0.21,Leader,29
2026-03-31,SNOW,Snowflake,Platform,-1.85,2.91,-4.77,Laggard,1
2026-03-31,NOW,ServiceNow,Platform,-0.4,2.91,-3.31,Laggard,2
2026-03-31,DELL,Dell Technologies,Compute,-0.32,2.91,-3.23,Laggard,3
2026-03-31,DOCU,DocuSign,Application,0.32,2.91,-2.6,Laggard,4
2026-03-31,INTU,Intuit,Application,0.78,2.91,-2.13,Laggard,5
2026-03-31,ADBE,Adobe,Application,0.81,2.91,-2.1,Laggard,6
2026-03-31,CRM,Salesforce,Application,0.89,2.91,-2.03,Laggard,7
2026-03-31,WDAY,Workday,Application,0.89,2.91,-2.02,Laggard,8
2026-03-31,ESTC,Elastic,Platform,1.17,2.91,-1.74,Laggard,9
2026-03-31,QCOM,Qualcomm,Compute,1.35,2.91,-1.57,Laggard,10
2026-03-31,ADSK,Autodesk,Application,1.58,2.91,-1.33,Laggard,11
2026-03-31,DDOG,Datadog,Platform,1.93,2.91,-0.98,Laggard,12
2026-03-31,TEAM,Atlassian,Platform,2.05,2.91,-0.86,Laggard,13
2026-03-31,PATH,UiPath,Application,2.12,2.91,-0.8,Laggard,14
2026-03-31,IBM,IBM,Platform,2.17,2.91,-0.75,Laggard,15
2026-03-31,ZM,Zoom,Application,2.17,2.91,-0.74,Laggard,16
2026-03-31,ZS,Zscaler,Application,2.21,2.91,-0.71,Laggard,17
2026-03-31,CDNS,Cadence Design Systems,Compute,2.58,2.91,-0.33,Laggard,18
2026-03-31,HUBS,HubSpot,Application,2.64,2.91,-0.27,Laggard,19
2026-03-31,CRWD,CrowdStrike,Application,2.72,2.91,-0.19,Laggard,20
2026-03-30,U,Unity Software,Application,5.6,-0.39,6.0,Leader,1
2026-03-30,NOW,ServiceNow,Platform,5.59,-0.39,5.99,Leader,2
2026-03-30,WDAY,Workday,Application,3.7,-0.39,4.09,Leader,3
2026-03-30,DOCU,DocuSign,Application,3.39,-0.39,3.79,Leader,4
2026-03-30,CRM,Salesforce,Application,3.19,-0.39,3.58,Leader,5
2026-03-30,ZS,Zscaler,Application,3.08,-0.39,3.47,Leader,6
2026-03-30,OKTA,Okta,Platform,3.06,-0.39,3.45,Leader,7
2026-03-30,HUBS,HubSpot,Application,3.04,-0.39,3.44,Leader,8
2026-03-30,INTU,Intuit,Application,3.02,-0.39,3.42,Leader,9
2026-03-30,CRWD,CrowdStrike,Application,2.84,-0.39,3.23,Leader,10
2026-03-30,TEAM,Atlassian,Platform,2.7,-0.39,3.1,Leader,11
2026-03-30,ADBE,Adobe,Application,2.68,-0.39,3.07,Leader,12
2026-03-30,ADSK,Autodesk,Application,2.54,-0.39,2.94,Leader,13
2026-03-30,GTLB,GitLab,Platform,2.21,-0.39,2.61,Leader,14
2026-03-30,META,Meta,Platform,2.03,-0.39,2.42,Leader,15
2026-03-30,ESTC,Elastic,Platform,1.83,-0.39,2.23,Leader,16
2026-03-30,PATH,UiPath,Application,1.68,-0.39,2.08,Leader,17
2026-03-30,ZM,Zoom,Application,1.25,-0.39,1.64,Leader,18
2026-03-30,DDOG,Datadog,Platform,1.16,-0.39,1.56,Leader,19
2026-03-30,TWLO,Twilio,Platform,0.83,-0.39,1.22,Leader,20
2026-03-30,AMZN,Amazon,Platform,0.81,-0.39,1.2,Leader,21
2026-03-30,SNPS,Synopsys,Compute,0.7,-0.39,1.1,Leader,22
2026-03-30,MSFT,Microsoft,Platform,0.61,-0.39,1.01,Leader,23
2026-03-30,SNOW,Snowflake,Platform,0.57,-0.39,0.96,Leader,24
2026-03-30,IBM,IBM,Platform,0.39,-0.39,0.78,Leader,25
2026-03-30,QCOM,Qualcomm,Compute,-0.03,-0.39,0.36,Leader,26
2026-03-30,SHOP,Shopify,Application,-0.07,-0.39,0.32,Leader,27
2026-03-30,MDB,MongoDB,Platform,-0.13,-0.39,0.27,Leader,28
2026-03-30,GOOGL,Alphabet,Platform,-0.31,-0.39,0.09,Leader,29
2026-03-30,CDNS,Cadence Design Systems,Compute,-0.33,-0.39,0.07,Leader,30
2026-03-30,MU,Micron,Compute,-9.92,-0.39,-9.52,Laggard,1
2026-03-30,MRVL,Marvell Technology,Compute,-7.45,-0.39,-7.06,Laggard,2
2026-03-30,HPE,Hewlett Packard Enterprise,Compute,-5.56,-0.39,-5.16,Laggard,3
2026-03-30,ON,ON Semiconductor,Compute,-4.61,-0.39,-4.22,Laggard,4
2026-03-30,INTC,Intel,Compute,-4.5,-0.39,-4.1,Laggard,5
2026-03-30,DELL,Dell Technologies,Compute,-4.16,-0.39,-3.77,Laggard,6
2026-03-30,SMCI,Super Micro Computer,Compute,-4.14,-0.39,-3.75,Laggard,7
2026-03-30,NET,Cloudflare,Platform,-4.13,-0.39,-3.74,Laggard,8
2026-03-30,PLTR,Palantir,Platform,-3.85,-0.39,-3.46,Laggard,9
2026-03-30,ANET,Arista Networks,Compute,-3.84,-0.39,-3.45,Laggard,10
2026-03-30,AKAM,Akamai Technologies,Platform,-3.74,-0.39,-3.34,Laggard,11
2026-03-30,ASML,ASML,Compute,-3.72,-0.39,-3.33,Laggard,12
2026-03-30,GFS,GlobalFoundries,Compute,-3.63,-0.39,-3.24,Laggard,13
2026-03-30,TSM,TSMC,Compute,-3.13,-0.39,-2.74,Laggard,14
2026-03-30,AMD,AMD,Compute,-2.95,-0.39,-2.55,Laggard,15
2026-03-30,AVGO,Broadcom,Compute,-2.42,-0.39,-2.02,Laggard,16
2026-03-30,NVDA,NVIDIA,Compute,-1.4,-0.39,-1.01,Laggard,17
2026-03-30,DUOL,Duolingo,Application,-1.29,-0.39,-0.9,Laggard,18
2026-03-30,ORCL,Oracle,Platform,-0.62,-0.39,-0.22,Laggard,19
2026-03-27,U,Unity Software,Application,13.54,-1.67,15.22,Leader,1
2026-03-27,MU,Micron,Compute,0.5,-1.67,2.17,Leader,2
2026-03-27,TSM,TSMC,Compute,0.19,-1.67,1.87,Leader,3
2026-03-27,AMD,AMD,Compute,-0.87,-1.67,0.8,Leader,4
2026-03-27,SMCI,Super Micro Computer,Compute,-1.08,-1.67,0.59,Leader,5
2026-03-27,ANET,Arista Networks,Compute,-1.45,-1.67,0.22,Leader,6
2026-03-27,DDOG,Datadog,Platform,-7.9,-1.67,-6.23,Laggard,1
2026-03-27,OKTA,Okta,Platform,-7.75,-1.67,-6.08,Laggard,2
2026-03-27,ZS,Zscaler,Application,-5.89,-1.67,-4.22,Laggard,3
2026-03-27,CRWD,CrowdStrike,Application,-5.87,-1.67,-4.2,Laggard,4
2026-03-27,SNOW,Snowflake,Platform,-5.87,-1.67,-4.2,Laggard,5
2026-03-27,HUBS,HubSpot,Application,-5.83,-1.67,-4.15,Laggard,6
2026-03-27,ESTC,Elastic,Platform,-5.44,-1.67,-3.77,Laggard,7
2026-03-27,SNPS,Synopsys,Compute,-5.34,-1.67,-3.67,Laggard,8
2026-03-27,TWLO,Twilio,Platform,-4.85,-1.67,-3.17,Laggard,9
2026-03-27,HPE,Hewlett Packard Enterprise,Compute,-4.51,-1.67,-2.84,Laggard,10
2026-03-27,TEAM,Atlassian,Platform,-4.42,-1.67,-2.75,Laggard,11
2026-03-27,GTLB,GitLab,Platform,-4.24,-1.67,-2.56,Laggard,12
2026-03-27,ADSK,Autodesk,Application,-4.17,-1.67,-2.49,Laggard,13
2026-03-27,ON,ON Semiconductor,Compute,-4.14,-1.67,-2.47,Laggard,14
2026-03-27,NOW,ServiceNow,Platform,-4.08,-1.67,-2.41,Laggard,15
2026-03-27,META,Meta,Platform,-3.99,-1.67,-2.31,Laggard,16
2026-03-27,AMZN,Amazon,Platform,-3.95,-1.67,-2.28,Laggard,17
2026-03-27,INTU,Intuit,Application,-3.72,-1.67,-2.05,Laggard,18
2026-03-27,GFS,GlobalFoundries,Compute,-3.66,-1.67,-1.98,Laggard,19
2026-03-27,CRM,Salesforce,Application,-3.41,-1.67,-1.74,Laggard,20
2026-03-27,NET,Cloudflare,Platform,-3.38,-1.67,-1.71,Laggard,21
2026-03-27,PATH,UiPath,Application,-3.17,-1.67,-1.5,Laggard,22
2026-03-27,CDNS,Cadence Design Systems,Compute,-3.15,-1.67,-1.48,Laggard,23
2026-03-27,DOCU,DocuSign,Application,-3.12,-1.67,-1.44,Laggard,24
2026-03-27,SHOP,Shopify,Application,-3.1,-1.67,-1.43,Laggard,25
2026-03-27,PLTR,Palantir,Platform,-3.05,-1.67,-1.38,Laggard,26
2026-03-27,WDAY,Workday,Application,-2.96,-1.67,-1.29,Laggard,27
2026-03-27,MRVL,Marvell Technology,Compute,-2.87,-1.67,-1.19,Laggard,28
2026-03-27,AVGO,Broadcom,Compute,-2.82,-1.67,-1.15,Laggard,29
2026-03-27,DUOL,Duolingo,Application,-2.81,-1.67,-1.14,Laggard,30
2026-03-27,QCOM,Qualcomm,Compute,-2.63,-1.67,-0.96,Laggard,31
2026-03-27,MSFT,Microsoft,Platform,-2.51,-1.67,-0.84,Laggard,32
2026-03-27,ADBE,Adobe,Application,-2.51,-1.67,-0.84,Laggard,33
2026-03-27,MDB,MongoDB,Platform,-2.39,-1.67,-0.72,Laggard,34
2026-03-27,GOOGL,Alphabet,Platform,-2.34,-1.67,-0.67,Laggard,35
2026-03-27,AKAM,Akamai Technologies,Platform,-2.35,-1.67,-0.67,Laggard,36
2026-03-27,DELL,Dell Technologies,Compute,-2.28,-1.67,-0.61,Laggard,37
2026-03-27,INTC,Intel,Compute,-2.2,-1.67,-0.53,Laggard,38
2026-03-27,ORCL,Oracle,Platform,-2.21,-1.67,-0.53,Laggard,39
2026-03-27,IBM,IBM,Platform,-2.21,-1.67,-0.53,Laggard,40
2026-03-27,NVDA,NVIDIA,Compute,-2.17,-1.67,-0.5,Laggard,41
2026-03-27,ZM,Zoom,Application,-2.03,-1.67,-0.36,Laggard,42
2026-03-27,ASML,ASML,Compute,-2.03,-1.67,-0.36,Laggard,43
2026-03-26,HUBS,HubSpot,Application,2.94,-1.74,4.68,Leader,1
2026-03-26,GTLB,GitLab,Platform,2.81,-1.74,4.55,Leader,2
2026-03-26,ESTC,Elastic,Platform,2.74,-1.74,4.48,Leader,3
2026-03-26,TEAM,Atlassian,Platform,2.51,-1.74,4.25,Leader,4
2026-03-26,CRM,Salesforce,Application,2.02,-1.74,3.76,Leader,5
2026-03-26,DOCU,DocuSign,Application,1.9,-1.74,3.64,Leader,6
2026-03-26,ADSK,Autodesk,Application,1.87,-1.74,3.61,Leader,7
2026-03-26,CRWD,CrowdStrike,Application,1.75,-1.74,3.49,Leader,8
2026-03-26,OKTA,Okta,Platform,1.61,-1.74,3.35,Leader,9
2026-03-26,ZM,Zoom,Application,1.55,-1.74,3.29,Leader,10
2026-03-26,ADBE,Adobe,Application,1.53,-1.74,3.27,Leader,11
2026-03-26,ZS,Zscaler,Application,1.48,-1.74,3.22,Leader,12
2026-03-26,INTU,Intuit,Application,1.33,-1.74,3.07,Leader,13
2026-03-26,SNOW,Snowflake,Platform,1.07,-1.74,2.81,Leader,14
2026-03-26,PATH,UiPath,Application,1.01,-1.74,2.75,Leader,15
2026-03-26,DDOG,Datadog,Platform,0.82,-1.74,2.56,Leader,16
2026-03-26,WDAY,Workday,Application,0.71,-1.74,2.45,Leader,17
2026-03-26,NOW,ServiceNow,Platform,0.56,-1.74,2.3,Leader,18
2026-03-26,TWLO,Twilio,Platform,0.53,-1.74,2.27,Leader,19
2026-03-26,QCOM,Qualcomm,Compute,0.15,-1.74,1.89,Leader,20
2026-03-26,IBM,IBM,Platform,0.12,-1.74,1.86,Leader,21
2026-03-26,CDNS,Cadence Design Systems,Compute,-0.27,-1.74,1.47,Leader,22
2026-03-26,MRVL,Marvell Technology,Compute,-0.78,-1.74,0.96,Leader,23
2026-03-26,DUOL,Duolingo,Application,-1.02,-1.74,0.72,Leader,24
2026-03-26,MSFT,Microsoft,Platform,-1.37,-1.74,0.37,Leader,25
2026-03-26,AKAM,Akamai Technologies,Platform,-1.59,-1.74,0.15,Leader,26
2026-03-26,ANET,Arista Networks,Compute,-9.23,-1.74,-7.49,Laggard,1
2026-03-26,META,Meta,Platform,-7.96,-1.74,-6.22,Laggard,2
2026-03-26,SMCI,Super Micro Computer,Compute,-7.65,-1.74,-5.91,Laggard,3
2026-03-26,AMD,AMD,Compute,-7.49,-1.74,-5.75,Laggard,4
2026-03-26,MU,Micron,Compute,-6.97,-1.74,-5.23,Laggard,5
2026-03-26,INTC,Intel,Compute,-6.53,-1.74,-4.79,Laggard,6
2026-03-26,TSM,TSMC,Compute,-6.22,-1.74,-4.48,Laggard,7
2026-03-26,PLTR,Palantir,Platform,-4.78,-1.74,-3.03,Laggard,8
2026-03-26,GFS,GlobalFoundries,Compute,-4.64,-1.74,-2.9,Laggard,9
2026-03-26,ASML,ASML,Compute,-4.62,-1.74,-2.88,Laggard,10
2026-03-26,DELL,Dell Technologies,Compute,-4.45,-1.74,-2.71,Laggard,11
2026-03-26,NVDA,NVIDIA,Compute,-4.16,-1.74,-2.42,Laggard,12
2026-03-26,U,Unity Software,Application,-3.76,-1.74,-2.02,Laggard,13
2026-03-26,NET,Cloudflare,Platform,-3.61,-1.74,-1.87,Laggard,14
2026-03-26,ON,ON Semiconductor,Compute,-3.53,-1.74,-1.79,Laggard,15
2026-03-26,GOOGL,Alphabet,Platform,-3.44,-1.74,-1.7,Laggard,16
2026-03-26,AVGO,Broadcom,Compute,-2.95,-1.74,-1.21,Laggard,17
2026-03-26,HPE,Hewlett Packard Enterprise,Compute,-2.75,-1.74,-1.01,Laggard,18
2026-03-26,SHOP,Shopify,Application,-2.52,-1.74,-0.78,Laggard,19
2026-03-26,ORCL,Oracle,Platform,-2.2,-1.74,-0.46,Laggard,20
2026-03-26,MDB,MongoDB,Platform,-2.13,-1.74,-0.39,Laggard,21
2026-03-26,SNPS,Synopsys,Compute,-1.99,-1.74,-0.25,Laggard,22
2026-03-26,AMZN,Amazon,Platform,-1.97,-1.74,-0.23,Laggard,23
2026-03-25,SMCI,Super Micro Computer,Compute,8.19,0.54,7.65,Leader,1
2026-03-25,HPE,Hewlett Packard Enterprise,Compute,7.87,0.54,7.32,Leader,2
2026-03-25,AMD,AMD,Compute,7.26,0.54,6.71,Leader,3
2026-03-25,INTC,Intel,Compute,7.08,0.54,6.54,Leader,4
2026-03-25,MRVL,Marvell Technology,Compute,6.59,0.54,6.05,Leader,5
2026-03-25,AKAM,Akamai Technologies,Platform,4.06,0.54,3.52,Leader,6
2026-03-25,DELL,Dell Technologies,Compute,4.01,0.54,3.47,Leader,7
2026-03-25,ANET,Arista Networks,Compute,3.22,0.54,2.68,Leader,8
2026-03-25,ZM,Zoom,Application,2.8,0.54,2.26,Leader,9
2026-03-25,NET,Cloudflare,Platform,2.28,0.54,1.73,Leader,10
2026-03-25,AMZN,Amazon,Platform,2.16,0.54,1.62,Leader,11
2026-03-25,TWLO,Twilio,Platform,2.15,0.54,1.61,Leader,12
2026-03-25,NVDA,NVIDIA,Compute,1.99,0.54,1.44,Leader,13
2026-03-25,SHOP,Shopify,Application,1.95,0.54,1.41,Leader,14
2026-03-25,OKTA,Okta,Platform,1.77,0.54,1.23,Leader,15
2026-03-25,DUOL,Duolingo,Application,1.47,0.54,0.93,Leader,16
2026-03-25,GFS,GlobalFoundries,Compute,1.43,0.54,0.89,Leader,17
2026-03-25,TSM,TSMC,Compute,1.31,0.54,0.77,Leader,18
2026-03-25,QCOM,Qualcomm,Compute,1.31,0.54,0.76,Leader,19
2026-03-25,ON,ON Semiconductor,Compute,1.22,0.54,0.68,Leader,20
2026-03-25,DDOG,Datadog,Platform,0.59,0.54,0.05,Leader,21
2026-03-25,MU,Micron,Compute,-3.4,0.54,-3.94,Laggard,1
2026-03-25,MDB,MongoDB,Platform,-2.85,0.54,-3.39,Laggard,2
2026-03-25,TEAM,Atlassian,Platform,-2.51,0.54,-3.05,Laggard,3
2026-03-25,U,Unity Software,Application,-1.87,0.54,-2.42,Laggard,4
2026-03-25,CRWD,CrowdStrike,Application,-1.81,0.54,-2.36,Laggard,5
2026-03-25,WDAY,Workday,Application,-1.72,0.54,-2.26,Laggard,6
2026-03-25,ADSK,Autodesk,Application,-1.66,0.54,-2.2,Laggard,7
2026-03-25,NOW,ServiceNow,Platform,-1.52,0.54,-2.06,Laggard,8
2026-03-25,SNPS,Synopsys,Compute,-1.32,0.54,-1.86,Laggard,9
2026-03-25,INTU,Intuit,Application,-1.29,0.54,-1.83,Laggard,10
2026-03-25,PATH,UiPath,Application,-1.26,0.54,-1.81,Laggard,11
2026-03-25,CDNS,Cadence Design Systems,Compute,-1.03,0.54,-1.57,Laggard,12
2026-03-25,ORCL,Oracle,Platform,-0.73,0.54,-1.27,Laggard,13
2026-03-25,ADBE,Adobe,Application,-0.68,0.54,-1.22,Laggard,14
2026-03-25,CRM,Salesforce,Application,-0.58,0.54,-1.12,Laggard,15
2026-03-25,MSFT,Microsoft,Platform,-0.46,0.54,-1.0,Laggard,16
2026-03-25,SNOW,Snowflake,Platform,-0.45,0.54,-0.99,Laggard,17
2026-03-25,ASML,ASML,Compute,-0.4,0.54,-0.94,Laggard,18
2026-03-25,ZS,Zscaler,Application,0.02,0.54,-0.52,Laggard,19
2026-03-25,HUBS,HubSpot,Application,0.05,0.54,-0.49,Laggard,20
2026-03-25,GTLB,GitLab,Platform,0.05,0.54,-0.49,Laggard,21
2026-03-25,PLTR,Palantir,Platform,0.12,0.54,-0.43,Laggard,22
2026-03-25,AVGO,Broadcom,Compute,0.16,0.54,-0.38,Laggard,23
2026-03-25,GOOGL,Alphabet,Platform,0.17,0.54,-0.37,Laggard,24
2026-03-25,DOCU,DocuSign,Application,0.3,0.54,-0.24,Laggard,25
2026-03-25,META,Meta,Platform,0.33,0.54,-0.21,Laggard,26
2026-03-25,IBM,IBM,Platform,0.33,0.54,-0.21,Laggard,27
2026-03-25,ESTC,Elastic,Platform,0.54,0.54,0.0,Laggard,28
2026-03-24,DELL,Dell Technologies,Compute,7.49,-0.37,7.86,Leader,1
2026-03-24,HPE,Hewlett Packard Enterprise,Compute,7.08,-0.37,7.45,Leader,2
2026-03-24,GFS,GlobalFoundries,Compute,4.82,-0.37,5.2,Leader,3
2026-03-24,ON,ON Semiconductor,Compute,4.09,-0.37,4.47,Leader,4
2026-03-24,SMCI,Super Micro Computer,Compute,3.01,-0.37,3.39,Leader,5
2026-03-24,MRVL,Marvell Technology,Compute,2.44,-0.37,2.81,Leader,6
2026-03-24,ASML,ASML,Compute,2.18,-0.37,2.55,Leader,7
2026-03-24,TSM,TSMC,Compute,1.42,-0.37,1.79,Leader,8
2026-03-24,AMD,AMD,Compute,1.33,-0.37,1.7,Leader,9
2026-03-24,QCOM,Qualcomm,Compute,0.25,-0.37,0.62,Leader,10
2026-03-24,INTC,Intel,Compute,0.11,-0.37,0.49,Leader,11
2026-03-24,AKAM,Akamai Technologies,Platform,0.06,-0.37,0.44,Leader,12
2026-03-24,NVDA,NVIDIA,Compute,-0.25,-0.37,0.12,Leader,13
2026-03-24,HUBS,HubSpot,Application,-9.2,-0.37,-8.83,Laggard,1
2026-03-24,PATH,UiPath,Application,-8.74,-0.37,-8.36,Laggard,2
2026-03-24,TEAM,Atlassian,Platform,-8.39,-0.37,-8.01,Laggard,3
2026-03-24,ZS,Zscaler,Application,-8.16,-0.37,-7.79,Laggard,4
2026-03-24,SNOW,Snowflake,Platform,-7.38,-0.37,-7.01,Laggard,5
2026-03-24,GTLB,GitLab,Platform,-7.23,-0.37,-6.86,Laggard,6
2026-03-24,MDB,MongoDB,Platform,-7.13,-0.37,-6.76,Laggard,7
2026-03-24,CRM,Salesforce,Application,-6.23,-0.37,-5.86,Laggard,8
2026-03-24,ESTC,Elastic,Platform,-6.09,-0.37,-5.71,Laggard,9
2026-03-24,NOW,ServiceNow,Platform,-5.68,-0.37,-5.3,Laggard,10
2026-03-24,WDAY,Workday,Application,-5.67,-0.37,-5.29,Laggard,11
2026-03-24,DOCU,DocuSign,Application,-5.39,-0.37,-5.02,Laggard,12
2026-03-24,INTU,Intuit,Application,-5.38,-0.37,-5.0,Laggard,13
2026-03-24,OKTA,Okta,Platform,-5.35,-0.37,-4.98,Laggard,14
2026-03-24,DDOG,Datadog,Platform,-5.15,-0.37,-4.78,Laggard,15
2026-03-24,CRWD,CrowdStrike,Application,-4.92,-0.37,-4.54,Laggard,16
2026-03-24,ORCL,Oracle,Platform,-4.7,-0.37,-4.32,Laggard,17
2026-03-24,SHOP,Shopify,Application,-4.09,-0.37,-3.71,Laggard,18
2026-03-24,SNPS,Synopsys,Compute,-3.9,-0.37,-3.52,Laggard,19
2026-03-24,GOOGL,Alphabet,Platform,-3.85,-0.37,-3.47,Laggard,20
2026-03-24,PLTR,Palantir,Platform,-3.77,-0.37,-3.39,Laggard,21
2026-03-24,ANET,Arista Networks,Compute,-3.74,-0.37,-3.36,Laggard,22
2026-03-24,ADBE,Adobe,Application,-3.54,-0.37,-3.17,Laggard,23
2026-03-24,NET,Cloudflare,Platform,-3.4,-0.37,-3.02,Laggard,24
2026-03-24,TWLO,Twilio,Platform,-3.38,-0.37,-3.01,Laggard,25
2026-03-24,ADSK,Autodesk,Application,-3.25,-0.37,-2.88,Laggard,26
2026-03-24,IBM,IBM,Platform,-3.16,-0.37,-2.79,Laggard,27
2026-03-24,CDNS,Cadence Design Systems,Compute,-2.8,-0.37,-2.43,Laggard,28
2026-03-24,U,Unity Software,Application,-2.73,-0.37,-2.36,Laggard,29
2026-03-24,MSFT,Microsoft,Platform,-2.68,-0.37,-2.3,Laggard,30
2026-03-24,ZM,Zoom,Application,-2.53,-0.37,-2.15,Laggard,31
2026-03-24,MU,Micron,Compute,-2.18,-0.37,-1.81,Laggard,32
2026-03-24,DUOL,Duolingo,Application,-2.08,-0.37,-1.7,Laggard,33
2026-03-24,META,Meta,Platform,-1.84,-0.37,-1.47,Laggard,34
2026-03-24,AMZN,Amazon,Platform,-1.38,-0.37,-1.01,Laggard,35
2026-03-24,AVGO,Broadcom,Compute,-1.31,-0.37,-0.93,Laggard,36
2026-03-23,PLTR,Palantir,Platform,6.74,1.15,5.6,Leader,1
2026-03-23,SMCI,Super Micro Computer,Compute,5.11,1.15,3.97,Leader,2
2026-03-23,MDB,MongoDB,Platform,4.63,1.15,3.48,Leader,3
2026-03-23,DELL,Dell Technologies,Compute,4.39,1.15,3.24,Leader,4
2026-03-23,ASML,ASML,Compute,3.98,1.15,2.83,Leader,5
2026-03-23,AVGO,Broadcom,Compute,3.86,1.15,2.72,Leader,6
2026-03-23,SHOP,Shopify,Application,3.7,1.15,2.55,Leader,7
2026-03-23,SNOW,Snowflake,Platform,3.68,1.15,2.53,Leader,8
2026-03-23,AKAM,Akamai Technologies,Platform,3.58,1.15,2.43,Leader,9
2026-03-23,ANET,Arista Networks,Compute,3.55,1.15,2.41,Leader,10
2026-03-23,OKTA,Okta,Platform,3.43,1.15,2.29,Leader,11
2026-03-23,DDOG,Datadog,Platform,3.32,1.15,2.17,Leader,12
2026-03-23,DOCU,DocuSign,Application,3.3,1.15,2.16,Leader,13
2026-03-23,ORCL,Oracle,Platform,3.11,1.15,1.97,Leader,14
2026-03-23,CDNS,Cadence Design Systems,Compute,3.04,1.15,1.89,Leader,15
2026-03-23,HPE,Hewlett Packard Enterprise,Compute,2.9,1.15,1.76,Leader,16
2026-03-23,SNPS,Synopsys,Compute,2.89,1.15,1.75,Leader,17
2026-03-23,TSM,TSMC,Compute,2.8,1.15,1.65,Leader,18
2026-03-23,IBM,IBM,Platform,2.76,1.15,1.61,Leader,19
2026-03-23,MRVL,Marvell Technology,Compute,2.56,1.15,1.41,Leader,20
2026-03-23,NET,Cloudflare,Platform,2.43,1.15,1.28,Leader,21
2026-03-23,TWLO,Twilio,Platform,2.4,1.15,1.26,Leader,22
2026-03-23,AMZN,Amazon,Platform,2.32,1.15,1.18,Leader,23
2026-03-23,GFS,GlobalFoundries,Compute,2.04,1.15,0.9,Leader,24
2026-03-23,META,Meta,Platform,1.75,1.15,0.61,Leader,25
2026-03-23,ZM,Zoom,Application,1.75,1.15,0.6,Leader,26
2026-03-23,DUOL,Duolingo,Application,1.73,1.15,0.59,Leader,27
2026-03-23,NVDA,NVIDIA,Compute,1.7,1.15,0.56,Leader,28
2026-03-23,U,Unity Software,Application,1.41,1.15,0.27,Leader,29
2026-03-23,HUBS,HubSpot,Application,1.26,1.15,0.11,Leader,30
2026-03-23,MU,Micron,Compute,-4.39,1.15,-5.53,Laggard,1
2026-03-23,QCOM,Qualcomm,Compute,-1.19,1.15,-2.34,Laggard,2
2026-03-23,ESTC,Elastic,Platform,-0.79,1.15,-1.93,Laggard,3
2026-03-23,ADSK,Autodesk,Application,-0.22,1.15,-1.37,Laggard,4
2026-03-23,ADBE,Adobe,Application,-0.21,1.15,-1.35,Laggard,5
2026-03-23,CRM,Salesforce,Application,-0.1,1.15,-1.25,Laggard,6
2026-03-23,GTLB,GitLab,Platform,0.09,1.15,-1.06,Laggard,7
2026-03-23,ZS,Zscaler,Application,0.22,1.15,-0.93,Laggard,8
2026-03-23,MSFT,Microsoft,Platform,0.3,1.15,-0.85,Laggard,9
2026-03-23,INTC,Intel,Compute,0.32,1.15,-0.83,Laggard,10
2026-03-23,INTU,Intuit,Application,0.32,1.15,-0.82,Laggard,11
2026-03-23,GOOGL,Alphabet,Platform,0.35,1.15,-0.79,Laggard,12
2026-03-23,NOW,ServiceNow,Platform,0.52,1.15,-0.63,Laggard,13
2026-03-23,PATH,UiPath,Application,0.58,1.15,-0.56,Laggard,14
2026-03-23,AMD,AMD,Compute,0.67,1.15,-0.47,Laggard,15
2026-03-23,WDAY,Workday,Application,0.81,1.15,-0.34,Laggard,16
2026-03-23,TEAM,Atlassian,Platform,0.92,1.15,-0.22,Laggard,17
2026-03-23,CRWD,CrowdStrike,Application,1.05,1.15,-0.09,Laggard,18
2026-03-23,ON,ON Semiconductor,Compute,1.06,1.15,-0.08,Laggard,19
2026-03-20,WDAY,Workday,Application,1.93,-1.51,3.45,Leader,1
2026-03-20,ADBE,Adobe,Application,0.88,-1.51,2.39,Leader,2
2026-03-20,DELL,Dell Technologies,Compute,0.58,-1.51,2.09,Leader,3
2026-03-20,AKAM,Akamai Technologies,Platform,0.44,-1.51,1.95,Leader,4
2026-03-20,CRM,Salesforce,Application,0.2,-1.51,1.71,Leader,5
2026-03-20,ADSK,Autodesk,Application,0.14,-1.51,1.65,Leader,6
2026-03-20,INTU,Intuit,Application,0.07,-1.51,1.58,Leader,7
2026-03-20,ON,ON Semiconductor,Compute,-0.05,-1.51,1.46,Leader,8
2026-03-20,ZM,Zoom,Application,-0.17,-1.51,1.34,Leader,9
2026-03-20,GFS,GlobalFoundries,Compute,-0.65,-1.51,0.87,Leader,10
2026-03-20,QCOM,Qualcomm,Compute,-1.05,-1.51,0.46,Leader,11
2026-03-20,DOCU,DocuSign,Application,-1.09,-1.51,0.42,Leader,12
2026-03-20,TEAM,Atlassian,Platform,-1.17,-1.51,0.35,Leader,13
2026-03-20,CDNS,Cadence Design Systems,Compute,-1.22,-1.51,0.3,Leader,14
2026-03-20,HUBS,HubSpot,Application,-1.34,-1.51,0.18,Leader,15
2026-03-20,PATH,UiPath,Application,-1.47,-1.51,0.04,Leader,16
2026-03-20,SMCI,Super Micro Computer,Compute,-33.32,-1.51,-31.81,Laggard,1
2026-03-20,INTC,Intel,Compute,-5.0,-1.51,-3.49,Laggard,2
2026-03-20,MU,Micron,Compute,-4.81,-1.51,-3.3,Laggard,3
2026-03-20,SHOP,Shopify,Application,-4.57,-1.51,-3.05,Laggard,4
2026-03-20,CRWD,CrowdStrike,Application,-4.48,-1.51,-2.97,Laggard,5
2026-03-20,SNOW,Snowflake,Platform,-4.21,-1.51,-2.69,Laggard,6
2026-03-20,U,Unity Software,Application,-3.97,-1.51,-2.45,Laggard,7
2026-03-20,ORCL,Oracle,Platform,-3.76,-1.51,-2.24,Laggard,8
2026-03-20,DDOG,Datadog,Platform,-3.74,-1.51,-2.23,Laggard,9
2026-03-20,ANET,Arista Networks,Compute,-3.7,-1.51,-2.18,Laggard,10
2026-03-20,ASML,ASML,Compute,-3.6,-1.51,-2.08,Laggard,11
2026-03-20,IBM,IBM,Platform,-3.43,-1.51,-1.92,Laggard,12
2026-03-20,ESTC,Elastic,Platform,-3.34,-1.51,-1.82,Laggard,13
2026-03-20,MDB,MongoDB,Platform,-3.33,-1.51,-1.82,Laggard,14
2026-03-20,NVDA,NVIDIA,Compute,-3.28,-1.51,-1.77,Laggard,15
2026-03-20,PLTR,Palantir,Platform,-3.21,-1.51,-1.7,Laggard,16
2026-03-20,AVGO,Broadcom,Compute,-2.92,-1.51,-1.4,Laggard,17
2026-03-20,OKTA,Okta,Platform,-2.91,-1.51,-1.4,Laggard,18
2026-03-20,TSM,TSMC,Compute,-2.82,-1.51,-1.31,Laggard,19
2026-03-20,GTLB,GitLab,Platform,-2.8,-1.51,-1.28,Laggard,20
2026-03-20,NET,Cloudflare,Platform,-2.68,-1.51,-1.17,Laggard,21
2026-03-20,NOW,ServiceNow,Platform,-2.55,-1.51,-1.04,Laggard,22
2026-03-20,TWLO,Twilio,Platform,-2.54,-1.51,-1.03,Laggard,23
2026-03-20,ZS,Zscaler,Application,-2.53,-1.51,-1.02,Laggard,24
2026-03-20,META,Meta,Platform,-2.15,-1.51,-0.64,Laggard,25
2026-03-20,GOOGL,Alphabet,Platform,-2.0,-1.51,-0.48,Laggard,26
2026-03-20,HPE,Hewlett Packard Enterprise,Compute,-1.94,-1.51,-0.43,Laggard,27
2026-03-20,AMD,AMD,Compute,-1.92,-1.51,-0.41,Laggard,28
2026-03-20,SNPS,Synopsys,Compute,-1.85,-1.51,-0.34,Laggard,29
2026-03-20,MSFT,Microsoft,Platform,-1.84,-1.51,-0.32,Laggard,30
2026-03-20,MRVL,Marvell Technology,Compute,-1.81,-1.51,-0.3,Laggard,31
2026-03-20,AMZN,Amazon,Platform,-1.62,-1.51,-0.11,Laggard,32
2026-03-20,DUOL,Duolingo,Application,-1.56,-1.51,-0.05,Laggard,33
2026-03-19,DELL,Dell Technologies,Compute,5.06,-0.27,5.33,Leader,1
2026-03-19,OKTA,Okta,Platform,2.97,-0.27,3.25,Leader,2
2026-03-19,AMD,AMD,Compute,2.91,-0.27,3.19,Leader,3
2026-03-19,HPE,Hewlett Packard Enterprise,Compute,2.74,-0.27,3.02,Leader,4
2026-03-19,INTC,Intel,Compute,2.55,-0.27,2.83,Leader,5
2026-03-19,MRVL,Marvell Technology,Compute,2.18,-0.27,2.45,Leader,6
2026-03-19,GFS,GlobalFoundries,Compute,2.1,-0.27,2.37,Leader,7
2026-03-19,PLTR,Palantir,Platform,1.9,-0.27,2.18,Leader,8
2026-03-19,INTU,Intuit,Application,1.89,-0.27,2.17,Leader,9
2026-03-19,ORCL,Oracle,Platform,1.71,-0.27,1.99,Leader,10
2026-03-19,TEAM,Atlassian,Platform,1.54,-0.27,1.81,Leader,11
2026-03-19,SMCI,Super Micro Computer,Compute,1.45,-0.27,1.72,Leader,12
2026-03-19,SNOW,Snowflake,Platform,1.24,-0.27,1.52,Leader,13
2026-03-19,AVGO,Broadcom,Compute,1.24,-0.27,1.51,Leader,14
2026-03-19,GTLB,GitLab,Platform,1.15,-0.27,1.42,Leader,15
2026-03-19,AKAM,Akamai Technologies,Platform,1.05,-0.27,1.32,Leader,16
2026-03-19,WDAY,Workday,Application,0.82,-0.27,1.1,Leader,17
2026-03-19,ASML,ASML,Compute,0.83,-0.27,1.1,Leader,18
2026-03-19,TWLO,Twilio,Platform,0.63,-0.27,0.91,Leader,19
2026-03-19,QCOM,Qualcomm,Compute,0.62,-0.27,0.9,Leader,20
2026-03-19,MDB,MongoDB,Platform,0.61,-0.27,0.89,Leader,21
2026-03-19,ZM,Zoom,Application,0.41,-0.27,0.68,Leader,22
2026-03-19,CRM,Salesforce,Application,0.33,-0.27,0.61,Leader,23
2026-03-19,ANET,Arista Networks,Compute,0.14,-0.27,0.41,Leader,24
2026-03-19,HUBS,HubSpot,Application,0.08,-0.27,0.36,Leader,25
2026-03-19,ADBE,Adobe,Application,-0.0,-0.27,0.27,Leader,26
2026-03-19,SNPS,Synopsys,Compute,-0.1,-0.27,0.18,Leader,27
2026-03-19,GOOGL,Alphabet,Platform,-0.18,-0.27,0.09,Leader,28
2026-03-19,TSM,TSMC,Compute,-0.23,-0.27,0.05,Leader,29
2026-03-19,MU,Micron,Compute,-3.78,-0.27,-3.51,Laggard,1
2026-03-19,U,Unity Software,Application,-2.84,-0.27,-2.57,Laggard,2
2026-03-19,DOCU,DocuSign,Application,-2.35,-0.27,-2.08,Laggard,3
2026-03-19,ON,ON Semiconductor,Compute,-1.94,-0.27,-1.66,Laggard,4
2026-03-19,NET,Cloudflare,Platform,-1.83,-0.27,-1.55,Laggard,5
2026-03-19,CRWD,CrowdStrike,Application,-1.75,-0.27,-1.48,Laggard,6
2026-03-19,PATH,UiPath,Application,-1.69,-0.27,-1.41,Laggard,7
2026-03-19,META,Meta,Platform,-1.46,-0.27,-1.18,Laggard,8
2026-03-19,SHOP,Shopify,Application,-1.12,-0.27,-0.84,Laggard,9
2026-03-19,ESTC,Elastic,Platform,-1.09,-0.27,-0.82,Laggard,10
2026-03-19,NVDA,NVIDIA,Compute,-1.02,-0.27,-0.75,Laggard,11
2026-03-19,DDOG,Datadog,Platform,-1.01,-0.27,-0.73,Laggard,12
2026-03-19,CDNS,Cadence Design Systems,Compute,-0.77,-0.27,-0.5,Laggard,13
2026-03-19,MSFT,Microsoft,Platform,-0.71,-0.27,-0.43,Laggard,14
2026-03-19,AMZN,Amazon,Platform,-0.53,-0.27,-0.25,Laggard,15
2026-03-19,IBM,IBM,Platform,-0.49,-0.27,-0.21,Laggard,16
2026-03-19,DUOL,Duolingo,Application,-0.44,-0.27,-0.17,Laggard,17
2026-03-19,NOW,ServiceNow,Platform,-0.39,-0.27,-0.11,Laggard,18
2026-03-19,ZS,Zscaler,Application,-0.38,-0.27,-0.1,Laggard,19
2026-03-19,ADSK,Autodesk,Application,-0.33,-0.27,-0.06,Laggard,20
2026-03-18,NET,Cloudflare,Platform,6.6,-1.36,7.96,Leader,1
2026-03-18,PATH,UiPath,Application,3.92,-1.36,5.28,Leader,2
2026-03-18,DOCU,DocuSign,Application,2.86,-1.36,4.22,Leader,3
2026-03-18,AKAM,Akamai Technologies,Platform,2.85,-1.36,4.21,Leader,4
2026-03-18,ANET,Arista Networks,Compute,2.25,-1.36,3.62,Leader,5
2026-03-18,INTC,Intel,Compute,2.2,-1.36,3.56,Leader,6
2026-03-18,DDOG,Datadog,Platform,1.85,-1.36,3.22,Leader,7
2026-03-18,AMD,AMD,Compute,1.6,-1.36,2.97,Leader,8
2026-03-18,ESTC,Elastic,Platform,0.65,-1.36,2.01,Leader,9
2026-03-18,CRWD,CrowdStrike,Application,0.6,-1.36,1.96,Leader,10
2026-03-18,ZM,Zoom,Application,0.58,-1.36,1.94,Leader,11
2026-03-18,MU,Micron,Compute,0.01,-1.36,1.37,Leader,12
2026-03-18,ZS,Zscaler,Application,-0.01,-1.36,1.35,Leader,13
2026-03-18,OKTA,Okta,Platform,-0.13,-1.36,1.23,Leader,14
2026-03-18,SNPS,Synopsys,Compute,-0.14,-1.36,1.22,Leader,15
2026-03-18,TWLO,Twilio,Platform,-0.26,-1.36,1.1,Leader,16
2026-03-18,CRM,Salesforce,Application,-0.5,-1.36,0.86,Leader,17
2026-03-18,HPE,Hewlett Packard Enterprise,Compute,-0.65,-1.36,0.71,Leader,18
2026-03-18,SNOW,Snowflake,Platform,-0.77,-1.36,0.59,Leader,19
2026-03-18,NVDA,NVIDIA,Compute,-0.84,-1.36,0.52,Leader,20
2026-03-18,ON,ON Semiconductor,Compute,-0.85,-1.36,0.51,Leader,21
2026-03-18,QCOM,Qualcomm,Compute,-0.85,-1.36,0.51,Leader,22
2026-03-18,GOOGL,Alphabet,Platform,-1.04,-1.36,0.32,Leader,23
2026-03-18,GTLB,GitLab,Platform,-1.09,-1.36,0.27,Leader,24
2026-03-18,META,Meta,Platform,-1.12,-1.36,0.24,Leader,25
2026-03-18,ORCL,Oracle,Platform,-1.16,-1.36,0.2,Leader,26
2026-03-18,HUBS,HubSpot,Application,-1.3,-1.36,0.07,Leader,27
2026-03-18,DUOL,Duolingo,Application,-4.13,-1.36,-2.77,Laggard,1
2026-03-18,SMCI,Super Micro Computer,Compute,-3.68,-1.36,-2.32,Laggard,2
2026-03-18,MRVL,Marvell Technology,Compute,-3.49,-1.36,-2.13,Laggard,3
2026-03-18,ADBE,Adobe,Application,-3.23,-1.36,-1.87,Laggard,4
2026-03-18,SHOP,Shopify,Application,-3.17,-1.36,-1.81,Laggard,5
2026-03-18,INTU,Intuit,Application,-2.72,-1.36,-1.36,Laggard,6
2026-03-18,NOW,ServiceNow,Platform,-2.58,-1.36,-1.22,Laggard,7
2026-03-18,DELL,Dell Technologies,Compute,-2.48,-1.36,-1.12,Laggard,8
2026-03-18,AMZN,Amazon,Platform,-2.48,-1.36,-1.12,Laggard,9
2026-03-18,ASML,ASML,Compute,-2.45,-1.36,-1.09,Laggard,10
2026-03-18,WDAY,Workday,Application,-2.13,-1.36,-0.77,Laggard,11
2026-03-18,TEAM,Atlassian,Platform,-1.92,-1.36,-0.56,Laggard,12
2026-03-18,MSFT,Microsoft,Platform,-1.91,-1.36,-0.55,Laggard,13
2026-03-18,U,Unity Software,Application,-1.89,-1.36,-0.53,Laggard,14
2026-03-18,TSM,TSMC,Compute,-1.85,-1.36,-0.49,Laggard,15
2026-03-18,GFS,GlobalFoundries,Compute,-1.8,-1.36,-0.44,Laggard,16
2026-03-18,IBM,IBM,Platform,-1.76,-1.36,-0.4,Laggard,17
2026-03-18,ADSK,Autodesk,Application,-1.76,-1.36,-0.39,Laggard,18
2026-03-18,AVGO,Broadcom,Compute,-1.67,-1.36,-0.31,Laggard,19
2026-03-18,PLTR,Palantir,Platform,-1.49,-1.36,-0.13,Laggard,20
2026-03-18,CDNS,Cadence Design Systems,Compute,-1.4,-1.36,-0.04,Laggard,21
2026-03-18,MDB,MongoDB,Platform,-1.38,-1.36,-0.02,Laggard,22
2026-03-17,MU,Micron,Compute,4.5,0.25,4.25,Leader,1
2026-03-17,ESTC,Elastic,Platform,3.67,0.25,3.42,Leader,2
2026-03-17,PATH,UiPath,Application,3.54,0.25,3.29,Leader,3
2026-03-17,IBM,IBM,Platform,2.75,0.25,2.5,Leader,4
2026-03-17,DUOL,Duolingo,Application,2.36,0.25,2.11,Leader,5
2026-03-17,CRWD,CrowdStrike,Application,2.21,0.25,1.96,Leader,6
2026-03-17,NET,Cloudflare,Platform,2.02,0.25,1.77,Leader,7
2026-03-17,MDB,MongoDB,Platform,1.99,0.25,1.74,Leader,8
2026-03-17,ON,ON Semiconductor,Compute,1.84,0.25,1.59,Leader,9
2026-03-17,DDOG,Datadog,Platform,1.82,0.25,1.57,Leader,10
2026-03-17,OKTA,Okta,Platform,1.78,0.25,1.53,Leader,11
2026-03-17,GOOGL,Alphabet,Platform,1.75,0.25,1.5,Leader,12
2026-03-17,QCOM,Qualcomm,Compute,1.7,0.25,1.45,Leader,13
2026-03-17,TSM,TSMC,Compute,1.69,0.25,1.44,Leader,14
2026-03-17,U,Unity Software,Application,1.67,0.25,1.42,Leader,15
2026-03-17,AMZN,Amazon,Platform,1.63,0.25,1.38,Leader,16
2026-03-17,NOW,ServiceNow,Platform,1.6,0.25,1.35,Leader,17
2026-03-17,PLTR,Palantir,Platform,1.55,0.25,1.3,Leader,18
2026-03-17,INTU,Intuit,Application,1.54,0.25,1.29,Leader,19
2026-03-17,DOCU,DocuSign,Application,1.54,0.25,1.29,Leader,20
2026-03-17,ZS,Zscaler,Application,1.5,0.25,1.25,Leader,21
2026-03-17,GTLB,GitLab,Platform,1.37,0.25,1.12,Leader,22
2026-03-17,ZM,Zoom,Application,1.37,0.25,1.12,Leader,23
2026-03-17,ADSK,Autodesk,Application,1.26,0.25,1.01,Leader,24
2026-03-17,WDAY,Workday,Application,1.15,0.25,0.9,Leader,25
2026-03-17,ASML,ASML,Compute,0.99,0.25,0.74,Leader,26
2026-03-17,SHOP,Shopify,Application,0.96,0.25,0.71,Leader,27
2026-03-17,ADBE,Adobe,Application,0.93,0.25,0.68,Leader,28
2026-03-17,SNPS,Synopsys,Compute,0.8,0.25,0.55,Leader,29
2026-03-17,TWLO,Twilio,Platform,0.44,0.25,0.19,Leader,30
2026-03-17,AKAM,Akamai Technologies,Platform,0.38,0.25,0.13,Leader,31
2026-03-17,HUBS,HubSpot,Application,0.37,0.25,0.12,Leader,32
2026-03-17,CDNS,Cadence Design Systems,Compute,0.35,0.25,0.1,Leader,33
2026-03-17,INTC,Intel,Compute,-3.72,0.25,-3.96,Laggard,1
2026-03-17,DELL,Dell Technologies,Compute,-2.26,0.25,-2.5,Laggard,2
2026-03-17,ANET,Arista Networks,Compute,-1.68,0.25,-1.93,Laggard,3
2026-03-17,TEAM,Atlassian,Platform,-1.65,0.25,-1.9,Laggard,4
2026-03-17,CRM,Salesforce,Application,-1.53,0.25,-1.78,Laggard,5
2026-03-17,GFS,GlobalFoundries,Compute,-1.19,0.25,-1.44,Laggard,6
2026-03-17,AVGO,Broadcom,Compute,-1.11,0.25,-1.36,Laggard,7
2026-03-17,SMCI,Super Micro Computer,Compute,-1.1,0.25,-1.35,Laggard,8
2026-03-17,MRVL,Marvell Technology,Compute,-0.86,0.25,-1.11,Laggard,9
2026-03-17,HPE,Hewlett Packard Enterprise,Compute,-0.82,0.25,-1.07,Laggard,10
2026-03-17,ORCL,Oracle,Platform,-0.82,0.25,-1.07,Laggard,11
2026-03-17,META,Meta,Platform,-0.76,0.25,-1.01,Laggard,12
2026-03-17,NVDA,NVIDIA,Compute,-0.7,0.25,-0.95,Laggard,13
2026-03-17,AMD,AMD,Compute,-0.14,0.25,-0.39,Laggard,14
2026-03-17,MSFT,Microsoft,Platform,-0.14,0.25,-0.38,Laggard,15
2026-03-17,CFLT,Confluent,Platform,0.0,0.25,-0.25,Laggard,16
2026-03-17,SNOW,Snowflake,Platform,0.11,0.25,-0.13,Laggard,17
2026-03-16,GFS,GlobalFoundries,Compute,4.56,1.01,3.55,Leader,1
2026-03-16,MRVL,Marvell Technology,Compute,4.23,1.01,3.22,Leader,2
2026-03-16,ESTC,Elastic,Platform,3.79,1.01,2.77,Leader,3
2026-03-16,MU,Micron,Compute,3.68,1.01,2.66,Leader,4
2026-03-16,DUOL,Duolingo,Application,3.62,1.01,2.61,Leader,5
2026-03-16,SMCI,Super Micro Computer,Compute,3.61,1.01,2.6,Leader,6
2026-03-16,DELL,Dell Technologies,Compute,3.24,1.01,2.23,Leader,7
2026-03-16,SNPS,Synopsys,Compute,3.21,1.01,2.2,Leader,8
2026-03-16,SHOP,Shopify,Application,2.94,1.01,1.93,Leader,9
2026-03-16,CRM,Salesforce,Application,2.86,1.01,1.84,Leader,10
2026-03-16,INTU,Intuit,Application,2.81,1.01,1.79,Leader,11
2026-03-16,MDB,MongoDB,Platform,2.48,1.01,1.46,Leader,12
2026-03-16,ON,ON Semiconductor,Compute,2.27,1.01,1.26,Leader,13
2026-03-16,META,Meta,Platform,2.24,1.01,1.23,Leader,14
2026-03-16,ASML,ASML,Compute,2.22,1.01,1.21,Leader,15
2026-03-16,CDNS,Cadence Design Systems,Compute,1.98,1.01,0.97,Leader,16
2026-03-16,AMZN,Amazon,Platform,1.96,1.01,0.95,Leader,17
2026-03-16,U,Unity Software,Application,1.7,1.01,0.69,Leader,18
2026-03-16,AMD,AMD,Compute,1.65,1.01,0.64,Leader,19
2026-03-16,DDOG,Datadog,Platform,1.65,1.01,0.63,Leader,20
2026-03-16,NVDA,NVIDIA,Compute,1.65,1.01,0.63,Leader,21
2026-03-16,TWLO,Twilio,Platform,1.46,1.01,0.45,Leader,22
2026-03-16,ANET,Arista Networks,Compute,1.33,1.01,0.32,Leader,23
2026-03-16,TEAM,Atlassian,Platform,1.28,1.01,0.26,Leader,24
2026-03-16,HPE,Hewlett Packard Enterprise,Compute,1.25,1.01,0.24,Leader,25
2026-03-16,IBM,IBM,Platform,1.21,1.01,0.19,Leader,26
2026-03-16,PLTR,Palantir,Platform,1.17,1.01,0.16,Leader,27
2026-03-16,ZM,Zoom,Application,1.16,1.01,0.15,Leader,28
2026-03-16,NOW,ServiceNow,Platform,1.11,1.01,0.1,Leader,29
2026-03-16,MSFT,Microsoft,Platform,1.11,1.01,0.1,Leader,30
2026-03-16,GOOGL,Alphabet,Platform,1.09,1.01,0.07,Leader,31
2026-03-16,CFLT,Confluent,Platform,1.04,1.01,0.03,Leader,32
2026-03-16,ADBE,Adobe,Application,1.02,1.01,0.01,Leader,33
2026-03-16,CRWD,CrowdStrike,Application,-4.06,1.01,-5.07,Laggard,1
2026-03-16,OKTA,Okta,Platform,-2.53,1.01,-3.54,Laggard,2
2026-03-16,NET,Cloudflare,Platform,-2.41,1.01,-3.42,Laggard,3
2026-03-16,SNOW,Snowflake,Platform,-2.38,1.01,-3.4,Laggard,4
2026-03-16,AKAM,Akamai Technologies,Platform,-2.07,1.01,-3.08,Laggard,5
2026-03-16,ADSK,Autodesk,Application,-0.55,1.01,-1.57,Laggard,6
2026-03-16,GTLB,GitLab,Platform,-0.53,1.01,-1.54,Laggard,7
2026-03-16,DOCU,DocuSign,Application,-0.49,1.01,-1.5,Laggard,8
2026-03-16,QCOM,Qualcomm,Compute,-0.33,1.01,-1.34,Laggard,9
2026-03-16,PATH,UiPath,Application,-0.09,1.01,-1.1,Laggard,10
2026-03-16,ZS,Zscaler,Application,-0.05,1.01,-1.06,Laggard,11
2026-03-16,INTC,Intel,Compute,-0.02,1.01,-1.03,Laggard,12
2026-03-16,HUBS,HubSpot,Application,0.1,1.01,-0.91,Laggard,13
2026-03-16,WDAY,Workday,Application,0.41,1.01,-0.61,Laggard,14
2026-03-16,ORCL,Oracle,Platform,0.55,1.01,-0.46,Laggard,15
2026-03-16,TSM,TSMC,Compute,0.57,1.01,-0.45,Laggard,16
2026-03-16,AVGO,Broadcom,Compute,0.86,1.01,-0.16,Laggard,17
2026-03-13,MU,Micron,Compute,5.13,-0.61,5.73,Leader,1
2026-03-13,DUOL,Duolingo,Application,3.66,-0.61,4.26,Leader,2
2026-03-13,HUBS,HubSpot,Application,2.59,-0.61,3.19,Leader,3
2026-03-13,TEAM,Atlassian,Platform,2.55,-0.61,3.16,Leader,4
2026-03-13,AKAM,Akamai Technologies,Platform,2.09,-0.61,2.69,Leader,5
2026-03-13,PATH,UiPath,Application,1.85,-0.61,2.45,Leader,6
2026-03-13,ON,ON Semiconductor,Compute,1.49,-0.61,2.1,Leader,7
2026-03-13,ZS,Zscaler,Application,1.42,-0.61,2.02,Leader,8
2026-03-13,DOCU,DocuSign,Application,1.23,-0.61,1.83,Leader,9
2026-03-13,INTC,Intel,Compute,1.15,-0.61,1.76,Leader,10
2026-03-13,DELL,Dell Technologies,Compute,1.14,-0.61,1.75,Leader,11
2026-03-13,INTU,Intuit,Application,1.11,-0.61,1.72,Leader,12
2026-03-13,SNOW,Snowflake,Platform,0.8,-0.61,1.4,Leader,13
2026-03-13,GFS,GlobalFoundries,Compute,0.65,-0.61,1.26,Leader,14
2026-03-13,NOW,ServiceNow,Platform,0.58,-0.61,1.18,Leader,15
2026-03-13,ADSK,Autodesk,Application,0.51,-0.61,1.12,Leader,16
2026-03-13,TSM,TSMC,Compute,0.48,-0.61,1.08,Leader,17
2026-03-13,OKTA,Okta,Platform,0.27,-0.61,0.87,Leader,18
2026-03-13,MRVL,Marvell Technology,Compute,0.22,-0.61,0.82,Leader,19
2026-03-13,NET,Cloudflare,Platform,0.16,-0.61,0.77,Leader,20
2026-03-13,CRWD,CrowdStrike,Application,0.05,-0.61,0.66,Leader,21
2026-03-13,U,Unity Software,Application,0.0,-0.61,0.61,Leader,22
2026-03-13,HPE,Hewlett Packard Enterprise,Compute,0.0,-0.61,0.61,Leader,23
2026-03-13,CFLT,Confluent,Platform,-0.07,-0.61,0.54,Leader,24
2026-03-13,MDB,MongoDB,Platform,-0.07,-0.61,0.54,Leader,25
2026-03-13,ANET,Arista Networks,Compute,-0.34,-0.61,0.26,Leader,26
2026-03-13,ESTC,Elastic,Platform,-0.41,-0.61,0.2,Leader,27
2026-03-13,GOOGL,Alphabet,Platform,-0.42,-0.61,0.19,Leader,28
2026-03-13,ASML,ASML,Compute,-0.44,-0.61,0.17,Leader,29
2026-03-13,SMCI,Super Micro Computer,Compute,-0.49,-0.61,0.12,Leader,30
2026-03-13,GTLB,GitLab,Platform,-0.57,-0.61,0.04,Leader,31
2026-03-13,IBM,IBM,Platform,-0.57,-0.61,0.04,Leader,32
2026-03-13,ADBE,Adobe,Application,-7.58,-0.61,-6.98,Laggard,1
2026-03-13,AVGO,Broadcom,Compute,-4.11,-0.61,-3.5,Laggard,2
2026-03-13,META,Meta,Platform,-3.83,-0.61,-3.23,Laggard,3
2026-03-13,CRM,Salesforce,Application,-3.24,-0.61,-2.63,Laggard,4
2026-03-13,SHOP,Shopify,Application,-2.54,-0.61,-1.94,Laggard,5
2026-03-13,ORCL,Oracle,Platform,-2.54,-0.61,-1.94,Laggard,6
2026-03-13,AMD,AMD,Compute,-2.2,-0.61,-1.59,Laggard,7
2026-03-13,DDOG,Datadog,Platform,-2.08,-0.61,-1.47,Laggard,8
2026-03-13,PLTR,Palantir,Platform,-1.66,-0.61,-1.06,Laggard,9
2026-03-13,NVDA,NVIDIA,Compute,-1.58,-0.61,-0.97,Laggard,10
2026-03-13,MSFT,Microsoft,Platform,-1.57,-0.61,-0.96,Laggard,11
2026-03-13,SNPS,Synopsys,Compute,-1.45,-0.61,-0.85,Laggard,12
2026-03-13,CDNS,Cadence Design Systems,Compute,-1.13,-0.61,-0.53,Laggard,13
2026-03-13,ZM,Zoom,Application,-1.12,-0.61,-0.51,Laggard,14
2026-03-13,QCOM,Qualcomm,Compute,-1.01,-0.61,-0.41,Laggard,15
2026-03-13,AMZN,Amazon,Platform,-0.89,-0.61,-0.28,Laggard,16
2026-03-13,TWLO,Twilio,Platform,-0.8,-0.61,-0.2,Laggard,17
2026-03-13,WDAY,Workday,Application,-0.78,-0.61,-0.18,Laggard,18
2026-03-12,CRM,Salesforce,Application,2.65,-1.52,4.18,Leader,1
2026-03-12,DELL,Dell Technologies,Compute,1.72,-1.52,3.25,Leader,2
2026-03-12,PLTR,Palantir,Platform,1.25,-1.52,2.78,Leader,3
2026-03-12,HPE,Hewlett Packard Enterprise,Compute,0.7,-1.52,2.22,Leader,4
2026-03-12,CFLT,Confluent,Platform,-0.07,-1.52,1.46,Leader,5
2026-03-12,CRWD,CrowdStrike,Application,-0.11,-1.52,1.41,Leader,6
2026-03-12,DDOG,Datadog,Platform,-0.26,-1.52,1.26,Leader,7
2026-03-12,NET,Cloudflare,Platform,-0.42,-1.52,1.1,Leader,8
2026-03-12,IBM,IBM,Platform,-0.48,-1.52,1.04,Leader,9
2026-03-12,HUBS,HubSpot,Application,-0.57,-1.52,0.96,Leader,10
2026-03-12,MSFT,Microsoft,Platform,-0.75,-1.52,0.78,Leader,11
2026-03-12,ADSK,Autodesk,Application,-0.77,-1.52,0.75,Leader,12
2026-03-12,TWLO,Twilio,Platform,-0.92,-1.52,0.6,Leader,13
2026-03-12,AKAM,Akamai Technologies,Platform,-0.94,-1.52,0.58,Leader,14
2026-03-12,INTU,Intuit,Application,-1.21,-1.52,0.31,Leader,15
2026-03-12,SNOW,Snowflake,Platform,-1.21,-1.52,0.31,Leader,16
2026-03-12,CDNS,Cadence Design Systems,Compute,-1.31,-1.52,0.22,Leader,17
2026-03-12,ZS,Zscaler,Application,-1.43,-1.52,0.09,Leader,18
2026-03-12,ADBE,Adobe,Application,-1.44,-1.52,0.09,Leader,19
2026-03-12,ZM,Zoom,Application,-1.46,-1.52,0.06,Leader,20
2026-03-12,AMZN,Amazon,Platform,-1.47,-1.52,0.06,Leader,21
2026-03-12,GTLB,GitLab,Platform,-1.47,-1.52,0.05,Leader,22
2026-03-12,PATH,UiPath,Application,-8.16,-1.52,-6.64,Laggard,1
2026-03-12,INTC,Intel,Compute,-5.69,-1.52,-4.17,Laggard,2
2026-03-12,GFS,GlobalFoundries,Compute,-5.67,-1.52,-4.15,Laggard,3
2026-03-12,TSM,TSMC,Compute,-5.03,-1.52,-3.51,Laggard,4
2026-03-12,DUOL,Duolingo,Application,-3.94,-1.52,-2.41,Laggard,5
2026-03-12,MDB,MongoDB,Platform,-3.66,-1.52,-2.13,Laggard,6
2026-03-12,AMD,AMD,Compute,-3.46,-1.52,-1.94,Laggard,7
2026-03-12,SNPS,Synopsys,Compute,-3.29,-1.52,-1.77,Laggard,8
2026-03-12,MU,Micron,Compute,-3.19,-1.52,-1.66,Laggard,9
2026-03-12,DOCU,DocuSign,Application,-3.17,-1.52,-1.64,Laggard,10
2026-03-12,MRVL,Marvell Technology,Compute,-3.06,-1.52,-1.54,Laggard,11
2026-03-12,ANET,Arista Networks,Compute,-3.04,-1.52,-1.52,Laggard,12
2026-03-12,U,Unity Software,Application,-3.04,-1.52,-1.52,Laggard,13
2026-03-12,SMCI,Super Micro Computer,Compute,-2.8,-1.52,-1.28,Laggard,14
2026-03-12,TEAM,Atlassian,Platform,-2.8,-1.52,-1.27,Laggard,15
2026-03-12,WDAY,Workday,Application,-2.68,-1.52,-1.16,Laggard,16
2026-03-12,ON,ON Semiconductor,Compute,-2.62,-1.52,-1.09,Laggard,17
2026-03-12,SHOP,Shopify,Application,-2.59,-1.52,-1.06,Laggard,18
2026-03-12,META,Meta,Platform,-2.55,-1.52,-1.02,Laggard,19
2026-03-12,ASML,ASML,Compute,-2.53,-1.52,-1.01,Laggard,20
2026-03-12,ORCL,Oracle,Platform,-2.43,-1.52,-0.9,Laggard,21
2026-03-12,OKTA,Okta,Platform,-2.35,-1.52,-0.83,Laggard,22
2026-03-12,NOW,ServiceNow,Platform,-2.3,-1.52,-0.78,Laggard,23
2026-03-12,QCOM,Qualcomm,Compute,-2.21,-1.52,-0.69,Laggard,24
2026-03-12,ESTC,Elastic,Platform,-2.18,-1.52,-0.65,Laggard,25
2026-03-12,GOOGL,Alphabet,Platform,-1.67,-1.52,-0.15,Laggard,26
2026-03-12,AVGO,Broadcom,Compute,-1.64,-1.52,-0.12,Laggard,27
2026-03-12,NVDA,NVIDIA,Compute,-1.55,-1.52,-0.03,Laggard,28
2026-03-11,ORCL,Oracle,Platform,9.18,-0.08,9.27,Leader,1
2026-03-11,PATH,UiPath,Application,6.82,-0.08,6.9,Leader,2
2026-03-11,MU,Micron,Compute,3.86,-0.08,3.95,Leader,3
2026-03-11,DUOL,Duolingo,Application,3.81,-0.08,3.9,Leader,4
2026-03-11,DDOG,Datadog,Platform,3.58,-0.08,3.67,Leader,5
2026-03-11,NET,Cloudflare,Platform,2.66,-0.08,2.74,Leader,6
2026-03-11,INTC,Intel,Compute,2.57,-0.08,2.65,Leader,7
2026-03-11,DELL,Dell Technologies,Compute,2.48,-0.08,2.57,Leader,8
2026-03-11,SNOW,Snowflake,Platform,2.34,-0.08,2.43,Leader,9
2026-03-11,TSM,TSMC,Compute,2.15,-0.08,2.24,Leader,10
2026-03-11,ESTC,Elastic,Platform,1.93,-0.08,2.01,Leader,11
2026-03-11,AKAM,Akamai Technologies,Platform,1.89,-0.08,1.97,Leader,12
2026-03-11,HPE,Hewlett Packard Enterprise,Compute,1.56,-0.08,1.65,Leader,13
2026-03-11,OKTA,Okta,Platform,1.56,-0.08,1.64,Leader,14
2026-03-11,CRWD,CrowdStrike,Application,1.31,-0.08,1.39,Leader,15
2026-03-11,TWLO,Twilio,Platform,1.22,-0.08,1.31,Leader,16
2026-03-11,AMD,AMD,Compute,0.79,-0.08,0.87,Leader,17
2026-03-11,NVDA,NVIDIA,Compute,0.69,-0.08,0.77,Leader,18
2026-03-11,GOOGL,Alphabet,Platform,0.54,-0.08,0.62,Leader,19
2026-03-11,PLTR,Palantir,Platform,0.3,-0.08,0.39,Leader,20
2026-03-11,CDNS,Cadence Design Systems,Compute,0.3,-0.08,0.38,Leader,21
2026-03-11,ASML,ASML,Compute,0.24,-0.08,0.32,Leader,22
2026-03-11,SHOP,Shopify,Application,0.12,-0.08,0.21,Leader,23
2026-03-11,META,Meta,Platform,0.12,-0.08,0.2,Leader,24
2026-03-11,SNPS,Synopsys,Compute,0.08,-0.08,0.16,Leader,25
2026-03-11,MDB,MongoDB,Platform,0.0,-0.08,0.09,Leader,26
2026-03-11,SMCI,Super Micro Computer,Compute,0.0,-0.08,0.08,Leader,27
2026-03-11,CFLT,Confluent,Platform,-0.07,-0.08,0.02,Leader,28
2026-03-11,GFS,GlobalFoundries,Compute,-5.45,-0.08,-5.36,Laggard,1
2026-03-11,HUBS,HubSpot,Application,-3.79,-0.08,-3.71,Laggard,2
2026-03-11,TEAM,Atlassian,Platform,-3.28,-0.08,-3.2,Laggard,3
2026-03-11,WDAY,Workday,Application,-3.26,-0.08,-3.18,Laggard,4
2026-03-11,MRVL,Marvell Technology,Compute,-3.07,-0.08,-2.98,Laggard,5
2026-03-11,U,Unity Software,Application,-3.05,-0.08,-2.96,Laggard,6
2026-03-11,INTU,Intuit,Application,-2.97,-0.08,-2.89,Laggard,7
2026-03-11,ZS,Zscaler,Application,-1.79,-0.08,-1.7,Laggard,8
2026-03-11,DOCU,DocuSign,Application,-1.32,-0.08,-1.23,Laggard,9
2026-03-11,ANET,Arista Networks,Compute,-1.0,-0.08,-0.91,Laggard,10
2026-03-11,NOW,ServiceNow,Platform,-0.84,-0.08,-0.76,Laggard,11
2026-03-11,QCOM,Qualcomm,Compute,-0.8,-0.08,-0.72,Laggard,12
2026-03-11,ADSK,Autodesk,Application,-0.8,-0.08,-0.71,Laggard,13
2026-03-11,AMZN,Amazon,Platform,-0.78,-0.08,-0.7,Laggard,14
2026-03-11,ON,ON Semiconductor,Compute,-0.59,-0.08,-0.5,Laggard,15
2026-03-11,IBM,IBM,Platform,-0.53,-0.08,-0.45,Laggard,16
2026-03-11,ADBE,Adobe,Application,-0.52,-0.08,-0.43,Laggard,17
2026-03-11,ZM,Zoom,Application,-0.43,-0.08,-0.35,Laggard,18
2026-03-11,CRM,Salesforce,Application,-0.4,-0.08,-0.32,Laggard,19
2026-03-11,AVGO,Broadcom,Compute,-0.29,-0.08,-0.21,Laggard,20
2026-03-11,MSFT,Microsoft,Platform,-0.22,-0.08,-0.13,Laggard,21
2026-03-11,GTLB,GitLab,Platform,-0.13,-0.08,-0.05,Laggard,22
2026-03-10,MU,Micron,Compute,3.54,-0.21,3.76,Leader,1
2026-03-10,NET,Cloudflare,Platform,2.98,-0.21,3.2,Leader,2
2026-03-10,INTC,Intel,Compute,2.63,-0.21,2.85,Leader,3
2026-03-10,AKAM,Akamai Technologies,Platform,2.34,-0.21,2.55,Leader,4
2026-03-10,ASML,ASML,Compute,1.91,-0.21,2.13,Leader,5
2026-03-10,ANET,Arista Networks,Compute,1.79,-0.21,2.0,Leader,6
2026-03-10,NVDA,NVIDIA,Compute,1.16,-0.21,1.37,Leader,7
2026-03-10,META,Meta,Platform,1.03,-0.21,1.25,Leader,8
2026-03-10,MRVL,Marvell Technology,Compute,0.7,-0.21,0.92,Leader,9
2026-03-10,ON,ON Semiconductor,Compute,0.61,-0.21,0.82,Leader,10
2026-03-10,CRWD,CrowdStrike,Application,0.51,-0.21,0.72,Leader,11
2026-03-10,AMZN,Amazon,Platform,0.39,-0.21,0.61,Leader,12
2026-03-10,AMD,AMD,Compute,0.27,-0.21,0.48,Leader,13
2026-03-10,GOOGL,Alphabet,Platform,0.22,-0.21,0.44,Leader,14
2026-03-10,CFLT,Confluent,Platform,-0.07,-0.21,0.15,Leader,15
2026-03-10,DOCU,DocuSign,Application,-0.1,-0.21,0.11,Leader,16
2026-03-10,OKTA,Okta,Platform,-0.13,-0.21,0.09,Leader,17
2026-03-10,HUBS,HubSpot,Application,-6.11,-0.21,-5.89,Laggard,1
2026-03-10,GTLB,GitLab,Platform,-5.66,-0.21,-5.44,Laggard,2
2026-03-10,DUOL,Duolingo,Application,-5.22,-0.21,-5.0,Laggard,3
2026-03-10,TEAM,Atlassian,Platform,-4.91,-0.21,-4.7,Laggard,4
2026-03-10,NOW,ServiceNow,Platform,-4.36,-0.21,-4.15,Laggard,5
2026-03-10,DDOG,Datadog,Platform,-4.26,-0.21,-4.05,Laggard,6
2026-03-10,INTU,Intuit,Application,-4.16,-0.21,-3.95,Laggard,7
2026-03-10,SNOW,Snowflake,Platform,-4.11,-0.21,-3.9,Laggard,8
2026-03-10,WDAY,Workday,Application,-3.81,-0.21,-3.6,Laggard,9
2026-03-10,ZS,Zscaler,Application,-3.7,-0.21,-3.48,Laggard,10
2026-03-10,PLTR,Palantir,Platform,-3.38,-0.21,-3.17,Laggard,11
2026-03-10,HPE,Hewlett Packard Enterprise,Compute,-3.26,-0.21,-3.04,Laggard,12
2026-03-10,PATH,UiPath,Application,-3.17,-0.21,-2.96,Laggard,13
2026-03-10,SHOP,Shopify,Application,-3.1,-0.21,-2.89,Laggard,14
2026-03-10,U,Unity Software,Application,-2.73,-0.21,-2.52,Laggard,15
2026-03-10,ADSK,Autodesk,Application,-2.65,-0.21,-2.43,Laggard,16
2026-03-10,ESTC,Elastic,Platform,-2.63,-0.21,-2.42,Laggard,17
2026-03-10,ADBE,Adobe,Application,-2.59,-0.21,-2.37,Laggard,18
2026-03-10,QCOM,Qualcomm,Compute,-2.11,-0.21,-1.89,Laggard,19
2026-03-10,CRM,Salesforce,Application,-1.95,-0.21,-1.74,Laggard,20
2026-03-10,DELL,Dell Technologies,Compute,-1.85,-0.21,-1.64,Laggard,21
2026-03-10,CDNS,Cadence Design Systems,Compute,-1.6,-0.21,-1.38,Laggard,22
2026-03-10,GFS,GlobalFoundries,Compute,-1.58,-0.21,-1.37,Laggard,23
2026-03-10,ORCL,Oracle,Platform,-1.43,-0.21,-1.21,Laggard,24
2026-03-10,IBM,IBM,Platform,-1.24,-0.21,-1.02,Laggard,25
2026-03-10,TWLO,Twilio,Platform,-1.19,-0.21,-0.98,Laggard,26
2026-03-10,SNPS,Synopsys,Compute,-1.05,-0.21,-0.83,Laggard,27
2026-03-10,AVGO,Broadcom,Compute,-0.92,-0.21,-0.7,Laggard,28
2026-03-10,MSFT,Microsoft,Platform,-0.89,-0.21,-0.68,Laggard,29
2026-03-10,ZM,Zoom,Application,-0.88,-0.21,-0.67,Laggard,30
2026-03-10,SMCI,Super Micro Computer,Compute,-0.59,-0.21,-0.38,Laggard,31
2026-03-10,TSM,TSMC,Compute,-0.46,-0.21,-0.25,Laggard,32
2026-03-10,MDB,MongoDB,Platform,-0.43,-0.21,-0.22,Laggard,33
2026-03-09,U,Unity Software,Application,7.05,0.83,6.22,Leader,1
2026-03-09,AMD,AMD,Compute,5.33,0.83,4.5,Leader,2
2026-03-09,MU,Micron,Compute,5.14,0.83,4.31,Leader,3
2026-03-09,ASML,ASML,Compute,5.0,0.83,4.17,Leader,4
2026-03-09,INTC,Intel,Compute,4.97,0.83,4.14,Leader,5
2026-03-09,AVGO,Broadcom,Compute,4.62,0.83,3.79,Leader,6
2026-03-09,ON,ON Semiconductor,Compute,4.15,0.83,3.32,Leader,7
2026-03-09,MRVL,Marvell Technology,Compute,3.44,0.83,2.61,Leader,8
2026-03-09,HPE,Hewlett Packard Enterprise,Compute,3.22,0.83,2.39,Leader,9
2026-03-09,ANET,Arista Networks,Compute,3.22,0.83,2.39,Leader,10
2026-03-09,NET,Cloudflare,Platform,3.22,0.83,2.39,Leader,11
2026-03-09,TSM,TSMC,Compute,2.89,0.83,2.06,Leader,12
2026-03-09,NVDA,NVIDIA,Compute,2.72,0.83,1.89,Leader,13
2026-03-09,GOOGL,Alphabet,Platform,2.63,0.83,1.8,Leader,14
2026-03-09,SHOP,Shopify,Application,2.53,0.83,1.7,Leader,15
2026-03-09,DDOG,Datadog,Platform,2.23,0.83,1.4,Leader,16
2026-03-09,AKAM,Akamai Technologies,Platform,2.22,0.83,1.39,Leader,17
2026-03-09,SMCI,Super Micro Computer,Compute,2.14,0.83,1.31,Leader,18
2026-03-09,QCOM,Qualcomm,Compute,1.78,0.83,0.95,Leader,19
2026-03-09,SNOW,Snowflake,Platform,1.31,0.83,0.48,Leader,20
2026-03-09,CRWD,CrowdStrike,Application,1.2,0.83,0.37,Leader,21
2026-03-09,GFS,GlobalFoundries,Compute,1.07,0.83,0.24,Leader,22
2026-03-09,PATH,UiPath,Application,0.93,0.83,0.1,Leader,23
2026-03-09,HUBS,HubSpot,Application,-3.28,0.83,-4.11,Laggard,1
2026-03-09,IBM,IBM,Platform,-2.13,0.83,-2.96,Laggard,2
2026-03-09,NOW,ServiceNow,Platform,-1.94,0.83,-2.77,Laggard,3
2026-03-09,WDAY,Workday,Application,-1.92,0.83,-2.75,Laggard,4
2026-03-09,TEAM,Atlassian,Platform,-1.89,0.83,-2.72,Laggard,5
2026-03-09,CRM,Salesforce,Application,-1.64,0.83,-2.47,Laggard,6
2026-03-09,INTU,Intuit,Application,-1.56,0.83,-2.39,Laggard,7
2026-03-09,DUOL,Duolingo,Application,-1.47,0.83,-2.3,Laggard,8
2026-03-09,GTLB,GitLab,Platform,-1.32,0.83,-2.16,Laggard,9
2026-03-09,OKTA,Okta,Platform,-1.25,0.83,-2.08,Laggard,10
2026-03-09,TWLO,Twilio,Platform,-1.07,0.83,-1.9,Laggard,11
2026-03-09,ORCL,Oracle,Platform,-0.92,0.83,-1.75,Laggard,12
2026-03-09,ESTC,Elastic,Platform,-0.89,0.83,-1.72,Laggard,13
2026-03-09,ZS,Zscaler,Application,-0.88,0.83,-1.71,Laggard,14
2026-03-09,ZM,Zoom,Application,-0.57,0.83,-1.4,Laggard,15
2026-03-09,PLTR,Palantir,Platform,-0.46,0.83,-1.29,Laggard,16
2026-03-09,ADBE,Adobe,Application,-0.42,0.83,-1.25,Laggard,17
2026-03-09,ADSK,Autodesk,Application,-0.09,0.83,-0.92,Laggard,18
2026-03-09,CFLT,Confluent,Platform,-0.06,0.83,-0.9,Laggard,19
2026-03-09,SNPS,Synopsys,Compute,-0.04,0.83,-0.87,Laggard,20
2026-03-09,DOCU,DocuSign,Application,0.0,0.83,-0.83,Laggard,21
2026-03-09,DELL,Dell Technologies,Compute,0.02,0.83,-0.81,Laggard,22
2026-03-09,MSFT,Microsoft,Platform,0.11,0.83,-0.72,Laggard,23
2026-03-09,AMZN,Amazon,Platform,0.13,0.83,-0.7,Laggard,24
2026-03-09,CDNS,Cadence Design Systems,Compute,0.37,0.83,-0.46,Laggard,25
2026-03-09,META,Meta,Platform,0.39,0.83,-0.44,Laggard,26
2026-03-09,MDB,MongoDB,Platform,0.47,0.83,-0.36,Laggard,27
2026-03-06,MRVL,Marvell Technology,Compute,18.35,-1.33,19.68,Leader,1
2026-03-06,NOW,ServiceNow,Platform,3.29,-1.33,4.62,Leader,2
2026-03-06,INTU,Intuit,Application,3.08,-1.33,4.41,Leader,3
2026-03-06,PLTR,Palantir,Platform,2.94,-1.33,4.27,Leader,4
2026-03-06,DDOG,Datadog,Platform,2.77,-1.33,4.1,Leader,5
2026-03-06,PATH,UiPath,Application,2.68,-1.33,4.01,Leader,6
2026-03-06,WDAY,Workday,Application,2.62,-1.33,3.95,Leader,7
2026-03-06,MDB,MongoDB,Platform,2.48,-1.33,3.81,Leader,8
2026-03-06,TWLO,Twilio,Platform,2.03,-1.33,3.36,Leader,9
2026-03-06,HUBS,HubSpot,Application,1.75,-1.33,3.07,Leader,10
2026-03-06,SNOW,Snowflake,Platform,1.71,-1.33,3.04,Leader,11
2026-03-06,NET,Cloudflare,Platform,1.5,-1.33,2.83,Leader,12
2026-03-06,ESTC,Elastic,Platform,1.34,-1.33,2.67,Leader,13
2026-03-06,TEAM,Atlassian,Platform,1.35,-1.33,2.67,Leader,14
2026-03-06,OKTA,Okta,Platform,1.34,-1.33,2.67,Leader,15
2026-03-06,ZS,Zscaler,Application,1.3,-1.33,2.62,Leader,16
2026-03-06,DOCU,DocuSign,Application,0.95,-1.33,2.28,Leader,17
2026-03-06,IBM,IBM,Platform,0.9,-1.33,2.22,Leader,18
2026-03-06,CRWD,CrowdStrike,Application,0.66,-1.33,1.99,Leader,19
2026-03-06,ADBE,Adobe,Application,0.67,-1.33,1.99,Leader,20
2026-03-06,DUOL,Duolingo,Application,0.37,-1.33,1.7,Leader,21
2026-03-06,CRM,Salesforce,Application,0.36,-1.33,1.69,Leader,22
2026-03-06,ZM,Zoom,Application,0.22,-1.33,1.55,Leader,23
2026-03-06,DELL,Dell Technologies,Compute,-0.03,-1.33,1.3,Leader,24
2026-03-06,CFLT,Confluent,Platform,-0.06,-1.33,1.26,Leader,25
2026-03-06,MSFT,Microsoft,Platform,-0.42,-1.33,0.91,Leader,26
2026-03-06,AVGO,Broadcom,Compute,-0.69,-1.33,0.64,Leader,27
2026-03-06,GOOGL,Alphabet,Platform,-0.78,-1.33,0.54,Leader,28
2026-03-06,QCOM,Qualcomm,Compute,-0.96,-1.33,0.37,Leader,29
2026-03-06,CDNS,Cadence Design Systems,Compute,-0.97,-1.33,0.36,Leader,30
2026-03-06,AKAM,Akamai Technologies,Platform,-1.1,-1.33,0.23,Leader,31
2026-03-06,SNPS,Synopsys,Compute,-1.11,-1.33,0.22,Leader,32
2026-03-06,ORCL,Oracle,Platform,-1.18,-1.33,0.15,Leader,33
2026-03-06,ADSK,Autodesk,Application,-1.19,-1.33,0.14,Leader,34
2026-03-06,MU,Micron,Compute,-6.74,-1.33,-5.41,Laggard,1
2026-03-06,ON,ON Semiconductor,Compute,-6.54,-1.33,-5.21,Laggard,2
2026-03-06,ASML,ASML,Compute,-5.52,-1.33,-4.19,Laggard,3
2026-03-06,INTC,Intel,Compute,-5.51,-1.33,-4.18,Laggard,4
2026-03-06,ANET,Arista Networks,Compute,-4.67,-1.33,-3.34,Laggard,5
2026-03-06,U,Unity Software,Application,-4.25,-1.33,-2.92,Laggard,6
2026-03-06,TSM,TSMC,Compute,-4.23,-1.33,-2.9,Laggard,7
2026-03-06,AMD,AMD,Compute,-3.52,-1.33,-2.19,Laggard,8
2026-03-06,SHOP,Shopify,Application,-3.41,-1.33,-2.08,Laggard,9
2026-03-06,NVDA,NVIDIA,Compute,-3.01,-1.33,-1.68,Laggard,10
2026-03-06,GFS,GlobalFoundries,Compute,-3.0,-1.33,-1.67,Laggard,11
2026-03-06,SMCI,Super Micro Computer,Compute,-2.88,-1.33,-1.56,Laggard,12
2026-03-06,AMZN,Amazon,Platform,-2.62,-1.33,-1.29,Laggard,13
2026-03-06,META,Meta,Platform,-2.38,-1.33,-1.05,Laggard,14
2026-03-06,GTLB,GitLab,Platform,-1.81,-1.33,-0.49,Laggard,15
2026-03-06,HPE,Hewlett Packard Enterprise,Compute,-1.58,-1.33,-0.26,Laggard,16
2026-03-05,OKTA,Okta,Platform,11.03,-0.56,11.59,Leader,1
2026-03-05,TEAM,Atlassian,Platform,7.42,-0.56,7.99,Leader,2
2026-03-05,MDB,MongoDB,Platform,6.42,-0.56,6.98,Leader,3
2026-03-05,INTU,Intuit,Application,6.05,-0.56,6.62,Leader,4
2026-03-05,NOW,ServiceNow,Platform,5.73,-0.56,6.29,Leader,5
2026-03-05,DUOL,Duolingo,Application,5.58,-0.56,6.15,Leader,6
2026-03-05,SNOW,Snowflake,Platform,5.46,-0.56,6.03,Leader,7
2026-03-05,AVGO,Broadcom,Compute,4.8,-0.56,5.36,Leader,8
2026-03-05,HUBS,HubSpot,Application,4.62,-0.56,5.19,Leader,9
2026-03-05,CRWD,CrowdStrike,Application,4.53,-0.56,5.1,Leader,10
2026-03-05,DOCU,DocuSign,Application,4.35,-0.56,4.91,Leader,11
2026-03-05,PATH,UiPath,Application,4.34,-0.56,4.9,Leader,12
2026-03-05,CRM,Salesforce,Application,4.3,-0.56,4.87,Leader,13
2026-03-05,SHOP,Shopify,Application,3.96,-0.56,4.53,Leader,14
2026-03-05,ZS,Zscaler,Application,3.68,-0.56,4.25,Leader,15
2026-03-05,NET,Cloudflare,Platform,3.45,-0.56,4.02,Leader,16
2026-03-05,DDOG,Datadog,Platform,3.41,-0.56,3.97,Leader,17
2026-03-05,ANET,Arista Networks,Compute,3.39,-0.56,3.95,Leader,18
2026-03-05,ADBE,Adobe,Application,3.16,-0.56,3.72,Leader,19
2026-03-05,WDAY,Workday,Application,2.89,-0.56,3.46,Leader,20
2026-03-05,SNPS,Synopsys,Compute,2.63,-0.56,3.19,Leader,21
2026-03-05,IBM,IBM,Platform,2.6,-0.56,3.16,Leader,22
2026-03-05,ADSK,Autodesk,Application,2.42,-0.56,2.98,Leader,23
2026-03-05,ESTC,Elastic,Platform,2.26,-0.56,2.82,Leader,24
2026-03-05,TWLO,Twilio,Platform,2.02,-0.56,2.59,Leader,25
2026-03-05,U,Unity Software,Application,1.72,-0.56,2.28,Leader,26
2026-03-05,GFS,GlobalFoundries,Compute,1.6,-0.56,2.16,Leader,27
2026-03-05,ORCL,Oracle,Platform,1.59,-0.56,2.15,Leader,28
2026-03-05,MSFT,Microsoft,Platform,1.35,-0.56,1.92,Leader,29
2026-03-05,GTLB,GitLab,Platform,1.28,-0.56,1.84,Leader,30
2026-03-05,AMZN,Amazon,Platform,0.98,-0.56,1.54,Leader,31
2026-03-05,INTC,Intel,Compute,0.81,-0.56,1.38,Leader,32
2026-03-05,NVDA,NVIDIA,Compute,0.16,-0.56,0.73,Leader,33
2026-03-05,CFLT,Confluent,Platform,0.13,-0.56,0.69,Leader,34
2026-03-05,PLTR,Palantir,Platform,-0.34,-0.56,0.23,Leader,35
2026-03-05,HPE,Hewlett Packard Enterprise,Compute,-0.37,-0.56,0.19,Leader,36
2026-03-05,DELL,Dell Technologies,Compute,-0.39,-0.56,0.17,Leader,37
2026-03-05,MRVL,Marvell Technology,Compute,-3.09,-0.56,-2.52,Laggard,1
2026-03-05,ON,ON Semiconductor,Compute,-2.69,-0.56,-2.12,Laggard,2
2026-03-05,ASML,ASML,Compute,-2.22,-0.56,-1.65,Laggard,3
2026-03-05,AKAM,Akamai Technologies,Platform,-1.92,-0.56,-1.36,Laggard,4
2026-03-05,CDNS,Cadence Design Systems,Compute,-1.83,-0.56,-1.27,Laggard,5
2026-03-05,QCOM,Qualcomm,Compute,-1.8,-0.56,-1.23,Laggard,6
2026-03-05,AMD,AMD,Compute,-1.3,-0.56,-0.73,Laggard,7
2026-03-05,SMCI,Super Micro Computer,Compute,-1.26,-0.56,-0.69,Laggard,8
2026-03-05,META,Meta,Platform,-1.07,-0.56,-0.51,Laggard,9
2026-03-05,TSM,TSMC,Compute,-1.0,-0.56,-0.44,Laggard,10
2026-03-05,MU,Micron,Compute,-0.93,-0.56,-0.36,Laggard,11
2026-03-05,ZM,Zoom,Application,-0.88,-0.56,-0.32,Laggard,12
2026-03-05,GOOGL,Alphabet,Platform,-0.74,-0.56,-0.18,Laggard,13
2026-03-04,ANET,Arista Networks,Compute,8.21,0.78,7.43,Leader,1
2026-03-04,SMCI,Super Micro Computer,Compute,6.42,0.78,5.65,Leader,2
2026-03-04,SHOP,Shopify,Application,6.38,0.78,5.61,Leader,3
2026-03-04,ZM,Zoom,Application,6.15,0.78,5.37,Leader,4
2026-03-04,DDOG,Datadog,Platform,5.87,0.78,5.09,Leader,5
2026-03-04,AMD,AMD,Compute,5.82,0.78,5.05,Leader,6
2026-03-04,INTC,Intel,Compute,5.75,0.78,4.98,Leader,7
2026-03-04,MU,Micron,Compute,5.55,0.78,4.78,Leader,8
2026-03-04,CRWD,CrowdStrike,Application,4.15,0.78,3.38,Leader,9
2026-03-04,PLTR,Palantir,Platform,4.06,0.78,3.28,Leader,10
2026-03-04,NET,Cloudflare,Platform,3.9,0.78,3.13,Leader,11
2026-03-04,AMZN,Amazon,Platform,3.88,0.78,3.1,Leader,12
2026-03-04,ASML,ASML,Compute,2.82,0.78,2.05,Leader,13
2026-03-04,ORCL,Oracle,Platform,2.25,0.78,1.48,Leader,14
2026-03-04,IBM,IBM,Platform,1.95,0.78,1.17,Leader,15
2026-03-04,META,Meta,Platform,1.93,0.78,1.16,Leader,16
2026-03-04,U,Unity Software,Application,1.8,0.78,1.02,Leader,17
2026-03-04,ADSK,Autodesk,Application,1.77,0.78,1.0,Leader,18
2026-03-04,NVDA,NVIDIA,Compute,1.66,0.78,0.89,Leader,19
2026-03-04,CDNS,Cadence Design Systems,Compute,1.6,0.78,0.82,Leader,20
2026-03-04,INTU,Intuit,Application,1.57,0.78,0.79,Leader,21
2026-03-04,SNPS,Synopsys,Compute,1.57,0.78,0.79,Leader,22
2026-03-04,SNOW,Snowflake,Platform,1.49,0.78,0.71,Leader,23
2026-03-04,DELL,Dell Technologies,Compute,1.32,0.78,0.55,Leader,24
2026-03-04,TSM,TSMC,Compute,1.22,0.78,0.44,Leader,25
2026-03-04,AVGO,Broadcom,Compute,1.18,0.78,0.4,Leader,26
2026-03-04,HUBS,HubSpot,Application,1.17,0.78,0.39,Leader,27
2026-03-04,QCOM,Qualcomm,Compute,1.0,0.78,0.22,Leader,28
2026-03-04,ZS,Zscaler,Application,1.0,0.78,0.22,Leader,29
2026-03-04,AKAM,Akamai Technologies,Platform,0.88,0.78,0.11,Leader,30
2026-03-04,ADBE,Adobe,Application,0.79,0.78,0.01,Leader,31
2026-03-04,GTLB,GitLab,Platform,-6.18,0.78,-6.96,Laggard,1
2026-03-04,DUOL,Duolingo,Application,-5.35,0.78,-6.13,Laggard,2
2026-03-04,TEAM,Atlassian,Platform,-2.0,0.78,-2.78,Laggard,3
2026-03-04,MDB,MongoDB,Platform,-1.87,0.78,-2.64,Laggard,4
2026-03-04,ESTC,Elastic,Platform,-1.58,0.78,-2.35,Laggard,5
2026-03-04,CRM,Salesforce,Application,-1.51,0.78,-2.29,Laggard,6
2026-03-04,ON,ON Semiconductor,Compute,-1.4,0.78,-2.18,Laggard,7
2026-03-04,DOCU,DocuSign,Application,-1.11,0.78,-1.89,Laggard,8
2026-03-04,OKTA,Okta,Platform,-1.08,0.78,-1.85,Laggard,9
2026-03-04,TWLO,Twilio,Platform,-0.42,0.78,-1.2,Laggard,10
2026-03-04,HPE,Hewlett Packard Enterprise,Compute,-0.42,0.78,-1.19,Laggard,11
2026-03-04,WDAY,Workday,Application,-0.4,0.78,-1.17,Laggard,12
2026-03-04,GOOGL,Alphabet,Platform,-0.15,0.78,-0.92,Laggard,13
2026-03-04,CFLT,Confluent,Platform,0.0,0.78,-0.78,Laggard,14
2026-03-04,PATH,UiPath,Application,0.27,0.78,-0.5,Laggard,15
2026-03-04,MSFT,Microsoft,Platform,0.31,0.78,-0.46,Laggard,16
2026-03-04,NOW,ServiceNow,Platform,0.59,0.78,-0.18,Laggard,17
2026-03-04,GFS,GlobalFoundries,Compute,0.74,0.78,-0.03,Laggard,18
2026-03-04,MRVL,Marvell Technology,Compute,0.75,0.78,-0.03,Laggard,19
2026-03-03,WDAY,Workday,Application,7.16,-0.94,8.11,Leader,1
2026-03-03,TEAM,Atlassian,Platform,6.21,-0.94,7.15,Leader,2
2026-03-03,U,Unity Software,Application,6.09,-0.94,7.04,Leader,3
2026-03-03,AKAM,Akamai Technologies,Platform,4.55,-0.94,5.49,Leader,4
2026-03-03,HUBS,HubSpot,Application,4.47,-0.94,5.41,Leader,5
2026-03-03,ZS,Zscaler,Application,4.1,-0.94,5.04,Leader,6
2026-03-03,ADBE,Adobe,Application,3.88,-0.94,4.82,Leader,7
2026-03-03,NOW,ServiceNow,Platform,3.45,-0.94,4.39,Leader,8
2026-03-03,INTU,Intuit,Application,3.41,-0.94,4.35,Leader,9
2026-03-03,PATH,UiPath,Application,3.18,-0.94,4.12,Leader,10
2026-03-03,ADSK,Autodesk,Application,2.62,-0.94,3.56,Leader,11
2026-03-03,IBM,IBM,Platform,2.47,-0.94,3.41,Leader,12
2026-03-03,SHOP,Shopify,Application,2.09,-0.94,3.03,Leader,13
2026-03-03,GTLB,GitLab,Platform,1.95,-0.94,2.89,Leader,14
2026-03-03,CRWD,CrowdStrike,Application,1.7,-0.94,2.65,Leader,15
2026-03-03,CRM,Salesforce,Application,1.61,-0.94,2.55,Leader,16
2026-03-03,PLTR,Palantir,Platform,1.41,-0.94,2.36,Leader,17
2026-03-03,MSFT,Microsoft,Platform,1.35,-0.94,2.29,Leader,18
2026-03-03,DOCU,DocuSign,Application,1.26,-0.94,2.2,Leader,19
2026-03-03,ZM,Zoom,Application,1.07,-0.94,2.02,Leader,20
2026-03-03,DUOL,Duolingo,Application,0.78,-0.94,1.73,Leader,21
2026-03-03,DDOG,Datadog,Platform,0.59,-0.94,1.54,Leader,22
2026-03-03,META,Meta,Platform,0.23,-0.94,1.18,Leader,23
2026-03-03,AMZN,Amazon,Platform,0.16,-0.94,1.11,Leader,24
2026-03-03,CFLT,Confluent,Platform,0.16,-0.94,1.11,Leader,25
2026-03-03,SNPS,Synopsys,Compute,-0.08,-0.94,0.86,Leader,26
2026-03-03,ORCL,Oracle,Platform,-0.16,-0.94,0.78,Leader,27
2026-03-03,TWLO,Twilio,Platform,-0.24,-0.94,0.7,Leader,28
2026-03-03,ESTC,Elastic,Platform,-0.45,-0.94,0.49,Leader,29
2026-03-03,CDNS,Cadence Design Systems,Compute,-0.9,-0.94,0.04,Leader,30
2026-03-03,MDB,MongoDB,Platform,-22.24,-0.94,-21.29,Laggard,1
2026-03-03,MU,Micron,Compute,-7.99,-0.94,-7.05,Laggard,2
2026-03-03,DELL,Dell Technologies,Compute,-5.45,-0.94,-4.51,Laggard,3
2026-03-03,GFS,GlobalFoundries,Compute,-5.31,-0.94,-4.37,Laggard,4
2026-03-03,INTC,Intel,Compute,-5.27,-0.94,-4.33,Laggard,5
2026-03-03,ON,ON Semiconductor,Compute,-4.6,-0.94,-3.66,Laggard,6
2026-03-03,ASML,ASML,Compute,-4.4,-0.94,-3.45,Laggard,7
2026-03-03,TSM,TSMC,Compute,-4.33,-0.94,-3.38,Laggard,8
2026-03-03,MRVL,Marvell Technology,Compute,-4.14,-0.94,-3.2,Laggard,9
2026-03-03,AMD,AMD,Compute,-3.86,-0.94,-2.92,Laggard,10
2026-03-03,ANET,Arista Networks,Compute,-3.63,-0.94,-2.69,Laggard,11
2026-03-03,SMCI,Super Micro Computer,Compute,-3.61,-0.94,-2.67,Laggard,12
2026-03-03,SNOW,Snowflake,Platform,-2.67,-0.94,-1.72,Laggard,13
2026-03-03,HPE,Hewlett Packard Enterprise,Compute,-2.21,-0.94,-1.27,Laggard,14
2026-03-03,QCOM,Qualcomm,Compute,-2.06,-0.94,-1.11,Laggard,15
2026-03-03,OKTA,Okta,Platform,-1.96,-0.94,-1.02,Laggard,16
2026-03-03,AVGO,Broadcom,Compute,-1.56,-0.94,-0.62,Laggard,17
2026-03-03,NVDA,NVIDIA,Compute,-1.33,-0.94,-0.39,Laggard,18
2026-03-03,NET,Cloudflare,Platform,-1.17,-0.94,-0.22,Laggard,19
2026-03-03,GOOGL,Alphabet,Platform,-0.96,-0.94,-0.01,Laggard,20
2026-03-02,PLTR,Palantir,Platform,5.82,0.04,5.78,Leader,1
2026-03-02,NET,Cloudflare,Platform,5.13,0.04,5.09,Leader,2
2026-03-02,GFS,GlobalFoundries,Compute,4.88,0.04,4.84,Leader,3
2026-03-02,DELL,Dell Technologies,Compute,3.69,0.04,3.65,Leader,4
2026-03-02,U,Unity Software,Application,3.51,0.04,3.47,Leader,5
2026-03-02,CRWD,CrowdStrike,Application,3.46,0.04,3.42,Leader,6
2026-03-02,HPE,Hewlett Packard Enterprise,Compute,3.07,0.04,3.03,Leader,7
2026-03-02,NVDA,NVIDIA,Compute,2.99,0.04,2.95,Leader,8
2026-03-02,ORCL,Oracle,Platform,2.65,0.04,2.61,Leader,9
2026-03-02,SNPS,Synopsys,Compute,2.57,0.04,2.54,Leader,10
2026-03-02,INTU,Intuit,Application,2.45,0.04,2.41,Leader,11
2026-03-02,DOCU,DocuSign,Application,2.42,0.04,2.38,Leader,12
2026-03-02,TWLO,Twilio,Platform,2.36,0.04,2.32,Leader,13
2026-03-02,OKTA,Okta,Platform,2.03,0.04,1.99,Leader,14
2026-03-02,ESTC,Elastic,Platform,1.63,0.04,1.59,Leader,15
2026-03-02,MSFT,Microsoft,Platform,1.48,0.04,1.44,Leader,16
2026-03-02,NOW,ServiceNow,Platform,1.31,0.04,1.27,Leader,17
2026-03-02,SNOW,Snowflake,Platform,1.14,0.04,1.1,Leader,18
2026-03-02,ZS,Zscaler,Application,1.08,0.04,1.04,Leader,19
2026-03-02,META,Meta,Platform,0.83,0.04,0.79,Leader,20
2026-03-02,CDNS,Cadence Design Systems,Compute,0.65,0.04,0.61,Leader,21
2026-03-02,ADSK,Autodesk,Application,0.44,0.04,0.4,Leader,22
2026-03-02,WDAY,Workday,Application,0.19,0.04,0.15,Leader,23
2026-03-02,CFLT,Confluent,Platform,0.1,0.04,0.06,Leader,24
2026-03-02,MU,Micron,Compute,0.07,0.04,0.03,Leader,25
2026-03-02,ANET,Arista Networks,Compute,-3.15,0.04,-3.19,Laggard,1
2026-03-02,ASML,ASML,Compute,-1.86,0.04,-1.9,Laggard,2
2026-03-02,TEAM,Atlassian,Platform,-1.77,0.04,-1.81,Laggard,3
2026-03-02,SMCI,Super Micro Computer,Compute,-1.73,0.04,-1.77,Laggard,4
2026-03-02,GOOGL,Alphabet,Platform,-1.68,0.04,-1.72,Laggard,5
2026-03-02,ZM,Zoom,Application,-1.65,0.04,-1.69,Laggard,6
2026-03-02,TSM,TSMC,Compute,-1.46,0.04,-1.5,Laggard,7
2026-03-02,SHOP,Shopify,Application,-1.12,0.04,-1.16,Laggard,8
2026-03-02,MDB,MongoDB,Platform,-1.05,0.04,-1.09,Laggard,9
2026-03-02,MRVL,Marvell Technology,Compute,-1.02,0.04,-1.06,Laggard,10
2026-03-02,CRM,Salesforce,Application,-0.94,0.04,-0.98,Laggard,11
2026-03-02,QCOM,Qualcomm,Compute,-0.93,0.04,-0.97,Laggard,12
2026-03-02,AMD,AMD,Compute,-0.79,0.04,-0.83,Laggard,13
2026-03-02,AMZN,Amazon,Platform,-0.77,0.04,-0.81,Laggard,14
2026-03-02,AKAM,Akamai Technologies,Platform,-0.76,0.04,-0.8,Laggard,15
2026-03-02,DDOG,Datadog,Platform,-0.76,0.04,-0.8,Laggard,16
2026-03-02,ADBE,Adobe,Application,-0.58,0.04,-0.62,Laggard,17
2026-03-02,GTLB,GitLab,Platform,-0.42,0.04,-0.46,Laggard,18
2026-03-02,IBM,IBM,Platform,-0.35,0.04,-0.39,Laggard,19
2026-03-02,HUBS,HubSpot,Application,-0.34,0.04,-0.38,Laggard,20
2026-03-02,PATH,UiPath,Application,-0.28,0.04,-0.32,Laggard,21
2026-03-02,INTC,Intel,Compute,-0.24,0.04,-0.28,Laggard,22
2026-03-02,AVGO,Broadcom,Compute,-0.23,0.04,-0.27,Laggard,23
2026-03-02,DUOL,Duolingo,Application,-0.18,0.04,-0.22,Laggard,24
2026-03-02,ON,ON Semiconductor,Compute,0.0,0.04,-0.04,Laggard,25
2026-02-27,DELL,Dell Technologies,Compute,21.93,-0.43,22.36,Leader,1
2026-02-27,ADSK,Autodesk,Application,5.32,-0.43,5.75,Leader,2
2026-02-27,INTU,Intuit,Application,3.7,-0.43,4.14,Leader,3
2026-02-27,MRVL,Marvell Technology,Compute,3.03,-0.43,3.46,Leader,4
2026-02-27,HPE,Hewlett Packard Enterprise,Compute,3.02,-0.43,3.46,Leader,5
2026-02-27,ANET,Arista Networks,Compute,2.5,-0.43,2.93,Leader,6
2026-02-27,GOOGL,Alphabet,Platform,1.42,-0.43,1.86,Leader,7
2026-02-27,GFS,GlobalFoundries,Compute,1.34,-0.43,1.78,Leader,8
2026-02-27,ADBE,Adobe,Application,1.3,-0.43,1.73,Leader,9
2026-02-27,CDNS,Cadence Design Systems,Compute,1.28,-0.43,1.71,Leader,10
2026-02-27,TWLO,Twilio,Platform,1.13,-0.43,1.56,Leader,11
2026-02-27,AMZN,Amazon,Platform,1.0,-0.43,1.43,Leader,12
2026-02-27,PLTR,Palantir,Platform,0.92,-0.43,1.35,Leader,13
2026-02-27,SMCI,Super Micro Computer,Compute,0.34,-0.43,0.77,Leader,14
2026-02-27,INTC,Intel,Compute,0.33,-0.43,0.76,Leader,15
2026-02-27,PATH,UiPath,Application,0.19,-0.43,0.62,Leader,16
2026-02-27,CFLT,Confluent,Platform,0.13,-0.43,0.56,Leader,17
2026-02-27,ESTC,Elastic,Platform,-15.44,-0.43,-15.01,Laggard,1
2026-02-27,DUOL,Duolingo,Application,-14.01,-0.43,-13.57,Laggard,2
2026-02-27,ZS,Zscaler,Application,-12.17,-0.43,-11.74,Laggard,3
2026-02-27,U,Unity Software,Application,-6.89,-0.43,-6.46,Laggard,4
2026-02-27,GTLB,GitLab,Platform,-5.7,-0.43,-5.27,Laggard,5
2026-02-27,TEAM,Atlassian,Platform,-5.41,-0.43,-4.98,Laggard,6
2026-02-27,NVDA,NVIDIA,Compute,-4.16,-0.43,-3.73,Laggard,7
2026-02-27,SHOP,Shopify,Application,-4.14,-0.43,-3.7,Laggard,8
2026-02-27,DDOG,Datadog,Platform,-3.86,-0.43,-3.43,Laggard,9
2026-02-27,WDAY,Workday,Application,-3.85,-0.43,-3.41,Laggard,10
2026-02-27,OKTA,Okta,Platform,-3.65,-0.43,-3.22,Laggard,11
2026-02-27,ORCL,Oracle,Platform,-3.27,-0.43,-2.83,Laggard,12
2026-02-27,SNPS,Synopsys,Compute,-2.82,-0.43,-2.38,Laggard,13
2026-02-27,SNOW,Snowflake,Platform,-2.69,-0.43,-2.25,Laggard,14
2026-02-27,ON,ON Semiconductor,Compute,-2.46,-0.43,-2.03,Laggard,15
2026-02-27,MDB,MongoDB,Platform,-2.42,-0.43,-1.98,Laggard,16
2026-02-27,CRWD,CrowdStrike,Application,-2.39,-0.43,-1.96,Laggard,17
2026-02-27,CRM,Salesforce,Application,-2.35,-0.43,-1.91,Laggard,18
2026-02-27,MSFT,Microsoft,Platform,-2.24,-0.43,-1.8,Laggard,19
2026-02-27,QCOM,Qualcomm,Compute,-2.22,-0.43,-1.78,Laggard,20
2026-02-27,ZM,Zoom,Application,-2.12,-0.43,-1.68,Laggard,21
2026-02-27,AMD,AMD,Compute,-1.7,-0.43,-1.27,Laggard,22
2026-02-27,AKAM,Akamai Technologies,Platform,-1.51,-0.43,-1.08,Laggard,23
2026-02-27,HUBS,HubSpot,Application,-1.49,-0.43,-1.06,Laggard,24
2026-02-27,DOCU,DocuSign,Application,-1.42,-0.43,-0.99,Laggard,25
2026-02-27,NET,Cloudflare,Platform,-1.41,-0.43,-0.98,Laggard,26
2026-02-27,META,Meta,Platform,-1.34,-0.43,-0.91,Laggard,27
2026-02-27,NOW,ServiceNow,Platform,-1.18,-0.43,-0.75,Laggard,28
2026-02-27,ASML,ASML,Compute,-0.9,-0.43,-0.47,Laggard,29
2026-02-27,MU,Micron,Compute,-0.77,-0.43,-0.33,Laggard,30
2026-02-27,IBM,IBM,Platform,-0.74,-0.43,-0.31,Laggard,31
2026-02-27,AVGO,Broadcom,Compute,-0.67,-0.43,-0.23,Laggard,32
2026-02-27,TSM,TSMC,Compute,-0.59,-0.43,-0.16,Laggard,33
2026-02-26,HUBS,HubSpot,Application,9.29,-0.54,9.82,Leader,1
2026-02-26,TEAM,Atlassian,Platform,8.53,-0.54,9.06,Leader,2
2026-02-26,PATH,UiPath,Application,7.75,-0.54,8.28,Leader,3
2026-02-26,ZS,Zscaler,Application,7.49,-0.54,8.03,Leader,4
2026-02-26,GTLB,GitLab,Platform,7.39,-0.54,7.93,Leader,5
2026-02-26,MDB,MongoDB,Platform,6.86,-0.54,7.4,Leader,6
2026-02-26,ESTC,Elastic,Platform,6.17,-0.54,6.71,Leader,7
2026-02-26,DOCU,DocuSign,Application,5.69,-0.54,6.22,Leader,8
2026-02-26,DDOG,Datadog,Platform,5.56,-0.54,6.09,Leader,9
2026-02-26,U,Unity Software,Application,5.38,-0.54,5.92,Leader,10
2026-02-26,DUOL,Duolingo,Application,5.19,-0.54,5.73,Leader,11
2026-02-26,CRWD,CrowdStrike,Application,4.9,-0.54,5.43,Leader,12
2026-02-26,NOW,ServiceNow,Platform,4.86,-0.54,5.4,Leader,13
2026-02-26,SHOP,Shopify,Application,4.68,-0.54,5.22,Leader,14
2026-02-26,WDAY,Workday,Application,4.48,-0.54,5.01,Leader,15
2026-02-26,CRM,Salesforce,Application,4.03,-0.54,4.56,Leader,16
2026-02-26,ADSK,Autodesk,Application,3.84,-0.54,4.38,Leader,17
2026-02-26,INTU,Intuit,Application,3.46,-0.54,4.0,Leader,18
2026-02-26,OKTA,Okta,Platform,3.08,-0.54,3.61,Leader,19
2026-02-26,SNOW,Snowflake,Platform,2.28,-0.54,2.81,Leader,20
2026-02-26,IBM,IBM,Platform,1.88,-0.54,2.42,Leader,21
2026-02-26,NET,Cloudflare,Platform,1.66,-0.54,2.2,Leader,22
2026-02-26,ORCL,Oracle,Platform,1.64,-0.54,2.17,Leader,23
2026-02-26,PLTR,Palantir,Platform,1.3,-0.54,1.84,Leader,24
2026-02-26,TWLO,Twilio,Platform,1.09,-0.54,1.63,Leader,25
2026-02-26,HPE,Hewlett Packard Enterprise,Compute,1.02,-0.54,1.55,Leader,26
2026-02-26,META,Meta,Platform,0.51,-0.54,1.04,Leader,27
2026-02-26,ADBE,Adobe,Application,0.48,-0.54,1.01,Leader,28
2026-02-26,MSFT,Microsoft,Platform,0.28,-0.54,0.82,Leader,29
2026-02-26,CFLT,Confluent,Platform,-0.03,-0.54,0.5,Leader,30
2026-02-26,AKAM,Akamai Technologies,Platform,-0.14,-0.54,0.4,Leader,31
2026-02-26,QCOM,Qualcomm,Compute,-0.16,-0.54,0.38,Leader,32
2026-02-26,ZM,Zoom,Application,-11.58,-0.54,-11.04,Laggard,1
2026-02-26,NVDA,NVIDIA,Compute,-5.46,-0.54,-4.92,Laggard,2
2026-02-26,SNPS,Synopsys,Compute,-5.16,-0.54,-4.62,Laggard,3
2026-02-26,ASML,ASML,Compute,-4.11,-0.54,-3.57,Laggard,4
2026-02-26,GFS,GlobalFoundries,Compute,-3.97,-0.54,-3.43,Laggard,5
2026-02-26,SMCI,Super Micro Computer,Compute,-3.93,-0.54,-3.39,Laggard,6
2026-02-26,AMD,AMD,Compute,-3.41,-0.54,-2.87,Laggard,7
2026-02-26,AVGO,Broadcom,Compute,-3.19,-0.54,-2.66,Laggard,8
2026-02-26,MU,Micron,Compute,-3.13,-0.54,-2.6,Laggard,9
2026-02-26,INTC,Intel,Compute,-3.03,-0.54,-2.49,Laggard,10
2026-02-26,TSM,TSMC,Compute,-2.82,-0.54,-2.28,Laggard,11
2026-02-26,ON,ON Semiconductor,Compute,-2.18,-0.54,-1.64,Laggard,12
2026-02-26,MRVL,Marvell Technology,Compute,-2.01,-0.54,-1.48,Laggard,13
2026-02-26,ANET,Arista Networks,Compute,-1.99,-0.54,-1.45,Laggard,14
2026-02-26,GOOGL,Alphabet,Platform,-1.76,-0.54,-1.23,Laggard,15
2026-02-26,DELL,Dell Technologies,Compute,-1.64,-0.54,-1.11,Laggard,16
2026-02-26,CDNS,Cadence Design Systems,Compute,-1.4,-0.54,-0.87,Laggard,17
2026-02-26,AMZN,Amazon,Platform,-1.29,-0.54,-0.75,Laggard,18
2026-02-25,SMCI,Super Micro Computer,Compute,7.93,0.81,7.12,Leader,1
2026-02-25,INTU,Intuit,Application,6.28,0.81,5.46,Leader,2
2026-02-25,DDOG,Datadog,Platform,5.65,0.81,4.84,Leader,3
2026-02-25,HUBS,HubSpot,Application,5.63,0.81,4.82,Leader,4
2026-02-25,SNOW,Snowflake,Platform,5.06,0.81,4.25,Leader,5
2026-02-25,NET,Cloudflare,Platform,4.88,0.81,4.06,Leader,6
2026-02-25,ZS,Zscaler,Application,4.24,0.81,3.43,Leader,7
2026-02-25,GTLB,GitLab,Platform,4.17,0.81,3.36,Leader,8
2026-02-25,PLTR,Palantir,Platform,4.15,0.81,3.34,Leader,9
2026-02-25,TWLO,Twilio,Platform,3.93,0.81,3.11,Leader,10
2026-02-25,CDNS,Cadence Design Systems,Compute,3.86,0.81,3.04,Leader,11
2026-02-25,CRWD,CrowdStrike,Application,3.73,0.81,2.92,Leader,12
2026-02-25,IBM,IBM,Platform,3.58,0.81,2.77,Leader,13
2026-02-25,CRM,Salesforce,Application,3.41,0.81,2.6,Leader,14
2026-02-25,MRVL,Marvell Technology,Compute,3.23,0.81,2.41,Leader,15
2026-02-25,ANET,Arista Networks,Compute,3.2,0.81,2.39,Leader,16
2026-02-25,DELL,Dell Technologies,Compute,3.09,0.81,2.28,Leader,17
2026-02-25,MSFT,Microsoft,Platform,2.98,0.81,2.17,Leader,18
2026-02-25,SHOP,Shopify,Application,2.89,0.81,2.08,Leader,19
2026-02-25,ESTC,Elastic,Platform,2.87,0.81,2.06,Leader,20
2026-02-25,TEAM,Atlassian,Platform,2.82,0.81,2.01,Leader,21
2026-02-25,MU,Micron,Compute,2.63,0.81,1.82,Leader,22
2026-02-25,OKTA,Okta,Platform,2.62,0.81,1.81,Leader,23
2026-02-25,GFS,GlobalFoundries,Compute,2.6,0.81,1.79,Leader,24
2026-02-25,META,Meta,Platform,2.25,0.81,1.44,Leader,25
2026-02-25,WDAY,Workday,Application,2.24,0.81,1.43,Leader,26
2026-02-25,AVGO,Broadcom,Compute,2.1,0.81,1.28,Leader,27
2026-02-25,DUOL,Duolingo,Application,2.03,0.81,1.22,Leader,28
2026-02-25,ASML,ASML,Compute,1.92,0.81,1.1,Leader,29
2026-02-25,SNPS,Synopsys,Compute,1.92,0.81,1.1,Leader,30
2026-02-25,HPE,Hewlett Packard Enterprise,Compute,1.88,0.81,1.06,Leader,31
2026-02-25,ADSK,Autodesk,Application,1.77,0.81,0.95,Leader,32
2026-02-25,NOW,ServiceNow,Platform,1.7,0.81,0.88,Leader,33
2026-02-25,INTC,Intel,Compute,1.65,0.81,0.83,Leader,34
2026-02-25,U,Unity Software,Application,1.59,0.81,0.77,Leader,35
2026-02-25,NVDA,NVIDIA,Compute,1.41,0.81,0.59,Leader,36
2026-02-25,ORCL,Oracle,Platform,1.2,0.81,0.38,Leader,37
2026-02-25,ADBE,Adobe,Application,1.03,0.81,0.22,Leader,38
2026-02-25,AMZN,Amazon,Platform,1.0,0.81,0.18,Leader,39
2026-02-25,DOCU,DocuSign,Application,0.96,0.81,0.14,Leader,40
2026-02-25,ZM,Zoom,Application,-2.38,0.81,-3.19,Laggard,1
2026-02-25,PATH,UiPath,Application,-1.58,0.81,-2.4,Laggard,2
2026-02-25,AMD,AMD,Compute,-1.39,0.81,-2.21,Laggard,3
2026-02-25,ON,ON Semiconductor,Compute,-0.5,0.81,-1.31,Laggard,4
2026-02-25,AKAM,Akamai Technologies,Platform,-0.09,0.81,-0.9,Laggard,5
2026-02-25,CFLT,Confluent,Platform,0.07,0.81,-0.75,Laggard,6
2026-02-25,TSM,TSMC,Compute,0.51,0.81,-0.3,Laggard,7
2026-02-25,GOOGL,Alphabet,Platform,0.64,0.81,-0.17,Laggard,8
2026-02-25,QCOM,Qualcomm,Compute,0.72,0.81,-0.1,Laggard,9
2026-02-25,MDB,MongoDB,Platform,0.79,0.81,-0.02,Laggard,10
2026-02-24,AMD,AMD,Compute,8.77,0.77,8.0,Leader,1
2026-02-24,HUBS,HubSpot,Application,7.01,0.77,6.25,Leader,2
2026-02-24,U,Unity Software,Application,6.77,0.77,6.01,Leader,3
2026-02-24,INTC,Intel,Compute,5.71,0.77,4.94,Leader,4
2026-02-24,ESTC,Elastic,Platform,5.7,0.77,4.93,Leader,5
2026-02-24,TWLO,Twilio,Platform,4.93,0.77,4.17,Leader,6
2026-02-24,SNPS,Synopsys,Compute,4.73,0.77,3.96,Leader,7
2026-02-24,ZS,Zscaler,Application,4.24,0.77,3.48,Leader,8
2026-02-24,TSM,TSMC,Compute,4.25,0.77,3.48,Leader,9
2026-02-24,CRM,Salesforce,Application,4.07,0.77,3.31,Leader,10
2026-02-24,CDNS,Cadence Design Systems,Compute,3.87,0.77,3.11,Leader,11
2026-02-24,GTLB,GitLab,Platform,3.75,0.77,2.98,Leader,12
2026-02-24,ADBE,Adobe,Application,3.44,0.77,2.68,Leader,13
2026-02-24,TEAM,Atlassian,Platform,3.44,0.77,2.68,Leader,14
2026-02-24,ORCL,Oracle,Platform,3.42,0.77,2.65,Leader,15
2026-02-24,GFS,GlobalFoundries,Compute,3.16,0.77,2.4,Leader,16
2026-02-24,QCOM,Qualcomm,Compute,3.11,0.77,2.35,Leader,17
2026-02-24,DUOL,Duolingo,Application,3.1,0.77,2.34,Leader,18
2026-02-24,IBM,IBM,Platform,2.67,0.77,1.91,Leader,19
2026-02-24,DOCU,DocuSign,Application,2.63,0.77,1.87,Leader,20
2026-02-24,OKTA,Okta,Platform,2.34,0.77,1.58,Leader,21
2026-02-24,MDB,MongoDB,Platform,2.34,0.77,1.57,Leader,22
2026-02-24,NET,Cloudflare,Platform,2.26,0.77,1.49,Leader,23
2026-02-24,SNOW,Snowflake,Platform,2.2,0.77,1.43,Leader,24
2026-02-24,DDOG,Datadog,Platform,1.77,0.77,1.0,Leader,25
2026-02-24,ZM,Zoom,Application,1.68,0.77,0.92,Leader,26
2026-02-24,NOW,ServiceNow,Platform,1.68,0.77,0.91,Leader,27
2026-02-24,AMZN,Amazon,Platform,1.6,0.77,0.84,Leader,28
2026-02-24,AKAM,Akamai Technologies,Platform,1.39,0.77,0.62,Leader,29
2026-02-24,SMCI,Super Micro Computer,Compute,1.37,0.77,0.6,Leader,30
2026-02-24,HPE,Hewlett Packard Enterprise,Compute,1.25,0.77,0.48,Leader,31
2026-02-24,MSFT,Microsoft,Platform,1.18,0.77,0.41,Leader,32
2026-02-24,ANET,Arista Networks,Compute,1.05,0.77,0.29,Leader,33
2026-02-24,ADSK,Autodesk,Application,1.04,0.77,0.27,Leader,34
2026-02-24,ON,ON Semiconductor,Compute,0.81,0.77,0.04,Leader,35
2026-02-24,ASML,ASML,Compute,0.79,0.77,0.03,Leader,36
2026-02-24,WDAY,Workday,Application,0.79,0.77,0.02,Leader,37
2026-02-24,MRVL,Marvell Technology,Compute,0.77,0.77,0.01,Leader,38
2026-02-24,AVGO,Broadcom,Compute,-1.47,0.77,-2.23,Laggard,1
2026-02-24,PLTR,Palantir,Platform,-1.35,0.77,-2.11,Laggard,2
2026-02-24,MU,Micron,Compute,-0.7,0.77,-1.47,Laggard,3
2026-02-24,PATH,UiPath,Application,-0.69,0.77,-1.45,Laggard,4
2026-02-24,SHOP,Shopify,Application,-0.3,0.77,-1.06,Laggard,5
2026-02-24,INTU,Intuit,Application,-0.23,0.77,-1.0,Laggard,6
2026-02-24,CFLT,Confluent,Platform,-0.23,0.77,-0.99,Laggard,7
2026-02-24,GOOGL,Alphabet,Platform,-0.19,0.77,-0.95,Laggard,8
2026-02-24,CRWD,CrowdStrike,Application,-0.02,0.77,-0.79,Laggard,9
2026-02-24,META,Meta,Platform,0.32,0.77,-0.44,Laggard,10
2026-02-24,DELL,Dell Technologies,Compute,0.54,0.77,-0.23,Laggard,11
2026-02-24,NVDA,NVIDIA,Compute,0.68,0.77,-0.09,Laggard,12
2026-02-23,AKAM,Akamai Technologies,Platform,4.87,-1.04,5.91,Leader,1
2026-02-23,ASML,ASML,Compute,1.12,-1.04,2.15,Leader,2
2026-02-23,NVDA,NVIDIA,Compute,0.91,-1.04,1.95,Leader,3
2026-02-23,ON,ON Semiconductor,Compute,0.52,-1.04,1.56,Leader,4
2026-02-23,CFLT,Confluent,Platform,-0.03,-1.04,1.01,Leader,5
2026-02-23,GFS,GlobalFoundries,Compute,-0.06,-1.04,0.97,Leader,6
2026-02-23,TSM,TSMC,Compute,-0.13,-1.04,0.9,Leader,7
2026-02-23,AVGO,Broadcom,Compute,-0.69,-1.04,0.34,Leader,8
2026-02-23,IBM,IBM,Platform,-13.15,-1.04,-12.11,Laggard,1
2026-02-23,MDB,MongoDB,Platform,-11.37,-1.04,-10.34,Laggard,2
2026-02-23,DDOG,Datadog,Platform,-11.28,-1.04,-10.24,Laggard,3
2026-02-23,ZS,Zscaler,Application,-10.31,-1.04,-9.27,Laggard,4
2026-02-23,CRWD,CrowdStrike,Application,-9.85,-1.04,-8.81,Laggard,5
2026-02-23,NET,Cloudflare,Platform,-9.57,-1.04,-8.53,Laggard,6
2026-02-23,TEAM,Atlassian,Platform,-9.44,-1.04,-8.4,Laggard,7
2026-02-23,GTLB,GitLab,Platform,-8.94,-1.04,-7.9,Laggard,8
2026-02-23,SNOW,Snowflake,Platform,-8.64,-1.04,-7.6,Laggard,9
2026-02-23,ESTC,Elastic,Platform,-8.22,-1.04,-7.19,Laggard,10
2026-02-23,SHOP,Shopify,Application,-7.07,-1.04,-6.03,Laggard,11
2026-02-23,HUBS,HubSpot,Application,-6.91,-1.04,-5.87,Laggard,12
2026-02-23,OKTA,Okta,Platform,-6.43,-1.04,-5.4,Laggard,13
2026-02-23,HPE,Hewlett Packard Enterprise,Compute,-6.41,-1.04,-5.37,Laggard,14
2026-02-23,WDAY,Workday,Application,-6.24,-1.04,-5.2,Laggard,15
2026-02-23,U,Unity Software,Application,-6.14,-1.04,-5.1,Laggard,16
2026-02-23,DOCU,DocuSign,Application,-6.14,-1.04,-5.1,Laggard,17
2026-02-23,DUOL,Duolingo,Application,-6.03,-1.04,-4.99,Laggard,18
2026-02-23,PATH,UiPath,Application,-5.83,-1.04,-4.79,Laggard,19
2026-02-23,CDNS,Cadence Design Systems,Compute,-5.56,-1.04,-4.52,Laggard,20
2026-02-23,INTU,Intuit,Application,-5.52,-1.04,-4.48,Laggard,21
2026-02-23,SMCI,Super Micro Computer,Compute,-5.27,-1.04,-4.24,Laggard,22
2026-02-23,ZM,Zoom,Application,-4.68,-1.04,-3.65,Laggard,23
2026-02-23,ADBE,Adobe,Application,-4.61,-1.04,-3.57,Laggard,24
2026-02-23,ORCL,Oracle,Platform,-4.57,-1.04,-3.53,Laggard,25
2026-02-23,SNPS,Synopsys,Compute,-4.35,-1.04,-3.31,Laggard,26
2026-02-23,TWLO,Twilio,Platform,-4.1,-1.04,-3.06,Laggard,27
2026-02-23,ANET,Arista Networks,Compute,-4.04,-1.04,-3.0,Laggard,28
2026-02-23,CRM,Salesforce,Application,-3.78,-1.04,-2.74,Laggard,29
2026-02-23,ADSK,Autodesk,Application,-3.67,-1.04,-2.64,Laggard,30
2026-02-23,PLTR,Palantir,Platform,-3.43,-1.04,-2.39,Laggard,31
2026-02-23,NOW,ServiceNow,Platform,-3.33,-1.04,-2.29,Laggard,32
2026-02-23,MSFT,Microsoft,Platform,-3.21,-1.04,-2.17,Laggard,33
2026-02-23,META,Meta,Platform,-2.81,-1.04,-1.77,Laggard,34
2026-02-23,DELL,Dell Technologies,Compute,-2.56,-1.04,-1.52,Laggard,35
2026-02-23,AMZN,Amazon,Platform,-2.3,-1.04,-1.26,Laggard,36
2026-02-23,MRVL,Marvell Technology,Compute,-2.13,-1.04,-1.09,Laggard,37
2026-02-23,AMD,AMD,Compute,-1.77,-1.04,-0.74,Laggard,38
2026-02-23,QCOM,Qualcomm,Compute,-1.73,-1.04,-0.69,Laggard,39
2026-02-23,MU,Micron,Compute,-1.68,-1.04,-0.64,Laggard,40
2026-02-23,GOOGL,Alphabet,Platform,-1.11,-1.04,-0.07,Laggard,41
2026-02-23,INTC,Intel,Compute,-1.09,-1.04,-0.05,Laggard,42
2026-02-20,GOOGL,Alphabet,Platform,4.01,0.69,3.31,Leader,1
2026-02-20,TSM,TSMC,Compute,2.82,0.69,2.12,Leader,2
2026-02-20,DELL,Dell Technologies,Compute,2.7,0.69,2.0,Leader,3
2026-02-20,MU,Micron,Compute,2.59,0.69,1.9,Leader,4
2026-02-20,AMZN,Amazon,Platform,2.56,0.69,1.87,Leader,5
2026-02-20,TWLO,Twilio,Platform,1.96,0.69,1.27,Leader,6
2026-02-20,SHOP,Shopify,Application,1.94,0.69,1.24,Leader,7
2026-02-20,META,Meta,Platform,1.69,0.69,0.99,Leader,8
2026-02-20,GFS,GlobalFoundries,Compute,1.65,0.69,0.96,Leader,9
2026-02-20,DUOL,Duolingo,Application,1.65,0.69,0.95,Leader,10
2026-02-20,ON,ON Semiconductor,Compute,1.5,0.69,0.8,Leader,11
2026-02-20,QCOM,Qualcomm,Compute,1.14,0.69,0.45,Leader,12
2026-02-20,NVDA,NVIDIA,Compute,1.02,0.69,0.33,Leader,13
2026-02-20,DOCU,DocuSign,Application,0.82,0.69,0.12,Leader,14
2026-02-20,SMCI,Super Micro Computer,Compute,0.81,0.69,0.11,Leader,15
2026-02-20,ASML,ASML,Compute,0.73,0.69,0.04,Leader,16
2026-02-20,AKAM,Akamai Technologies,Platform,-14.07,0.69,-14.76,Laggard,1
2026-02-20,OKTA,Okta,Platform,-9.18,0.69,-9.87,Laggard,2
2026-02-20,GTLB,GitLab,Platform,-8.18,0.69,-8.87,Laggard,3
2026-02-20,NET,Cloudflare,Platform,-8.05,0.69,-8.74,Laggard,4
2026-02-20,CRWD,CrowdStrike,Application,-7.95,0.69,-8.64,Laggard,5
2026-02-20,ESTC,Elastic,Platform,-6.35,0.69,-7.04,Laggard,6
2026-02-20,ZS,Zscaler,Application,-5.47,0.69,-6.16,Laggard,7
2026-02-20,ORCL,Oracle,Platform,-5.4,0.69,-6.1,Laggard,8
2026-02-20,TEAM,Atlassian,Platform,-5.33,0.69,-6.03,Laggard,9
2026-02-20,DDOG,Datadog,Platform,-4.1,0.69,-4.79,Laggard,10
2026-02-20,SNOW,Snowflake,Platform,-3.74,0.69,-4.43,Laggard,11
2026-02-20,PATH,UiPath,Application,-3.66,0.69,-4.35,Laggard,12
2026-02-20,ANET,Arista Networks,Compute,-3.24,0.69,-3.93,Laggard,13
2026-02-20,MDB,MongoDB,Platform,-3.18,0.69,-3.88,Laggard,14
2026-02-20,NOW,ServiceNow,Platform,-2.89,0.69,-3.58,Laggard,15
2026-02-20,HUBS,HubSpot,Application,-2.45,0.69,-3.15,Laggard,16
2026-02-20,AMD,AMD,Compute,-1.58,0.69,-2.28,Laggard,17
2026-02-20,WDAY,Workday,Application,-1.58,0.69,-2.27,Laggard,18
2026-02-20,U,Unity Software,Application,-1.3,0.69,-1.99,Laggard,19
2026-02-20,INTC,Intel,Compute,-1.14,0.69,-1.84,Laggard,20
2026-02-20,ADSK,Autodesk,Application,-0.93,0.69,-1.62,Laggard,21
2026-02-20,ZM,Zoom,Application,-0.74,0.69,-1.43,Laggard,22
2026-02-20,SNPS,Synopsys,Compute,-0.57,0.69,-1.26,Laggard,23
2026-02-20,AVGO,Broadcom,Compute,-0.4,0.69,-1.1,Laggard,24
2026-02-20,MSFT,Microsoft,Platform,-0.31,0.69,-1.0,Laggard,25
2026-02-20,INTU,Intuit,Application,-0.26,0.69,-0.95,Laggard,26
2026-02-20,ADBE,Adobe,Application,-0.23,0.69,-0.93,Laggard,27
2026-02-20,MRVL,Marvell Technology,Compute,-0.16,0.69,-0.86,Laggard,28
2026-02-20,CDNS,Cadence Design Systems,Compute,-0.1,0.69,-0.8,Laggard,29
2026-02-20,HPE,Hewlett Packard Enterprise,Compute,-0.09,0.69,-0.79,Laggard,30
2026-02-20,CRM,Salesforce,Application,-0.07,0.69,-0.76,Laggard,31
2026-02-20,CFLT,Confluent,Platform,-0.07,0.69,-0.76,Laggard,32
2026-02-20,PLTR,Palantir,Platform,0.26,0.69,-0.43,Laggard,33
2026-02-20,IBM,IBM,Platform,0.34,0.69,-0.35,Laggard,34
2026-02-19,SMCI,Super Micro Computer,Compute,8.25,-0.28,8.53,Leader,1
2026-02-19,DELL,Dell Technologies,Compute,1.95,-0.28,2.23,Leader,2
2026-02-19,SHOP,Shopify,Application,1.78,-0.28,2.06,Leader,3
2026-02-19,SNOW,Snowflake,Platform,1.77,-0.28,2.05,Leader,4
2026-02-19,ESTC,Elastic,Platform,1.69,-0.28,1.97,Leader,5
2026-02-19,AMD,AMD,Compute,1.62,-0.28,1.91,Leader,6
2026-02-19,CRWD,CrowdStrike,Application,1.53,-0.28,1.82,Leader,7
2026-02-19,PATH,UiPath,Application,0.99,-0.28,1.27,Leader,8
2026-02-19,MRVL,Marvell Technology,Compute,0.66,-0.28,0.94,Leader,9
2026-02-19,NET,Cloudflare,Platform,0.63,-0.28,0.91,Leader,10
2026-02-19,TWLO,Twilio,Platform,0.31,-0.28,0.59,Leader,11
2026-02-19,AKAM,Akamai Technologies,Platform,0.26,-0.28,0.54,Leader,12
2026-02-19,ORCL,Oracle,Platform,0.24,-0.28,0.52,Leader,13
2026-02-19,META,Meta,Platform,0.24,-0.28,0.52,Leader,14
2026-02-19,CFLT,Confluent,Platform,0.2,-0.28,0.48,Leader,15
2026-02-19,AVGO,Broadcom,Compute,0.14,-0.28,0.43,Leader,16
2026-02-19,AMZN,Amazon,Platform,0.03,-0.28,0.32,Leader,17
2026-02-19,SNPS,Synopsys,Compute,0.03,-0.28,0.31,Leader,18
2026-02-19,NVDA,NVIDIA,Compute,-0.04,-0.28,0.24,Leader,19
2026-02-19,GOOGL,Alphabet,Platform,-0.16,-0.28,0.12,Leader,20
2026-02-19,ZM,Zoom,Application,-0.18,-0.28,0.11,Leader,21
2026-02-19,HUBS,HubSpot,Application,-4.31,-0.28,-4.02,Laggard,1
2026-02-19,TEAM,Atlassian,Platform,-4.01,-0.28,-3.72,Laggard,2
2026-02-19,ON,ON Semiconductor,Compute,-3.64,-0.28,-3.35,Laggard,3
2026-02-19,CDNS,Cadence Design Systems,Compute,-2.76,-0.28,-2.48,Laggard,4
2026-02-19,GFS,GlobalFoundries,Compute,-2.38,-0.28,-2.1,Laggard,5
2026-02-19,INTU,Intuit,Application,-2.06,-0.28,-1.78,Laggard,6
2026-02-19,MDB,MongoDB,Platform,-1.98,-0.28,-1.7,Laggard,7
2026-02-19,INTC,Intel,Compute,-1.85,-0.28,-1.57,Laggard,8
2026-02-19,WDAY,Workday,Application,-1.83,-0.28,-1.55,Laggard,9
2026-02-19,ZS,Zscaler,Application,-1.82,-0.28,-1.54,Laggard,10
2026-02-19,IBM,IBM,Platform,-1.73,-0.28,-1.45,Laggard,11
2026-02-19,ANET,Arista Networks,Compute,-1.66,-0.28,-1.37,Laggard,12
2026-02-19,DOCU,DocuSign,Application,-1.56,-0.28,-1.28,Laggard,13
2026-02-19,ADBE,Adobe,Application,-1.5,-0.28,-1.22,Laggard,14
2026-02-19,QCOM,Qualcomm,Compute,-1.38,-0.28,-1.09,Laggard,15
2026-02-19,OKTA,Okta,Platform,-1.36,-0.28,-1.08,Laggard,16
2026-02-19,CRM,Salesforce,Application,-1.33,-0.28,-1.05,Laggard,17
2026-02-19,DUOL,Duolingo,Application,-1.2,-0.28,-0.92,Laggard,18
2026-02-19,DDOG,Datadog,Platform,-0.97,-0.28,-0.69,Laggard,19
2026-02-19,MU,Micron,Compute,-0.86,-0.28,-0.57,Laggard,20
2026-02-19,GTLB,GitLab,Platform,-0.83,-0.28,-0.55,Laggard,21
2026-02-19,HPE,Hewlett Packard Enterprise,Compute,-0.74,-0.28,-0.46,Laggard,22
2026-02-19,ASML,ASML,Compute,-0.67,-0.28,-0.38,Laggard,23
2026-02-19,TSM,TSMC,Compute,-0.52,-0.28,-0.23,Laggard,24
2026-02-19,NOW,ServiceNow,Platform,-0.41,-0.28,-0.13,Laggard,25
2026-02-19,PLTR,Palantir,Platform,-0.36,-0.28,-0.08,Laggard,26
2026-02-19,U,Unity Software,Application,-0.32,-0.28,-0.04,Laggard,27
2026-02-19,ADSK,Autodesk,Application,-0.28,-0.28,0.0,Laggard,28
2026-02-19,MSFT,Microsoft,Platform,-0.29,-0.28,-0.0,Laggard,29
2026-02-18,CDNS,Cadence Design Systems,Compute,7.6,0.56,7.05,Leader,1
2026-02-18,SHOP,Shopify,Application,7.13,0.56,6.58,Leader,2
2026-02-18,MU,Micron,Compute,5.3,0.56,4.74,Leader,3
2026-02-18,SNPS,Synopsys,Compute,4.83,0.56,4.27,Leader,4
2026-02-18,ASML,ASML,Compute,3.45,0.56,2.89,Leader,5
2026-02-18,ZM,Zoom,Application,2.79,0.56,2.23,Leader,6
2026-02-18,INTU,Intuit,Application,2.74,0.56,2.19,Leader,7
2026-02-18,MDB,MongoDB,Platform,2.46,0.56,1.9,Leader,8
2026-02-18,TWLO,Twilio,Platform,1.97,0.56,1.42,Leader,9
2026-02-18,GTLB,GitLab,Platform,1.97,0.56,1.41,Leader,10
2026-02-18,ADSK,Autodesk,Application,1.96,0.56,1.41,Leader,11
2026-02-18,CRM,Salesforce,Application,1.88,0.56,1.32,Leader,12
2026-02-18,AMZN,Amazon,Platform,1.81,0.56,1.25,Leader,13
2026-02-18,TEAM,Atlassian,Platform,1.78,0.56,1.22,Leader,14
2026-02-18,PLTR,Palantir,Platform,1.77,0.56,1.22,Leader,15
2026-02-18,NOW,ServiceNow,Platform,1.78,0.56,1.22,Leader,16
2026-02-18,NVDA,NVIDIA,Compute,1.63,0.56,1.07,Leader,17
2026-02-18,PATH,UiPath,Application,1.51,0.56,0.95,Leader,18
2026-02-18,ORCL,Oracle,Platform,1.42,0.56,0.86,Leader,19
2026-02-18,HUBS,HubSpot,Application,1.16,0.56,0.61,Leader,20
2026-02-18,U,Unity Software,Application,1.09,0.56,0.53,Leader,21
2026-02-18,ADBE,Adobe,Application,1.04,0.56,0.49,Leader,22
2026-02-18,IBM,IBM,Platform,0.98,0.56,0.42,Leader,23
2026-02-18,ESTC,Elastic,Platform,0.93,0.56,0.37,Leader,24
2026-02-18,AKAM,Akamai Technologies,Platform,0.82,0.56,0.26,Leader,25
2026-02-18,MSFT,Microsoft,Platform,0.69,0.56,0.13,Leader,26
2026-02-18,META,Meta,Platform,0.61,0.56,0.06,Leader,27
2026-02-18,OKTA,Okta,Platform,0.57,0.56,0.01,Leader,28
2026-02-18,DELL,Dell Technologies,Compute,0.57,0.56,0.01,Leader,29
2026-02-18,GFS,GlobalFoundries,Compute,-3.46,0.56,-4.02,Laggard,1
2026-02-18,ANET,Arista Networks,Compute,-2.16,0.56,-2.72,Laggard,2
2026-02-18,HPE,Hewlett Packard Enterprise,Compute,-1.96,0.56,-2.51,Laggard,3
2026-02-18,ON,ON Semiconductor,Compute,-1.81,0.56,-2.37,Laggard,4
2026-02-18,INTC,Intel,Compute,-1.56,0.56,-2.12,Laggard,5
2026-02-18,AMD,AMD,Compute,-1.46,0.56,-2.01,Laggard,6
2026-02-18,SMCI,Super Micro Computer,Compute,-1.33,0.56,-1.89,Laggard,7
2026-02-18,NET,Cloudflare,Platform,-1.11,0.56,-1.67,Laggard,8
2026-02-18,DOCU,DocuSign,Application,-0.86,0.56,-1.42,Laggard,9
2026-02-18,DDOG,Datadog,Platform,-0.64,0.56,-1.19,Laggard,10
2026-02-18,SNOW,Snowflake,Platform,-0.57,0.56,-1.12,Laggard,11
2026-02-18,TSM,TSMC,Compute,-0.55,0.56,-1.1,Laggard,12
2026-02-18,WDAY,Workday,Application,-0.34,0.56,-0.9,Laggard,13
2026-02-18,ZS,Zscaler,Application,-0.27,0.56,-0.82,Laggard,14
2026-02-18,CFLT,Confluent,Platform,-0.13,0.56,-0.69,Laggard,15
2026-02-18,MRVL,Marvell Technology,Compute,0.1,0.56,-0.46,Laggard,16
2026-02-18,AVGO,Broadcom,Compute,0.29,0.56,-0.26,Laggard,17
2026-02-18,DUOL,Duolingo,Application,0.34,0.56,-0.22,Laggard,18
2026-02-18,CRWD,CrowdStrike,Application,0.36,0.56,-0.2,Laggard,19
2026-02-18,QCOM,Qualcomm,Compute,0.43,0.56,-0.13,Laggard,20
2026-02-18,GOOGL,Alphabet,Platform,0.43,0.56,-0.12,Laggard,21
2026-02-17,AVGO,Broadcom,Compute,2.27,0.1,2.16,Leader,1
2026-02-17,HUBS,HubSpot,Application,1.42,0.1,1.32,Leader,2
2026-02-17,QCOM,Qualcomm,Compute,1.37,0.1,1.27,Leader,3
2026-02-17,PLTR,Palantir,Platform,1.23,0.1,1.12,Leader,4
2026-02-17,NVDA,NVIDIA,Compute,1.18,0.1,1.08,Leader,5
2026-02-17,AMZN,Amazon,Platform,1.19,0.1,1.08,Leader,6
2026-02-17,ASML,ASML,Compute,0.94,0.1,0.83,Leader,7
2026-02-17,DOCU,DocuSign,Application,0.87,0.1,0.77,Leader,8
2026-02-17,SHOP,Shopify,Application,0.75,0.1,0.64,Leader,9
2026-02-17,ANET,Arista Networks,Compute,0.7,0.1,0.6,Leader,10
2026-02-17,MRVL,Marvell Technology,Compute,0.51,0.1,0.41,Leader,11
2026-02-17,CFLT,Confluent,Platform,0.46,0.1,0.35,Leader,12
2026-02-17,OKTA,Okta,Platform,-5.5,0.1,-5.6,Laggard,1
2026-02-17,CDNS,Cadence Design Systems,Compute,-5.34,0.1,-5.45,Laggard,2
2026-02-17,INTU,Intuit,Application,-5.07,0.1,-5.17,Laggard,3
2026-02-17,ZM,Zoom,Application,-4.27,0.1,-4.37,Laggard,4
2026-02-17,TWLO,Twilio,Platform,-3.99,0.1,-4.09,Laggard,5
2026-02-17,ORCL,Oracle,Platform,-3.85,0.1,-3.96,Laggard,6
2026-02-17,GTLB,GitLab,Platform,-3.82,0.1,-3.93,Laggard,7
2026-02-17,MDB,MongoDB,Platform,-3.81,0.1,-3.91,Laggard,8
2026-02-17,CRWD,CrowdStrike,Application,-3.57,0.1,-3.68,Laggard,9
2026-02-17,SNPS,Synopsys,Compute,-3.46,0.1,-3.57,Laggard,10
2026-02-17,PATH,UiPath,Application,-3.36,0.1,-3.46,Laggard,11
2026-02-17,HPE,Hewlett Packard Enterprise,Compute,-3.17,0.1,-3.28,Laggard,12
2026-02-17,AKAM,Akamai Technologies,Platform,-2.99,0.1,-3.09,Laggard,13
2026-02-17,MU,Micron,Compute,-2.89,0.1,-2.99,Laggard,14
2026-02-17,ZS,Zscaler,Application,-2.89,0.1,-2.99,Laggard,15
2026-02-17,CRM,Salesforce,Application,-2.86,0.1,-2.97,Laggard,16
2026-02-17,SNOW,Snowflake,Platform,-2.85,0.1,-2.95,Laggard,17
2026-02-17,TEAM,Atlassian,Platform,-2.64,0.1,-2.75,Laggard,18
2026-02-17,ADSK,Autodesk,Application,-2.55,0.1,-2.65,Laggard,19
2026-02-17,DDOG,Datadog,Platform,-2.11,0.1,-2.21,Laggard,20
2026-02-17,AMD,AMD,Compute,-2.05,0.1,-2.15,Laggard,21
2026-02-17,ESTC,Elastic,Platform,-1.84,0.1,-1.94,Laggard,22
2026-02-17,U,Unity Software,Application,-1.71,0.1,-1.82,Laggard,23
2026-02-17,GFS,GlobalFoundries,Compute,-1.57,0.1,-1.67,Laggard,24
2026-02-17,IBM,IBM,Platform,-1.55,0.1,-1.65,Laggard,25
2026-02-17,SMCI,Super Micro Computer,Compute,-1.41,0.1,-1.51,Laggard,26
2026-02-17,ADBE,Adobe,Application,-1.33,0.1,-1.44,Laggard,27
2026-02-17,INTC,Intel,Compute,-1.3,0.1,-1.41,Laggard,28
2026-02-17,GOOGL,Alphabet,Platform,-1.21,0.1,-1.31,Laggard,29
2026-02-17,DELL,Dell Technologies,Compute,-1.19,0.1,-1.29,Laggard,30
2026-02-17,MSFT,Microsoft,Platform,-1.11,0.1,-1.21,Laggard,31
2026-02-17,NET,Cloudflare,Platform,-1.11,0.1,-1.21,Laggard,32
2026-02-17,NOW,ServiceNow,Platform,-1.09,0.1,-1.2,Laggard,33
2026-02-17,WDAY,Workday,Application,-0.9,0.1,-1.0,Laggard,34
2026-02-17,TSM,TSMC,Compute,-0.59,0.1,-0.69,Laggard,35
2026-02-17,DUOL,Duolingo,Application,-0.44,0.1,-0.54,Laggard,36
2026-02-17,ON,ON Semiconductor,Compute,-0.35,0.1,-0.45,Laggard,37
2026-02-17,META,Meta,Platform,-0.08,0.1,-0.18,Laggard,38
2026-02-13,AKAM,Akamai Technologies,Platform,6.83,0.05,6.79,Leader,1
2026-02-13,HUBS,HubSpot,Application,6.51,0.05,6.46,Leader,2
2026-02-13,NET,Cloudflare,Platform,5.77,0.05,5.72,Leader,3
2026-02-13,SNOW,Snowflake,Platform,5.42,0.05,5.37,Leader,4
2026-02-13,ANET,Arista Networks,Compute,4.79,0.05,4.74,Leader,5
2026-02-13,CRWD,CrowdStrike,Application,4.4,0.05,4.35,Leader,6
2026-02-13,DELL,Dell Technologies,Compute,4.14,0.05,4.09,Leader,7
2026-02-13,ZS,Zscaler,Application,3.99,0.05,3.94,Leader,8
2026-02-13,CDNS,Cadence Design Systems,Compute,3.86,0.05,3.81,Leader,9
2026-02-13,NOW,ServiceNow,Platform,3.67,0.05,3.62,Leader,10
2026-02-13,ADSK,Autodesk,Application,3.46,0.05,3.41,Leader,11
2026-02-13,MDB,MongoDB,Platform,3.27,0.05,3.22,Leader,12
2026-02-13,SNPS,Synopsys,Compute,3.25,0.05,3.2,Leader,13
2026-02-13,OKTA,Okta,Platform,2.77,0.05,2.72,Leader,14
2026-02-13,DOCU,DocuSign,Application,2.47,0.05,2.42,Leader,15
2026-02-13,TWLO,Twilio,Platform,2.35,0.05,2.3,Leader,16
2026-02-13,ORCL,Oracle,Platform,2.34,0.05,2.29,Leader,17
2026-02-13,CRM,Salesforce,Application,2.31,0.05,2.26,Leader,18
2026-02-13,ON,ON Semiconductor,Compute,2.24,0.05,2.19,Leader,19
2026-02-13,HPE,Hewlett Packard Enterprise,Compute,2.21,0.05,2.16,Leader,20
2026-02-13,ESTC,Elastic,Platform,1.97,0.05,1.92,Leader,21
2026-02-13,SHOP,Shopify,Application,1.84,0.05,1.79,Leader,22
2026-02-13,PLTR,Palantir,Platform,1.77,0.05,1.72,Leader,23
2026-02-13,QCOM,Qualcomm,Compute,1.61,0.05,1.56,Leader,24
2026-02-13,PATH,UiPath,Application,1.25,0.05,1.2,Leader,25
2026-02-13,IBM,IBM,Platform,1.1,0.05,1.05,Leader,26
2026-02-13,INTC,Intel,Compute,0.67,0.05,0.62,Leader,27
2026-02-13,AMD,AMD,Compute,0.67,0.05,0.62,Leader,28
2026-02-13,GFS,GlobalFoundries,Compute,0.6,0.05,0.55,Leader,29
2026-02-13,ADBE,Adobe,Application,0.56,0.05,0.51,Leader,30
2026-02-13,MRVL,Marvell Technology,Compute,0.49,0.05,0.44,Leader,31
2026-02-13,DUOL,Duolingo,Application,0.46,0.05,0.41,Leader,32
2026-02-13,ZM,Zoom,Application,0.39,0.05,0.34,Leader,33
2026-02-13,INTU,Intuit,Application,0.36,0.05,0.31,Leader,34
2026-02-13,SMCI,Super Micro Computer,Compute,0.36,0.05,0.31,Leader,35
2026-02-13,WDAY,Workday,Application,0.26,0.05,0.21,Leader,36
2026-02-13,CFLT,Confluent,Platform,0.13,0.05,0.08,Leader,37
2026-02-13,U,Unity Software,Application,-4.94,0.05,-4.99,Laggard,1
2026-02-13,TEAM,Atlassian,Platform,-2.43,0.05,-2.48,Laggard,2
2026-02-13,NVDA,NVIDIA,Compute,-2.21,0.05,-2.26,Laggard,3
2026-02-13,AVGO,Broadcom,Compute,-1.81,0.05,-1.86,Laggard,4
2026-02-13,META,Meta,Platform,-1.55,0.05,-1.59,Laggard,5
2026-02-13,GOOGL,Alphabet,Platform,-1.06,0.05,-1.11,Laggard,6
2026-02-13,DDOG,Datadog,Platform,-0.74,0.05,-0.79,Laggard,7
2026-02-13,MU,Micron,Compute,-0.56,0.05,-0.61,Laggard,8
2026-02-13,TSM,TSMC,Compute,-0.47,0.05,-0.52,Laggard,9
2026-02-13,AMZN,Amazon,Platform,-0.41,0.05,-0.46,Laggard,10
2026-02-13,MSFT,Microsoft,Platform,-0.13,0.05,-0.18,Laggard,11
2026-02-13,GTLB,GitLab,Platform,-0.1,0.05,-0.15,Laggard,12
2026-02-13,ASML,ASML,Compute,-0.02,0.05,-0.07,Laggard,13
2026-02-12,AKAM,Akamai Technologies,Platform,10.35,-1.57,11.91,Leader,1
2026-02-12,HUBS,HubSpot,Application,9.37,-1.57,10.94,Leader,2
2026-02-12,NOW,ServiceNow,Platform,2.69,-1.57,4.26,Leader,3
2026-02-12,DUOL,Duolingo,Application,2.52,-1.57,4.08,Leader,4
2026-02-12,ADBE,Adobe,Application,2.08,-1.57,3.64,Leader,5
2026-02-12,MU,Micron,Compute,0.88,-1.57,2.45,Leader,6
2026-02-12,CRM,Salesforce,Application,0.23,-1.57,1.8,Leader,7
2026-02-12,ZM,Zoom,Application,0.1,-1.57,1.66,Leader,8
2026-02-12,CFLT,Confluent,Platform,0.03,-1.57,1.6,Leader,9
2026-02-12,TWLO,Twilio,Platform,-0.03,-1.57,1.54,Leader,10
2026-02-12,ZS,Zscaler,Application,-0.06,-1.57,1.51,Leader,11
2026-02-12,GFS,GlobalFoundries,Compute,-0.08,-1.57,1.48,Leader,12
2026-02-12,WDAY,Workday,Application,-0.35,-1.57,1.21,Leader,13
2026-02-12,ORCL,Oracle,Platform,-0.43,-1.57,1.13,Leader,14
2026-02-12,INTU,Intuit,Application,-0.43,-1.57,1.13,Leader,15
2026-02-12,TEAM,Atlassian,Platform,-0.56,-1.57,1.0,Leader,16
2026-02-12,GOOGL,Alphabet,Platform,-0.63,-1.57,0.94,Leader,17
2026-02-12,MSFT,Microsoft,Platform,-0.63,-1.57,0.94,Leader,18
2026-02-12,ON,ON Semiconductor,Compute,-0.77,-1.57,0.79,Leader,19
2026-02-12,DDOG,Datadog,Platform,-0.94,-1.57,0.62,Leader,20
2026-02-12,CRWD,CrowdStrike,Application,-1.03,-1.57,0.54,Leader,21
2026-02-12,DOCU,DocuSign,Application,-1.35,-1.57,0.21,Leader,22
2026-02-12,GTLB,GitLab,Platform,-1.47,-1.57,0.1,Leader,23
2026-02-12,DELL,Dell Technologies,Compute,-9.13,-1.57,-7.57,Laggard,1
2026-02-12,U,Unity Software,Application,-8.22,-1.57,-6.65,Laggard,2
2026-02-12,SHOP,Shopify,Application,-6.78,-1.57,-5.22,Laggard,3
2026-02-12,HPE,Hewlett Packard Enterprise,Compute,-6.76,-1.57,-5.2,Laggard,4
2026-02-12,SMCI,Super Micro Computer,Compute,-5.02,-1.57,-3.46,Laggard,5
2026-02-12,IBM,IBM,Platform,-4.87,-1.57,-3.31,Laggard,6
2026-02-12,PLTR,Palantir,Platform,-4.83,-1.57,-3.26,Laggard,7
2026-02-12,PATH,UiPath,Application,-4.36,-1.57,-2.8,Laggard,8
2026-02-12,ANET,Arista Networks,Compute,-3.94,-1.57,-2.37,Laggard,9
2026-02-12,ADSK,Autodesk,Application,-3.91,-1.57,-2.35,Laggard,10
2026-02-12,MRVL,Marvell Technology,Compute,-3.82,-1.57,-2.26,Laggard,11
2026-02-12,CDNS,Cadence Design Systems,Compute,-3.78,-1.57,-2.21,Laggard,12
2026-02-12,INTC,Intel,Compute,-3.75,-1.57,-2.18,Laggard,13
2026-02-12,OKTA,Okta,Platform,-3.71,-1.57,-2.14,Laggard,14
2026-02-12,AMD,AMD,Compute,-3.58,-1.57,-2.01,Laggard,15
2026-02-12,SNPS,Synopsys,Compute,-3.39,-1.57,-1.82,Laggard,16
2026-02-12,AVGO,Broadcom,Compute,-3.38,-1.57,-1.82,Laggard,17
2026-02-12,SNOW,Snowflake,Platform,-3.31,-1.57,-1.74,Laggard,18
2026-02-12,META,Meta,Platform,-2.82,-1.57,-1.26,Laggard,19
2026-02-12,ESTC,Elastic,Platform,-2.38,-1.57,-0.81,Laggard,20
2026-02-12,NET,Cloudflare,Platform,-2.24,-1.57,-0.67,Laggard,21
2026-02-12,AMZN,Amazon,Platform,-2.2,-1.57,-0.63,Laggard,22
2026-02-12,MDB,MongoDB,Platform,-2.12,-1.57,-0.55,Laggard,23
2026-02-12,ASML,ASML,Compute,-2.0,-1.57,-0.44,Laggard,24
2026-02-12,QCOM,Qualcomm,Compute,-1.82,-1.57,-0.26,Laggard,25
2026-02-12,NVDA,NVIDIA,Compute,-1.64,-1.57,-0.07,Laggard,26
2026-02-12,TSM,TSMC,Compute,-1.6,-1.57,-0.04,Laggard,27
2026-02-11,GFS,GlobalFoundries,Compute,16.32,-0.0,16.33,Leader,1
2026-02-11,MU,Micron,Compute,9.94,-0.0,9.94,Leader,2
2026-02-11,ON,ON Semiconductor,Compute,5.64,-0.0,5.64,Leader,3
2026-02-11,NET,Cloudflare,Platform,5.24,-0.0,5.24,Leader,4
2026-02-11,TSM,TSMC,Compute,3.37,-0.0,3.37,Leader,5
2026-02-11,INTC,Intel,Compute,2.46,-0.0,2.47,Leader,6
2026-02-11,ASML,ASML,Compute,1.56,-0.0,1.56,Leader,7
2026-02-11,NVDA,NVIDIA,Compute,0.8,-0.0,0.81,Leader,8
2026-02-11,AVGO,Broadcom,Compute,0.68,-0.0,0.69,Leader,9
2026-02-11,QCOM,Qualcomm,Compute,0.68,-0.0,0.68,Leader,10
2026-02-11,CRWD,CrowdStrike,Application,0.59,-0.0,0.59,Leader,11
2026-02-11,AKAM,Akamai Technologies,Platform,0.42,-0.0,0.43,Leader,12
2026-02-11,CDNS,Cadence Design Systems,Compute,0.22,-0.0,0.22,Leader,13
2026-02-11,SNPS,Synopsys,Compute,0.17,-0.0,0.18,Leader,14
2026-02-11,AMD,AMD,Compute,0.0,-0.0,0.01,Leader,15
2026-02-11,U,Unity Software,Application,-26.32,-0.0,-26.32,Laggard,1
2026-02-11,HUBS,HubSpot,Application,-9.75,-0.0,-9.75,Laggard,2
2026-02-11,PATH,UiPath,Application,-9.73,-0.0,-9.72,Laggard,3
2026-02-11,DUOL,Duolingo,Application,-9.44,-0.0,-9.44,Laggard,4
2026-02-11,TWLO,Twilio,Platform,-7.01,-0.0,-7.0,Laggard,5
2026-02-11,DOCU,DocuSign,Application,-6.89,-0.0,-6.88,Laggard,6
2026-02-11,SHOP,Shopify,Application,-6.7,-0.0,-6.7,Laggard,7
2026-02-11,IBM,IBM,Platform,-6.5,-0.0,-6.49,Laggard,8
2026-02-11,TEAM,Atlassian,Platform,-6.4,-0.0,-6.4,Laggard,9
2026-02-11,WDAY,Workday,Application,-5.66,-0.0,-5.66,Laggard,10
2026-02-11,NOW,ServiceNow,Platform,-5.54,-0.0,-5.54,Laggard,11
2026-02-11,INTU,Intuit,Application,-5.15,-0.0,-5.14,Laggard,12
2026-02-11,GTLB,GitLab,Platform,-4.85,-0.0,-4.84,Laggard,13
2026-02-11,ADSK,Autodesk,Application,-4.51,-0.0,-4.51,Laggard,14
2026-02-11,CRM,Salesforce,Application,-4.37,-0.0,-4.36,Laggard,15
2026-02-11,SMCI,Super Micro Computer,Compute,-3.87,-0.0,-3.87,Laggard,16
2026-02-11,MDB,MongoDB,Platform,-3.39,-0.0,-3.39,Laggard,17
2026-02-11,ZM,Zoom,Application,-2.99,-0.0,-2.98,Laggard,18
2026-02-11,ADBE,Adobe,Application,-2.84,-0.0,-2.83,Laggard,19
2026-02-11,PLTR,Palantir,Platform,-2.75,-0.0,-2.74,Laggard,20
2026-02-11,ESTC,Elastic,Platform,-2.41,-0.0,-2.41,Laggard,21
2026-02-11,GOOGL,Alphabet,Platform,-2.39,-0.0,-2.39,Laggard,22
2026-02-11,MSFT,Microsoft,Platform,-2.15,-0.0,-2.15,Laggard,23
2026-02-11,SNOW,Snowflake,Platform,-2.05,-0.0,-2.05,Laggard,24
2026-02-11,ANET,Arista Networks,Compute,-1.94,-0.0,-1.94,Laggard,25
2026-02-11,ZS,Zscaler,Application,-1.92,-0.0,-1.91,Laggard,26
2026-02-11,DDOG,Datadog,Platform,-1.8,-0.0,-1.8,Laggard,27
2026-02-11,ORCL,Oracle,Platform,-1.71,-0.0,-1.7,Laggard,28
2026-02-11,DELL,Dell Technologies,Compute,-1.47,-0.0,-1.46,Laggard,29
2026-02-11,AMZN,Amazon,Platform,-1.39,-0.0,-1.39,Laggard,30
2026-02-11,MRVL,Marvell Technology,Compute,-0.82,-0.0,-0.81,Laggard,31
2026-02-11,HPE,Hewlett Packard Enterprise,Compute,-0.67,-0.0,-0.66,Laggard,32
2026-02-11,META,Meta,Platform,-0.3,-0.0,-0.3,Laggard,33
2026-02-11,OKTA,Okta,Platform,-0.31,-0.0,-0.3,Laggard,34
2026-02-11,CFLT,Confluent,Platform,-0.26,-0.0,-0.26,Laggard,35
2026-02-10,DDOG,Datadog,Platform,13.74,-0.33,14.07,Leader,1
2026-02-10,SHOP,Shopify,Application,7.47,-0.33,7.8,Leader,2
2026-02-10,U,Unity Software,Application,5.56,-0.33,5.89,Leader,3
2026-02-10,MDB,MongoDB,Platform,5.45,-0.33,5.78,Leader,4
2026-02-10,DELL,Dell Technologies,Compute,4.22,-0.33,4.55,Leader,5
2026-02-10,SNOW,Snowflake,Platform,3.77,-0.33,4.1,Leader,6
2026-02-10,NET,Cloudflare,Platform,3.59,-0.33,3.92,Leader,7
2026-02-10,ON,ON Semiconductor,Compute,3.5,-0.33,3.83,Leader,8
2026-02-10,ESTC,Elastic,Platform,3.34,-0.33,3.67,Leader,9
2026-02-10,CDNS,Cadence Design Systems,Compute,2.75,-0.33,3.08,Leader,10
2026-02-10,NOW,ServiceNow,Platform,2.51,-0.33,2.84,Leader,11
2026-02-10,ZS,Zscaler,Application,2.44,-0.33,2.77,Leader,12
2026-02-10,ORCL,Oracle,Platform,2.11,-0.33,2.44,Leader,13
2026-02-10,TEAM,Atlassian,Platform,1.85,-0.33,2.18,Leader,14
2026-02-10,TSM,TSMC,Compute,1.83,-0.33,2.16,Leader,15
2026-02-10,TWLO,Twilio,Platform,1.52,-0.33,1.85,Leader,16
2026-02-10,DUOL,Duolingo,Application,1.51,-0.33,1.84,Leader,17
2026-02-10,CRWD,CrowdStrike,Application,1.31,-0.33,1.64,Leader,18
2026-02-10,ANET,Arista Networks,Compute,1.21,-0.33,1.54,Leader,19
2026-02-10,QCOM,Qualcomm,Compute,0.83,-0.33,1.17,Leader,20
2026-02-10,ADSK,Autodesk,Application,0.43,-0.33,0.76,Leader,21
2026-02-10,HUBS,HubSpot,Application,0.38,-0.33,0.71,Leader,22
2026-02-10,OKTA,Okta,Platform,0.31,-0.33,0.64,Leader,23
2026-02-10,HPE,Hewlett Packard Enterprise,Compute,0.25,-0.33,0.58,Leader,24
2026-02-10,DOCU,DocuSign,Application,0.06,-0.33,0.39,Leader,25
2026-02-10,CFLT,Confluent,Platform,0.03,-0.33,0.36,Leader,26
2026-02-10,MSFT,Microsoft,Platform,-0.08,-0.33,0.25,Leader,27
2026-02-10,CRM,Salesforce,Application,-0.3,-0.33,0.03,Leader,28
2026-02-10,INTC,Intel,Compute,-6.19,-0.33,-5.86,Laggard,1
2026-02-10,GFS,GlobalFoundries,Compute,-3.73,-0.33,-3.4,Laggard,2
2026-02-10,INTU,Intuit,Application,-3.68,-0.33,-3.35,Laggard,3
2026-02-10,GTLB,GitLab,Platform,-2.8,-0.33,-2.47,Laggard,4
2026-02-10,MU,Micron,Compute,-2.67,-0.33,-2.34,Laggard,5
2026-02-10,PLTR,Palantir,Platform,-2.38,-0.33,-2.05,Laggard,6
2026-02-10,GOOGL,Alphabet,Platform,-1.77,-0.33,-1.44,Laggard,7
2026-02-10,IBM,IBM,Platform,-1.55,-0.33,-1.22,Laggard,8
2026-02-10,AMD,AMD,Compute,-1.12,-0.33,-0.79,Laggard,9
2026-02-10,ASML,ASML,Compute,-1.11,-0.33,-0.78,Laggard,10
2026-02-10,AVGO,Broadcom,Compute,-1.02,-0.33,-0.69,Laggard,11
2026-02-10,META,Meta,Platform,-0.96,-0.33,-0.63,Laggard,12
2026-02-10,WDAY,Workday,Application,-0.86,-0.33,-0.53,Laggard,13
2026-02-10,AMZN,Amazon,Platform,-0.84,-0.33,-0.51,Laggard,14
2026-02-10,ADBE,Adobe,Application,-0.84,-0.33,-0.51,Laggard,15
2026-02-10,NVDA,NVIDIA,Compute,-0.79,-0.33,-0.46,Laggard,16
2026-02-10,SMCI,Super Micro Computer,Compute,-0.6,-0.33,-0.27,Laggard,17
2026-02-10,ZM,Zoom,Application,-0.42,-0.33,-0.09,Laggard,18
2026-02-10,MRVL,Marvell Technology,Compute,-0.41,-0.33,-0.08,Laggard,19
2026-02-10,PATH,UiPath,Application,-0.38,-0.33,-0.05,Laggard,20
2026-02-10,AKAM,Akamai Technologies,Platform,-0.34,-0.33,-0.01,Laggard,21
2026-02-10,SNPS,Synopsys,Compute,-0.33,-0.33,0.0,Laggard,22
2026-02-09,U,Unity Software,Application,9.64,0.47,9.17,Leader,1
2026-02-09,ORCL,Oracle,Platform,9.64,0.47,9.17,Leader,2
2026-02-09,SHOP,Shopify,Application,5.67,0.47,5.2,Leader,3
2026-02-09,PLTR,Palantir,Platform,5.16,0.47,4.69,Leader,4
2026-02-09,SNOW,Snowflake,Platform,4.46,0.47,4.0,Leader,5
2026-02-09,MDB,MongoDB,Platform,3.9,0.47,3.43,Leader,6
2026-02-09,ESTC,Elastic,Platform,3.74,0.47,3.27,Leader,7
2026-02-09,AMD,AMD,Compute,3.63,0.47,3.16,Leader,8
2026-02-09,ZM,Zoom,Application,3.46,0.47,2.99,Leader,9
2026-02-09,AVGO,Broadcom,Compute,3.31,0.47,2.84,Leader,10
2026-02-09,CRWD,CrowdStrike,Application,3.17,0.47,2.7,Leader,11
2026-02-09,NOW,ServiceNow,Platform,3.11,0.47,2.64,Leader,12
2026-02-09,MSFT,Microsoft,Platform,3.11,0.47,2.64,Leader,13
2026-02-09,ANET,Arista Networks,Compute,3.09,0.47,2.62,Leader,14
2026-02-09,SNPS,Synopsys,Compute,2.82,0.47,2.35,Leader,15
2026-02-09,CDNS,Cadence Design Systems,Compute,2.64,0.47,2.17,Leader,16
2026-02-09,MRVL,Marvell Technology,Compute,2.58,0.47,2.11,Leader,17
2026-02-09,NVDA,NVIDIA,Compute,2.5,0.47,2.03,Leader,18
2026-02-09,META,Meta,Platform,2.38,0.47,1.91,Leader,19
2026-02-09,DDOG,Datadog,Platform,2.08,0.47,1.61,Leader,20
2026-02-09,TSM,TSMC,Compute,1.88,0.47,1.41,Leader,21
2026-02-09,TWLO,Twilio,Platform,1.7,0.47,1.23,Leader,22
2026-02-09,ZS,Zscaler,Application,1.7,0.47,1.23,Leader,23
2026-02-09,OKTA,Okta,Platform,1.66,0.47,1.19,Leader,24
2026-02-09,GFS,GlobalFoundries,Compute,1.43,0.47,0.96,Leader,25
2026-02-09,CRM,Salesforce,Application,1.4,0.47,0.93,Leader,26
2026-02-09,HPE,Hewlett Packard Enterprise,Compute,1.27,0.47,0.8,Leader,27
2026-02-09,ASML,ASML,Compute,1.17,0.47,0.7,Leader,28
2026-02-09,QCOM,Qualcomm,Compute,1.16,0.47,0.69,Leader,29
2026-02-09,GTLB,GitLab,Platform,1.03,0.47,0.56,Leader,30
2026-02-09,DOCU,DocuSign,Application,0.98,0.47,0.51,Leader,31
2026-02-09,ADSK,Autodesk,Application,0.89,0.47,0.42,Leader,32
2026-02-09,PATH,UiPath,Application,0.85,0.47,0.38,Leader,33
2026-02-09,WDAY,Workday,Application,-5.13,0.47,-5.6,Laggard,1
2026-02-09,TEAM,Atlassian,Platform,-3.68,0.47,-4.15,Laggard,2
2026-02-09,MU,Micron,Compute,-2.84,0.47,-3.3,Laggard,3
2026-02-09,SMCI,Super Micro Computer,Compute,-2.47,0.47,-2.94,Laggard,4
2026-02-09,INTU,Intuit,Application,-1.41,0.47,-1.88,Laggard,5
2026-02-09,IBM,IBM,Platform,-0.87,0.47,-1.34,Laggard,6
2026-02-09,AMZN,Amazon,Platform,-0.76,0.47,-1.23,Laggard,7
2026-02-09,INTC,Intel,Compute,-0.69,0.47,-1.16,Laggard,8
2026-02-09,HUBS,HubSpot,Application,-0.64,0.47,-1.11,Laggard,9
2026-02-09,ADBE,Adobe,Application,-0.55,0.47,-1.02,Laggard,10
2026-02-09,DUOL,Duolingo,Application,-0.41,0.47,-0.88,Laggard,11
2026-02-09,AKAM,Akamai Technologies,Platform,-0.38,0.47,-0.85,Laggard,12
2026-02-09,ON,ON Semiconductor,Compute,-0.15,0.47,-0.62,Laggard,13
2026-02-09,DELL,Dell Technologies,Compute,-0.12,0.47,-0.58,Laggard,14
2026-02-09,CFLT,Confluent,Platform,0.03,0.47,-0.44,Laggard,15
2026-02-09,NET,Cloudflare,Platform,0.31,0.47,-0.16,Laggard,16
2026-02-09,GOOGL,Alphabet,Platform,0.45,0.47,-0.02,Laggard,17
2026-02-06,SMCI,Super Micro Computer,Compute,11.44,1.97,9.47,Leader,1
2026-02-06,AMD,AMD,Compute,8.28,1.97,6.31,Leader,2
2026-02-06,U,Unity Software,Application,8.19,1.97,6.22,Leader,3
2026-02-06,MRVL,Marvell Technology,Compute,8.18,1.97,6.21,Leader,4
2026-02-06,NVDA,NVIDIA,Compute,7.87,1.97,5.9,Leader,5
2026-02-06,SNOW,Snowflake,Platform,7.48,1.97,5.51,Leader,6
2026-02-06,AVGO,Broadcom,Compute,7.22,1.97,5.25,Leader,7
2026-02-06,ANET,Arista Networks,Compute,6.85,1.97,4.89,Leader,8
2026-02-06,PATH,UiPath,Application,6.71,1.97,4.74,Leader,9
2026-02-06,NET,Cloudflare,Platform,6.23,1.97,4.26,Leader,10
2026-02-06,OKTA,Okta,Platform,5.59,1.97,3.62,Leader,11
2026-02-06,TSM,TSMC,Compute,5.48,1.97,3.51,Leader,12
2026-02-06,TWLO,Twilio,Platform,5.47,1.97,3.5,Leader,13
2026-02-06,MDB,MongoDB,Platform,5.47,1.97,3.5,Leader,14
2026-02-06,GTLB,GitLab,Platform,4.97,1.97,3.0,Leader,15
2026-02-06,CDNS,Cadence Design Systems,Compute,4.95,1.97,2.98,Leader,16
2026-02-06,DELL,Dell Technologies,Compute,4.91,1.97,2.94,Leader,17
2026-02-06,INTC,Intel,Compute,4.87,1.97,2.9,Leader,18
2026-02-06,CRWD,CrowdStrike,Application,4.86,1.97,2.89,Leader,19
2026-02-06,GFS,GlobalFoundries,Compute,4.74,1.97,2.77,Leader,20
2026-02-06,ASML,ASML,Compute,4.66,1.97,2.69,Leader,21
2026-02-06,ORCL,Oracle,Platform,4.65,1.97,2.68,Leader,22
2026-02-06,DDOG,Datadog,Platform,4.65,1.97,2.68,Leader,23
2026-02-06,PLTR,Palantir,Platform,4.53,1.97,2.56,Leader,24
2026-02-06,DUOL,Duolingo,Application,4.43,1.97,2.46,Leader,25
2026-02-06,HUBS,HubSpot,Application,4.07,1.97,2.1,Leader,26
2026-02-06,SNPS,Synopsys,Compute,4.01,1.97,2.04,Leader,27
2026-02-06,HPE,Hewlett Packard Enterprise,Compute,3.96,1.97,1.99,Leader,28
2026-02-06,AKAM,Akamai Technologies,Platform,3.92,1.97,1.95,Leader,29
2026-02-06,ZM,Zoom,Application,3.5,1.97,1.53,Leader,30
2026-02-06,DOCU,DocuSign,Application,3.49,1.97,1.52,Leader,31
2026-02-06,ESTC,Elastic,Platform,3.43,1.97,1.46,Leader,32
2026-02-06,ON,ON Semiconductor,Compute,3.33,1.97,1.36,Leader,33
2026-02-06,IBM,IBM,Platform,3.12,1.97,1.15,Leader,34
2026-02-06,MU,Micron,Compute,3.08,1.97,1.11,Leader,35
2026-02-06,WDAY,Workday,Application,2.62,1.97,0.65,Leader,36
2026-02-06,INTU,Intuit,Application,2.04,1.97,0.07,Leader,37
2026-02-06,AMZN,Amazon,Platform,-5.55,1.97,-7.52,Laggard,1
2026-02-06,TEAM,Atlassian,Platform,-3.75,1.97,-5.72,Laggard,2
2026-02-06,GOOGL,Alphabet,Platform,-2.53,1.97,-4.5,Laggard,3
2026-02-06,NOW,ServiceNow,Platform,-1.84,1.97,-3.81,Laggard,4
2026-02-06,META,Meta,Platform,-1.31,1.97,-3.28,Laggard,5
2026-02-06,ZS,Zscaler,Application,-1.22,1.97,-3.19,Laggard,6
2026-02-06,ADBE,Adobe,Application,-0.37,1.97,-2.34,Laggard,7
2026-02-06,CFLT,Confluent,Platform,0.69,1.97,-1.28,Laggard,8
2026-02-06,CRM,Salesforce,Application,0.73,1.97,-1.24,Laggard,9
2026-02-06,SHOP,Shopify,Application,0.73,1.97,-1.24,Laggard,10
2026-02-06,QCOM,Qualcomm,Compute,0.76,1.97,-1.21,Laggard,11
2026-02-06,ADSK,Autodesk,Application,0.98,1.97,-0.99,Laggard,12
2026-02-06,MSFT,Microsoft,Platform,1.9,1.97,-0.07,Laggard,13
2026-02-05,ON,ON Semiconductor,Compute,1.68,-1.23,2.9,Leader,1
2026-02-05,TSM,TSMC,Compute,1.53,-1.23,2.76,Leader,2
2026-02-05,MU,Micron,Compute,0.92,-1.23,2.14,Leader,3
2026-02-05,ASML,ASML,Compute,0.82,-1.23,2.05,Leader,4
2026-02-05,AVGO,Broadcom,Compute,0.8,-1.23,2.02,Leader,5
2026-02-05,MRVL,Marvell Technology,Compute,0.65,-1.23,1.88,Leader,6
2026-02-05,IBM,IBM,Platform,0.29,-1.23,1.52,Leader,7
2026-02-05,META,Meta,Platform,0.18,-1.23,1.41,Leader,8
2026-02-05,CFLT,Confluent,Platform,0.1,-1.23,1.32,Leader,9
2026-02-05,GFS,GlobalFoundries,Compute,-0.32,-1.23,0.91,Leader,10
2026-02-05,AKAM,Akamai Technologies,Platform,-0.47,-1.23,0.76,Leader,11
2026-02-05,CDNS,Cadence Design Systems,Compute,-0.47,-1.23,0.75,Leader,12
2026-02-05,GOOGL,Alphabet,Platform,-0.54,-1.23,0.69,Leader,13
2026-02-05,INTC,Intel,Compute,-0.74,-1.23,0.48,Leader,14
2026-02-05,CRWD,CrowdStrike,Application,-9.2,-1.23,-7.97,Laggard,1
2026-02-05,ZS,Zscaler,Application,-8.83,-1.23,-7.6,Laggard,2
2026-02-05,SMCI,Super Micro Computer,Compute,-8.62,-1.23,-7.39,Laggard,3
2026-02-05,QCOM,Qualcomm,Compute,-8.46,-1.23,-7.23,Laggard,4
2026-02-05,HUBS,HubSpot,Application,-8.38,-1.23,-7.15,Laggard,5
2026-02-05,DDOG,Datadog,Platform,-7.76,-1.23,-6.54,Laggard,6
2026-02-05,NOW,ServiceNow,Platform,-7.6,-1.23,-6.37,Laggard,7
2026-02-05,ORCL,Oracle,Platform,-6.95,-1.23,-5.72,Laggard,8
2026-02-05,U,Unity Software,Application,-6.94,-1.23,-5.71,Laggard,9
2026-02-05,PLTR,Palantir,Platform,-6.83,-1.23,-5.6,Laggard,10
2026-02-05,WDAY,Workday,Application,-6.69,-1.23,-5.47,Laggard,11
2026-02-05,TEAM,Atlassian,Platform,-6.31,-1.23,-5.09,Laggard,12
2026-02-05,GTLB,GitLab,Platform,-5.93,-1.23,-4.71,Laggard,13
2026-02-05,DELL,Dell Technologies,Compute,-5.45,-1.23,-4.22,Laggard,14
2026-02-05,ESTC,Elastic,Platform,-5.33,-1.23,-4.11,Laggard,15
2026-02-05,SNOW,Snowflake,Platform,-5.19,-1.23,-3.97,Laggard,16
2026-02-05,MSFT,Microsoft,Platform,-4.95,-1.23,-3.73,Laggard,17
2026-02-05,CRM,Salesforce,Application,-4.75,-1.23,-3.52,Laggard,18
2026-02-05,AMZN,Amazon,Platform,-4.42,-1.23,-3.2,Laggard,19
2026-02-05,AMD,AMD,Compute,-3.84,-1.23,-2.62,Laggard,20
2026-02-05,ADBE,Adobe,Application,-3.69,-1.23,-2.46,Laggard,21
2026-02-05,MDB,MongoDB,Platform,-3.29,-1.23,-2.06,Laggard,22
2026-02-05,DOCU,DocuSign,Application,-2.59,-1.23,-1.36,Laggard,23
2026-02-05,TWLO,Twilio,Platform,-2.5,-1.23,-1.28,Laggard,24
2026-02-05,SHOP,Shopify,Application,-2.44,-1.23,-1.21,Laggard,25
2026-02-05,INTU,Intuit,Application,-2.41,-1.23,-1.18,Laggard,26
2026-02-05,NET,Cloudflare,Platform,-2.3,-1.23,-1.07,Laggard,27
2026-02-05,HPE,Hewlett Packard Enterprise,Compute,-2.28,-1.23,-1.06,Laggard,28
2026-02-05,ADSK,Autodesk,Application,-2.2,-1.23,-0.97,Laggard,29
2026-02-05,DUOL,Duolingo,Application,-2.19,-1.23,-0.96,Laggard,30
2026-02-05,SNPS,Synopsys,Compute,-2.04,-1.23,-0.81,Laggard,31
2026-02-05,PATH,UiPath,Application,-2.03,-1.23,-0.8,Laggard,32
2026-02-05,ZM,Zoom,Application,-1.93,-1.23,-0.7,Laggard,33
2026-02-05,OKTA,Okta,Platform,-1.52,-1.23,-0.3,Laggard,34
2026-02-05,NVDA,NVIDIA,Compute,-1.33,-1.23,-0.1,Laggard,35
2026-02-05,ANET,Arista Networks,Compute,-1.24,-1.23,-0.01,Laggard,36
2026-02-04,SMCI,Super Micro Computer,Compute,13.78,-0.51,14.29,Leader,1
2026-02-04,HPE,Hewlett Packard Enterprise,Compute,6.7,-0.51,7.21,Leader,2
2026-02-04,WDAY,Workday,Application,5.57,-0.51,6.08,Leader,3
2026-02-04,ON,ON Semiconductor,Compute,4.43,-0.51,4.93,Leader,4
2026-02-04,DELL,Dell Technologies,Compute,4.17,-0.51,4.68,Leader,5
2026-02-04,ADBE,Adobe,Application,2.86,-0.51,3.37,Leader,6
2026-02-04,INTU,Intuit,Application,2.66,-0.51,3.17,Leader,7
2026-02-04,ZM,Zoom,Application,2.37,-0.51,2.87,Leader,8
2026-02-04,TWLO,Twilio,Platform,2.15,-0.51,2.65,Leader,9
2026-02-04,CRM,Salesforce,Application,1.56,-0.51,2.07,Leader,10
2026-02-04,PATH,UiPath,Application,1.48,-0.51,1.99,Leader,11
2026-02-04,DOCU,DocuSign,Application,1.48,-0.51,1.98,Leader,12
2026-02-04,OKTA,Okta,Platform,1.35,-0.51,1.86,Leader,13
2026-02-04,NOW,ServiceNow,Platform,1.18,-0.51,1.69,Leader,14
2026-02-04,QCOM,Qualcomm,Compute,1.16,-0.51,1.67,Leader,15
2026-02-04,ADSK,Autodesk,Application,1.09,-0.51,1.6,Leader,16
2026-02-04,CDNS,Cadence Design Systems,Compute,1.09,-0.51,1.59,Leader,17
2026-02-04,GFS,GlobalFoundries,Compute,1.01,-0.51,1.51,Leader,18
2026-02-04,MSFT,Microsoft,Platform,0.72,-0.51,1.23,Leader,19
2026-02-04,ESTC,Elastic,Platform,0.6,-0.51,1.11,Leader,20
2026-02-04,AKAM,Akamai Technologies,Platform,0.14,-0.51,0.65,Leader,21
2026-02-04,TEAM,Atlassian,Platform,0.04,-0.51,0.55,Leader,22
2026-02-04,SNPS,Synopsys,Compute,-0.04,-0.51,0.47,Leader,23
2026-02-04,CFLT,Confluent,Platform,-0.39,-0.51,0.11,Leader,24
2026-02-04,HUBS,HubSpot,Application,-0.5,-0.51,0.01,Leader,25
2026-02-04,AMD,AMD,Compute,-17.31,-0.51,-16.81,Laggard,1
2026-02-04,PLTR,Palantir,Platform,-11.62,-0.51,-11.11,Laggard,2
2026-02-04,MU,Micron,Compute,-9.55,-0.51,-9.04,Laggard,3
2026-02-04,ANET,Arista Networks,Compute,-6.54,-0.51,-6.03,Laggard,4
2026-02-04,ORCL,Oracle,Platform,-5.17,-0.51,-4.67,Laggard,5
2026-02-04,SNOW,Snowflake,Platform,-4.59,-0.51,-4.08,Laggard,6
2026-02-04,SHOP,Shopify,Application,-4.42,-0.51,-3.91,Laggard,7
2026-02-04,ASML,ASML,Compute,-4.07,-0.51,-3.56,Laggard,8
2026-02-04,AVGO,Broadcom,Compute,-3.83,-0.51,-3.33,Laggard,9
2026-02-04,U,Unity Software,Application,-3.59,-0.51,-3.09,Laggard,10
2026-02-04,NVDA,NVIDIA,Compute,-3.41,-0.51,-2.9,Laggard,11
2026-02-04,DDOG,Datadog,Platform,-3.3,-0.51,-2.79,Laggard,12
2026-02-04,META,Meta,Platform,-3.28,-0.51,-2.78,Laggard,13
2026-02-04,TSM,TSMC,Compute,-2.98,-0.51,-2.47,Laggard,14
2026-02-04,DUOL,Duolingo,Application,-2.81,-0.51,-2.3,Laggard,15
2026-02-04,MDB,MongoDB,Platform,-2.44,-0.51,-1.94,Laggard,16
2026-02-04,MRVL,Marvell Technology,Compute,-2.4,-0.51,-1.89,Laggard,17
2026-02-04,AMZN,Amazon,Platform,-2.36,-0.51,-1.85,Laggard,18
2026-02-04,NET,Cloudflare,Platform,-2.01,-0.51,-1.51,Laggard,19
2026-02-04,GOOGL,Alphabet,Platform,-1.96,-0.51,-1.46,Laggard,20
2026-02-04,IBM,IBM,Platform,-1.79,-0.51,-1.28,Laggard,21
2026-02-04,CRWD,CrowdStrike,Application,-1.51,-0.51,-1.0,Laggard,22
2026-02-04,INTC,Intel,Compute,-1.32,-0.51,-0.81,Laggard,23
2026-02-04,ZS,Zscaler,Application,-1.2,-0.51,-0.69,Laggard,24
2026-02-04,GTLB,GitLab,Platform,-0.91,-0.51,-0.41,Laggard,25
2026-02-03,PLTR,Palantir,Platform,6.85,-0.84,7.69,Leader,1
2026-02-03,INTC,Intel,Compute,0.9,-0.84,1.74,Leader,2
2026-02-03,ANET,Arista Networks,Compute,0.75,-0.84,1.59,Leader,3
2026-02-03,SMCI,Super Micro Computer,Compute,-0.13,-0.84,0.71,Leader,4
2026-02-03,CFLT,Confluent,Platform,-0.29,-0.84,0.55,Leader,5
2026-02-03,DOCU,DocuSign,Application,-11.4,-0.84,-10.56,Laggard,1
2026-02-03,INTU,Intuit,Application,-10.89,-0.84,-10.05,Laggard,2
2026-02-03,HUBS,HubSpot,Application,-10.64,-0.84,-9.8,Laggard,3
2026-02-03,U,Unity Software,Application,-10.41,-0.84,-9.57,Laggard,4
2026-02-03,SHOP,Shopify,Application,-9.77,-0.84,-8.93,Laggard,5
2026-02-03,SNOW,Snowflake,Platform,-9.14,-0.84,-8.3,Laggard,6
2026-02-03,DUOL,Duolingo,Application,-8.83,-0.84,-7.99,Laggard,7
2026-02-03,TWLO,Twilio,Platform,-8.79,-0.84,-7.95,Laggard,8
2026-02-03,SNPS,Synopsys,Compute,-8.46,-0.84,-7.62,Laggard,9
2026-02-03,ESTC,Elastic,Platform,-8.33,-0.84,-7.49,Laggard,10
2026-02-03,TEAM,Atlassian,Platform,-7.65,-0.84,-6.81,Laggard,11
2026-02-03,ADBE,Adobe,Application,-7.31,-0.84,-6.47,Laggard,12
2026-02-03,DDOG,Datadog,Platform,-7.28,-0.84,-6.44,Laggard,13
2026-02-03,CDNS,Cadence Design Systems,Compute,-7.15,-0.84,-6.31,Laggard,14
2026-02-03,MDB,MongoDB,Platform,-7.14,-0.84,-6.3,Laggard,15
2026-02-03,GTLB,GitLab,Platform,-7.1,-0.84,-6.26,Laggard,16
2026-02-03,WDAY,Workday,Application,-7.04,-0.84,-6.2,Laggard,17
2026-02-03,NOW,ServiceNow,Platform,-7.03,-0.84,-6.19,Laggard,18
2026-02-03,CRM,Salesforce,Application,-6.85,-0.84,-6.01,Laggard,19
2026-02-03,NET,Cloudflare,Platform,-6.61,-0.84,-5.77,Laggard,20
2026-02-03,OKTA,Okta,Platform,-6.6,-0.84,-5.76,Laggard,21
2026-02-03,IBM,IBM,Platform,-6.45,-0.84,-5.61,Laggard,22
2026-02-03,ZS,Zscaler,Application,-6.26,-0.84,-5.42,Laggard,23
2026-02-03,ADSK,Autodesk,Application,-5.78,-0.84,-4.94,Laggard,24
2026-02-03,AKAM,Akamai Technologies,Platform,-5.01,-0.84,-4.17,Laggard,25
2026-02-03,ZM,Zoom,Application,-4.45,-0.84,-3.61,Laggard,26
2026-02-03,MU,Micron,Compute,-4.19,-0.84,-3.35,Laggard,27
2026-02-03,MRVL,Marvell Technology,Compute,-3.97,-0.84,-3.13,Laggard,28
2026-02-03,CRWD,CrowdStrike,Application,-3.9,-0.84,-3.06,Laggard,29
2026-02-03,QCOM,Qualcomm,Compute,-3.56,-0.84,-2.72,Laggard,30
2026-02-03,GFS,GlobalFoundries,Compute,-3.53,-0.84,-2.69,Laggard,31
2026-02-03,ORCL,Oracle,Platform,-3.41,-0.84,-2.57,Laggard,32
2026-02-03,ON,ON Semiconductor,Compute,-3.41,-0.84,-2.57,Laggard,33
2026-02-03,AVGO,Broadcom,Compute,-3.26,-0.84,-2.42,Laggard,34
2026-02-03,ASML,ASML,Compute,-3.16,-0.84,-2.32,Laggard,35
2026-02-03,PATH,UiPath,Application,-3.03,-0.84,-2.19,Laggard,36
2026-02-03,MSFT,Microsoft,Platform,-2.87,-0.84,-2.03,Laggard,37
2026-02-03,NVDA,NVIDIA,Compute,-2.84,-0.84,-2.0,Laggard,38
2026-02-03,META,Meta,Platform,-2.08,-0.84,-1.24,Laggard,39
2026-02-03,AMZN,Amazon,Platform,-1.79,-0.84,-0.95,Laggard,40
2026-02-03,AMD,AMD,Compute,-1.69,-0.84,-0.85,Laggard,41
2026-02-03,DELL,Dell Technologies,Compute,-1.67,-0.84,-0.83,Laggard,42
2026-02-03,TSM,TSMC,Compute,-1.59,-0.84,-0.75,Laggard,43
2026-02-03,GOOGL,Alphabet,Platform,-1.16,-0.84,-0.32,Laggard,44
2026-02-03,HPE,Hewlett Packard Enterprise,Compute,-1.02,-0.84,-0.18,Laggard,45
2026-02-02,MU,Micron,Compute,5.52,0.54,4.99,Leader,1
2026-02-02,INTC,Intel,Compute,5.04,0.54,4.5,Leader,2
2026-02-02,OKTA,Okta,Platform,4.32,0.54,3.78,Leader,3
2026-02-02,DELL,Dell Technologies,Compute,4.12,0.54,3.59,Leader,4
2026-02-02,AMD,AMD,Compute,4.03,0.54,3.49,Leader,5
2026-02-02,TSM,TSMC,Compute,3.27,0.54,2.73,Leader,6
2026-02-02,NET,Cloudflare,Platform,2.86,0.54,2.32,Leader,7
2026-02-02,ON,ON Semiconductor,Compute,2.74,0.54,2.2,Leader,8
2026-02-02,IBM,IBM,Platform,2.62,0.54,2.08,Leader,9
2026-02-02,HPE,Hewlett Packard Enterprise,Compute,2.28,0.54,1.74,Leader,10
2026-02-02,SMCI,Super Micro Computer,Compute,2.06,0.54,1.52,Leader,11
2026-02-02,GOOGL,Alphabet,Platform,1.68,0.54,1.14,Leader,12
2026-02-02,AMZN,Amazon,Platform,1.53,0.54,0.99,Leader,13
2026-02-02,ASML,ASML,Compute,1.29,0.54,0.75,Leader,14
2026-02-02,ADSK,Autodesk,Application,1.07,0.54,0.53,Leader,15
2026-02-02,GTLB,GitLab,Platform,1.06,0.54,0.52,Leader,16
2026-02-02,NOW,ServiceNow,Platform,0.85,0.54,0.31,Leader,17
2026-02-02,ZM,Zoom,Application,0.83,0.54,0.29,Leader,18
2026-02-02,PLTR,Palantir,Platform,0.8,0.54,0.26,Leader,19
2026-02-02,SHOP,Shopify,Application,0.74,0.54,0.2,Leader,20
2026-02-02,QCOM,Qualcomm,Compute,0.68,0.54,0.14,Leader,21
2026-02-02,TEAM,Atlassian,Platform,-3.79,0.54,-4.33,Laggard,1
2026-02-02,NVDA,NVIDIA,Compute,-2.89,0.54,-3.43,Laggard,2
2026-02-02,ORCL,Oracle,Platform,-2.75,0.54,-3.29,Laggard,3
2026-02-02,CDNS,Cadence Design Systems,Compute,-2.42,0.54,-2.96,Laggard,4
2026-02-02,ANET,Arista Networks,Compute,-2.38,0.54,-2.92,Laggard,5
2026-02-02,INTU,Intuit,Application,-2.37,0.54,-2.9,Laggard,6
2026-02-02,HUBS,HubSpot,Application,-2.12,0.54,-2.66,Laggard,7
2026-02-02,MSFT,Microsoft,Platform,-1.61,0.54,-2.15,Laggard,8
2026-02-02,DUOL,Duolingo,Application,-1.59,0.54,-2.13,Laggard,9
2026-02-02,SNPS,Synopsys,Compute,-1.55,0.54,-2.09,Laggard,10
2026-02-02,META,Meta,Platform,-1.41,0.54,-1.95,Laggard,11
2026-02-02,WDAY,Workday,Application,-1.28,0.54,-1.82,Laggard,12
2026-02-02,SNOW,Snowflake,Platform,-1.05,0.54,-1.59,Laggard,13
2026-02-02,DOCU,DocuSign,Application,-1.03,0.54,-1.57,Laggard,14
2026-02-02,U,Unity Software,Application,-1.0,0.54,-1.54,Laggard,15
2026-02-02,CRM,Salesforce,Application,-0.7,0.54,-1.24,Laggard,16
2026-02-02,ESTC,Elastic,Platform,-0.68,0.54,-1.22,Laggard,17
2026-02-02,CRWD,CrowdStrike,Application,-0.58,0.54,-1.12,Laggard,18
2026-02-02,AKAM,Akamai Technologies,Platform,-0.54,0.54,-1.07,Laggard,19
2026-02-02,PATH,UiPath,Application,-0.4,0.54,-0.94,Laggard,20
2026-02-02,TWLO,Twilio,Platform,-0.38,0.54,-0.92,Laggard,21
2026-02-02,MRVL,Marvell Technology,Compute,-0.33,0.54,-0.87,Laggard,22
2026-02-02,DDOG,Datadog,Platform,-0.21,0.54,-0.75,Laggard,23
2026-02-02,AVGO,Broadcom,Compute,-0.06,0.54,-0.6,Laggard,24
2026-02-02,GFS,GlobalFoundries,Compute,-0.05,0.54,-0.59,Laggard,25
2026-02-02,CFLT,Confluent,Platform,0.0,0.54,-0.54,Laggard,26
2026-02-02,ADBE,Adobe,Application,0.04,0.54,-0.49,Laggard,27
2026-02-02,ZS,Zscaler,Application,0.3,0.54,-0.24,Laggard,28
2026-02-02,MDB,MongoDB,Platform,0.36,0.54,-0.18,Laggard,29
2026-01-30,DDOG,Datadog,Platform,0.89,-0.43,1.32,Leader,1
2026-01-30,WDAY,Workday,Application,0.56,-0.43,0.99,Leader,2
2026-01-30,ADBE,Adobe,Application,0.55,-0.43,0.98,Leader,3
2026-01-30,NOW,ServiceNow,Platform,0.24,-0.43,0.67,Leader,4
2026-01-30,AVGO,Broadcom,Compute,0.17,-0.43,0.6,Leader,5
2026-01-30,GOOGL,Alphabet,Platform,-0.07,-0.43,0.36,Leader,6
2026-01-30,CFLT,Confluent,Platform,-0.1,-0.43,0.33,Leader,7
2026-01-30,ZS,Zscaler,Application,-0.31,-0.43,0.12,Leader,8
2026-01-30,QCOM,Qualcomm,Compute,-0.41,-0.43,0.02,Leader,9
2026-01-30,U,Unity Software,Application,-24.22,-0.43,-23.79,Laggard,1
2026-01-30,SHOP,Shopify,Application,-8.64,-0.43,-8.21,Laggard,2
2026-01-30,AMD,AMD,Compute,-6.13,-0.43,-5.7,Laggard,3
2026-01-30,GFS,GlobalFoundries,Compute,-5.08,-0.43,-4.65,Laggard,4
2026-01-30,PATH,UiPath,Application,-4.98,-0.43,-4.55,Laggard,5
2026-01-30,MU,Micron,Compute,-4.8,-0.43,-4.37,Laggard,6
2026-01-30,INTC,Intel,Compute,-4.5,-0.43,-4.07,Laggard,7
2026-01-30,ANET,Arista Networks,Compute,-4.33,-0.43,-3.9,Laggard,8
2026-01-30,DUOL,Duolingo,Application,-3.88,-0.43,-3.45,Laggard,9
2026-01-30,ON,ON Semiconductor,Compute,-3.71,-0.43,-3.28,Laggard,10
2026-01-30,PLTR,Palantir,Platform,-3.47,-0.43,-3.04,Laggard,11
2026-01-30,DELL,Dell Technologies,Compute,-3.42,-0.43,-2.99,Laggard,12
2026-01-30,SNOW,Snowflake,Platform,-3.35,-0.43,-2.92,Laggard,13
2026-01-30,SMCI,Super Micro Computer,Compute,-3.35,-0.43,-2.92,Laggard,14
2026-01-30,SNPS,Synopsys,Compute,-3.1,-0.43,-2.67,Laggard,15
2026-01-30,MRVL,Marvell Technology,Compute,-2.98,-0.43,-2.54,Laggard,16
2026-01-30,META,Meta,Platform,-2.95,-0.43,-2.52,Laggard,17
2026-01-30,TSM,TSMC,Compute,-2.65,-0.43,-2.22,Laggard,18
2026-01-30,ESTC,Elastic,Platform,-2.64,-0.43,-2.21,Laggard,19
2026-01-30,TWLO,Twilio,Platform,-2.63,-0.43,-2.2,Laggard,20
2026-01-30,ORCL,Oracle,Platform,-2.62,-0.43,-2.19,Laggard,21
2026-01-30,DOCU,DocuSign,Application,-2.31,-0.43,-1.88,Laggard,22
2026-01-30,HPE,Hewlett Packard Enterprise,Compute,-2.23,-0.43,-1.8,Laggard,23
2026-01-30,AKAM,Akamai Technologies,Platform,-2.21,-0.43,-1.78,Laggard,24
2026-01-30,ASML,ASML,Compute,-2.21,-0.43,-1.78,Laggard,25
2026-01-30,CDNS,Cadence Design Systems,Compute,-2.08,-0.43,-1.65,Laggard,26
2026-01-30,TEAM,Atlassian,Platform,-1.83,-0.43,-1.4,Laggard,27
2026-01-30,NET,Cloudflare,Platform,-1.69,-0.43,-1.26,Laggard,28
2026-01-30,GTLB,GitLab,Platform,-1.46,-0.43,-1.03,Laggard,29
2026-01-30,OKTA,Okta,Platform,-1.41,-0.43,-0.98,Laggard,30
2026-01-30,ADSK,Autodesk,Application,-1.1,-0.43,-0.67,Laggard,31
2026-01-30,AMZN,Amazon,Platform,-1.01,-0.43,-0.58,Laggard,32
2026-01-30,CRM,Salesforce,Application,-0.84,-0.43,-0.41,Laggard,33
2026-01-30,IBM,IBM,Platform,-0.82,-0.43,-0.39,Laggard,34
2026-01-30,INTU,Intuit,Application,-0.81,-0.43,-0.38,Laggard,35
2026-01-30,MSFT,Microsoft,Platform,-0.74,-0.43,-0.31,Laggard,36
2026-01-30,NVDA,NVIDIA,Compute,-0.72,-0.43,-0.29,Laggard,37
2026-01-30,MDB,MongoDB,Platform,-0.72,-0.43,-0.29,Laggard,38
2026-01-30,CRWD,CrowdStrike,Application,-0.72,-0.43,-0.29,Laggard,39
2026-01-30,HUBS,HubSpot,Application,-0.54,-0.43,-0.11,Laggard,40
2026-01-30,ZM,Zoom,Application,-0.52,-0.43,-0.09,Laggard,41
2026-01-29,META,Meta,Platform,10.4,-0.13,10.53,Leader,1
2026-01-29,IBM,IBM,Platform,5.01,-0.13,5.14,Leader,2
2026-01-29,SHOP,Shopify,Application,3.4,-0.13,3.53,Leader,3
2026-01-29,ASML,ASML,Compute,2.27,-0.13,2.4,Leader,4
2026-01-29,HPE,Hewlett Packard Enterprise,Compute,1.27,-0.13,1.4,Leader,5
2026-01-29,DELL,Dell Technologies,Compute,0.99,-0.13,1.12,Leader,6
2026-01-29,GOOGL,Alphabet,Platform,0.67,-0.13,0.8,Leader,7
2026-01-29,NVDA,NVIDIA,Compute,0.52,-0.13,0.65,Leader,8
2026-01-29,CFLT,Confluent,Platform,0.13,-0.13,0.26,Leader,9
2026-01-29,MU,Micron,Compute,0.12,-0.13,0.25,Leader,10
2026-01-29,HUBS,HubSpot,Application,-11.22,-0.13,-11.09,Laggard,1
2026-01-29,TEAM,Atlassian,Platform,-10.67,-0.13,-10.54,Laggard,2
2026-01-29,MSFT,Microsoft,Platform,-9.99,-0.13,-9.86,Laggard,3
2026-01-29,NOW,ServiceNow,Platform,-9.94,-0.13,-9.82,Laggard,4
2026-01-29,MDB,MongoDB,Platform,-9.01,-0.13,-8.88,Laggard,5
2026-01-29,TWLO,Twilio,Platform,-8.94,-0.13,-8.81,Laggard,6
2026-01-29,DDOG,Datadog,Platform,-8.81,-0.13,-8.68,Laggard,7
2026-01-29,SNOW,Snowflake,Platform,-7.71,-0.13,-7.58,Laggard,8
2026-01-29,ESTC,Elastic,Platform,-7.67,-0.13,-7.54,Laggard,9
2026-01-29,WDAY,Workday,Application,-7.65,-0.13,-7.52,Laggard,10
2026-01-29,INTU,Intuit,Application,-6.63,-0.13,-6.5,Laggard,11
2026-01-29,ZS,Zscaler,Application,-6.23,-0.13,-6.1,Laggard,12
2026-01-29,PATH,UiPath,Application,-6.2,-0.13,-6.07,Laggard,13
2026-01-29,SNPS,Synopsys,Compute,-6.13,-0.13,-6.0,Laggard,14
2026-01-29,CRM,Salesforce,Application,-6.1,-0.13,-5.97,Laggard,15
2026-01-29,OKTA,Okta,Platform,-5.57,-0.13,-5.44,Laggard,16
2026-01-29,CDNS,Cadence Design Systems,Compute,-5.56,-0.13,-5.43,Laggard,17
2026-01-29,CRWD,CrowdStrike,Application,-5.24,-0.13,-5.11,Laggard,18
2026-01-29,ADSK,Autodesk,Application,-4.71,-0.13,-4.59,Laggard,19
2026-01-29,GTLB,GitLab,Platform,-4.63,-0.13,-4.5,Laggard,20
2026-01-29,U,Unity Software,Application,-4.42,-0.13,-4.29,Laggard,21
2026-01-29,DOCU,DocuSign,Application,-4.33,-0.13,-4.2,Laggard,22
2026-01-29,ON,ON Semiconductor,Compute,-4.2,-0.13,-4.08,Laggard,23
2026-01-29,ZM,Zoom,Application,-3.78,-0.13,-3.65,Laggard,24
2026-01-29,SMCI,Super Micro Computer,Compute,-3.49,-0.13,-3.36,Laggard,25
2026-01-29,PLTR,Palantir,Platform,-3.49,-0.13,-3.36,Laggard,26
2026-01-29,GFS,GlobalFoundries,Compute,-2.9,-0.13,-2.78,Laggard,27
2026-01-29,MRVL,Marvell Technology,Compute,-2.73,-0.13,-2.6,Laggard,28
2026-01-29,AKAM,Akamai Technologies,Platform,-2.69,-0.13,-2.56,Laggard,29
2026-01-29,ADBE,Adobe,Application,-2.65,-0.13,-2.52,Laggard,30
2026-01-29,NET,Cloudflare,Platform,-2.44,-0.13,-2.31,Laggard,31
2026-01-29,DUOL,Duolingo,Application,-2.33,-0.13,-2.2,Laggard,32
2026-01-29,ORCL,Oracle,Platform,-2.19,-0.13,-2.06,Laggard,33
2026-01-29,ANET,Arista Networks,Compute,-1.33,-0.13,-1.2,Laggard,34
2026-01-29,TSM,TSMC,Compute,-1.0,-0.13,-0.88,Laggard,35
2026-01-29,AVGO,Broadcom,Compute,-0.75,-0.13,-0.62,Laggard,36
2026-01-29,AMZN,Amazon,Platform,-0.53,-0.13,-0.4,Laggard,37
2026-01-29,QCOM,Qualcomm,Compute,-0.31,-0.13,-0.19,Laggard,38
2026-01-29,INTC,Intel,Compute,-0.25,-0.13,-0.12,Laggard,39
2026-01-29,AMD,AMD,Compute,-0.22,-0.13,-0.09,Laggard,40
2026-01-28,INTC,Intel,Compute,11.04,-0.01,11.05,Leader,1
2026-01-28,MU,Micron,Compute,6.1,-0.01,6.11,Leader,2
2026-01-28,ON,ON Semiconductor,Compute,3.67,-0.01,3.68,Leader,3
2026-01-28,ANET,Arista Networks,Compute,2.36,-0.01,2.37,Leader,4
2026-01-28,DELL,Dell Technologies,Compute,2.32,-0.01,2.33,Leader,5
2026-01-28,ZM,Zoom,Application,1.88,-0.01,1.89,Leader,6
2026-01-28,SNPS,Synopsys,Compute,1.72,-0.01,1.73,Leader,7
2026-01-28,DDOG,Datadog,Platform,1.7,-0.01,1.71,Leader,8
2026-01-28,NVDA,NVIDIA,Compute,1.59,-0.01,1.6,Leader,9
2026-01-28,SNOW,Snowflake,Platform,1.53,-0.01,1.54,Leader,10
2026-01-28,TWLO,Twilio,Platform,1.5,-0.01,1.51,Leader,11
2026-01-28,DOCU,DocuSign,Application,1.43,-0.01,1.44,Leader,12
2026-01-28,TSM,TSMC,Compute,1.17,-0.01,1.18,Leader,13
2026-01-28,SHOP,Shopify,Application,1.03,-0.01,1.04,Leader,14
2026-01-28,MRVL,Marvell Technology,Compute,0.83,-0.01,0.84,Leader,15
2026-01-28,ADBE,Adobe,Application,0.73,-0.01,0.73,Leader,16
2026-01-28,TEAM,Atlassian,Platform,0.67,-0.01,0.68,Leader,17
2026-01-28,CDNS,Cadence Design Systems,Compute,0.67,-0.01,0.67,Leader,18
2026-01-28,HPE,Hewlett Packard Enterprise,Compute,0.51,-0.01,0.52,Leader,19
2026-01-28,GOOGL,Alphabet,Platform,0.44,-0.01,0.44,Leader,20
2026-01-28,AMD,AMD,Compute,0.28,-0.01,0.29,Leader,21
2026-01-28,WDAY,Workday,Application,0.29,-0.01,0.29,Leader,22
2026-01-28,MSFT,Microsoft,Platform,0.22,-0.01,0.23,Leader,23
2026-01-28,AVGO,Broadcom,Compute,0.14,-0.01,0.14,Leader,24
2026-01-28,IBM,IBM,Platform,0.1,-0.01,0.11,Leader,25
2026-01-28,ADSK,Autodesk,Application,0.09,-0.01,0.1,Leader,26
2026-01-28,SMCI,Super Micro Computer,Compute,0.03,-0.01,0.04,Leader,27
2026-01-28,NET,Cloudflare,Platform,-10.23,-0.01,-10.22,Laggard,1
2026-01-28,PLTR,Palantir,Platform,-5.04,-0.01,-5.03,Laggard,2
2026-01-28,GFS,GlobalFoundries,Compute,-3.42,-0.01,-3.41,Laggard,3
2026-01-28,U,Unity Software,Application,-2.64,-0.01,-2.63,Laggard,4
2026-01-28,ZS,Zscaler,Application,-2.6,-0.01,-2.6,Laggard,5
2026-01-28,DUOL,Duolingo,Application,-2.25,-0.01,-2.24,Laggard,6
2026-01-28,ASML,ASML,Compute,-2.18,-0.01,-2.17,Laggard,7
2026-01-28,PATH,UiPath,Application,-1.74,-0.01,-1.73,Laggard,8
2026-01-28,NOW,ServiceNow,Platform,-1.65,-0.01,-1.65,Laggard,9
2026-01-28,CRWD,CrowdStrike,Application,-1.57,-0.01,-1.56,Laggard,10
2026-01-28,INTU,Intuit,Application,-1.23,-0.01,-1.22,Laggard,11
2026-01-28,ORCL,Oracle,Platform,-1.2,-0.01,-1.19,Laggard,12
2026-01-28,ESTC,Elastic,Platform,-1.13,-0.01,-1.12,Laggard,13
2026-01-28,AKAM,Akamai Technologies,Platform,-1.12,-0.01,-1.12,Laggard,14
2026-01-28,HUBS,HubSpot,Application,-0.8,-0.01,-0.79,Laggard,15
2026-01-28,OKTA,Okta,Platform,-0.79,-0.01,-0.78,Laggard,16
2026-01-28,AMZN,Amazon,Platform,-0.68,-0.01,-0.67,Laggard,17
2026-01-28,META,Meta,Platform,-0.63,-0.01,-0.62,Laggard,18
2026-01-28,GTLB,GitLab,Platform,-0.25,-0.01,-0.25,Laggard,19
2026-01-28,CRM,Salesforce,Application,-0.25,-0.01,-0.24,Laggard,20
2026-01-28,QCOM,Qualcomm,Compute,-0.22,-0.01,-0.21,Laggard,21
2026-01-28,MDB,MongoDB,Platform,-0.21,-0.01,-0.2,Laggard,22
2026-01-28,CFLT,Confluent,Platform,-0.03,-0.01,-0.02,Laggard,23
2026-01-27,NET,Cloudflare,Platform,8.77,0.41,8.36,Leader,1
2026-01-27,GFS,GlobalFoundries,Compute,7.21,0.41,6.81,Leader,2
2026-01-27,MU,Micron,Compute,5.44,0.41,5.03,Leader,3
2026-01-27,AKAM,Akamai Technologies,Platform,4.66,0.41,4.25,Leader,4
2026-01-27,INTC,Intel,Compute,3.39,0.41,2.98,Leader,5
2026-01-27,ASML,ASML,Compute,2.92,0.41,2.51,Leader,6
2026-01-27,AMZN,Amazon,Platform,2.63,0.41,2.22,Leader,7
2026-01-27,ON,ON Semiconductor,Compute,2.45,0.41,2.05,Leader,8
2026-01-27,AVGO,Broadcom,Compute,2.44,0.41,2.04,Leader,9
2026-01-27,ZS,Zscaler,Application,2.39,0.41,1.98,Leader,10
2026-01-27,MSFT,Microsoft,Platform,2.19,0.41,1.78,Leader,11
2026-01-27,ANET,Arista Networks,Compute,2.07,0.41,1.66,Leader,12
2026-01-27,CRWD,CrowdStrike,Application,1.78,0.41,1.37,Leader,13
2026-01-27,TSM,TSMC,Compute,1.69,0.41,1.28,Leader,14
2026-01-27,MRVL,Marvell Technology,Compute,1.42,0.41,1.01,Leader,15
2026-01-27,SMCI,Super Micro Computer,Compute,1.3,0.41,0.89,Leader,16
2026-01-27,DDOG,Datadog,Platform,1.15,0.41,0.74,Leader,17
2026-01-27,NVDA,NVIDIA,Compute,1.1,0.41,0.69,Leader,18
2026-01-27,HPE,Hewlett Packard Enterprise,Compute,1.08,0.41,0.67,Leader,19
2026-01-27,SHOP,Shopify,Application,0.87,0.41,0.46,Leader,20
2026-01-27,SNOW,Snowflake,Platform,0.7,0.41,0.29,Leader,21
2026-01-27,ORCL,Oracle,Platform,-4.13,0.41,-4.54,Laggard,1
2026-01-27,U,Unity Software,Application,-4.07,0.41,-4.48,Laggard,2
2026-01-27,DOCU,DocuSign,Application,-3.88,0.41,-4.29,Laggard,3
2026-01-27,PATH,UiPath,Application,-3.69,0.41,-4.1,Laggard,4
2026-01-27,DUOL,Duolingo,Application,-3.62,0.41,-4.02,Laggard,5
2026-01-27,NOW,ServiceNow,Platform,-3.33,0.41,-3.74,Laggard,6
2026-01-27,TEAM,Atlassian,Platform,-3.31,0.41,-3.72,Laggard,7
2026-01-27,INTU,Intuit,Application,-2.91,0.41,-3.32,Laggard,8
2026-01-27,HUBS,HubSpot,Application,-2.84,0.41,-3.24,Laggard,9
2026-01-27,ADBE,Adobe,Application,-2.4,0.41,-2.8,Laggard,10
2026-01-27,GTLB,GitLab,Platform,-2.23,0.41,-2.64,Laggard,11
2026-01-27,ADSK,Autodesk,Application,-1.56,0.41,-1.97,Laggard,12
2026-01-27,ESTC,Elastic,Platform,-1.25,0.41,-1.66,Laggard,13
2026-01-27,WDAY,Workday,Application,-1.19,0.41,-1.6,Laggard,14
2026-01-27,CDNS,Cadence Design Systems,Compute,-1.13,0.41,-1.54,Laggard,15
2026-01-27,DELL,Dell Technologies,Compute,-1.1,0.41,-1.5,Laggard,16
2026-01-27,ZM,Zoom,Application,-1.07,0.41,-1.48,Laggard,17
2026-01-27,PLTR,Palantir,Platform,-1.06,0.41,-1.47,Laggard,18
2026-01-27,QCOM,Qualcomm,Compute,-0.96,0.41,-1.37,Laggard,19
2026-01-27,IBM,IBM,Platform,-0.83,0.41,-1.24,Laggard,20
2026-01-27,CRM,Salesforce,Application,-0.38,0.41,-0.79,Laggard,21
2026-01-27,TWLO,Twilio,Platform,-0.09,0.41,-0.5,Laggard,22
2026-01-27,SNPS,Synopsys,Compute,-0.06,0.41,-0.47,Laggard,23
2026-01-27,CFLT,Confluent,Platform,0.03,0.41,-0.38,Laggard,24
2026-01-27,META,Meta,Platform,0.09,0.41,-0.32,Laggard,25
2026-01-27,MDB,MongoDB,Platform,0.16,0.41,-0.25,Laggard,26
2026-01-27,OKTA,Okta,Platform,0.19,0.41,-0.22,Laggard,27
2026-01-27,AMD,AMD,Compute,0.29,0.41,-0.12,Laggard,28
2026-01-27,GOOGL,Alphabet,Platform,0.39,0.41,-0.02,Laggard,29
2026-01-26,ZM,Zoom,Application,11.28,0.5,10.78,Leader,1
2026-01-26,NET,Cloudflare,Platform,9.17,0.5,8.67,Leader,2
2026-01-26,ANET,Arista Networks,Compute,5.41,0.5,4.91,Leader,3
2026-01-26,TEAM,Atlassian,Platform,5.08,0.5,4.58,Leader,4
2026-01-26,DDOG,Datadog,Platform,5.0,0.5,4.5,Leader,5
2026-01-26,GTLB,GitLab,Platform,4.92,0.5,4.42,Leader,6
2026-01-26,ESTC,Elastic,Platform,4.71,0.5,4.21,Leader,7
2026-01-26,TWLO,Twilio,Platform,4.42,0.5,3.92,Leader,8
2026-01-26,AKAM,Akamai Technologies,Platform,3.77,0.5,3.26,Leader,9
2026-01-26,CRWD,CrowdStrike,Application,3.5,0.5,3.0,Leader,10
2026-01-26,GFS,GlobalFoundries,Compute,3.2,0.5,2.7,Leader,11
2026-01-26,MDB,MongoDB,Platform,3.15,0.5,2.65,Leader,12
2026-01-26,ORCL,Oracle,Platform,2.98,0.5,2.48,Leader,13
2026-01-26,NOW,ServiceNow,Platform,2.43,0.5,1.93,Leader,14
2026-01-26,ZS,Zscaler,Application,2.35,0.5,1.85,Leader,15
2026-01-26,META,Meta,Platform,2.06,0.5,1.56,Leader,16
2026-01-26,MRVL,Marvell Technology,Compute,1.92,0.5,1.42,Leader,17
2026-01-26,HUBS,HubSpot,Application,1.92,0.5,1.42,Leader,18
2026-01-26,ASML,ASML,Compute,1.75,0.5,1.25,Leader,19
2026-01-26,GOOGL,Alphabet,Platform,1.63,0.5,1.12,Leader,20
2026-01-26,U,Unity Software,Application,1.56,0.5,1.06,Leader,21
2026-01-26,HPE,Hewlett Packard Enterprise,Compute,1.52,0.5,1.02,Leader,22
2026-01-26,AVGO,Broadcom,Compute,1.5,0.5,1.0,Leader,23
2026-01-26,IBM,IBM,Platform,1.33,0.5,0.83,Leader,24
2026-01-26,ADBE,Adobe,Application,1.21,0.5,0.71,Leader,25
2026-01-26,CDNS,Cadence Design Systems,Compute,1.16,0.5,0.66,Leader,26
2026-01-26,MSFT,Microsoft,Platform,0.93,0.5,0.43,Leader,27
2026-01-26,ADSK,Autodesk,Application,0.87,0.5,0.37,Leader,28
2026-01-26,WDAY,Workday,Application,0.84,0.5,0.34,Leader,29
2026-01-26,SNOW,Snowflake,Platform,0.75,0.5,0.25,Leader,30
2026-01-26,PATH,UiPath,Application,0.74,0.5,0.24,Leader,31
2026-01-26,CRM,Salesforce,Application,0.59,0.5,0.09,Leader,32
2026-01-26,OKTA,Okta,Platform,0.58,0.5,0.08,Leader,33
2026-01-26,INTC,Intel,Compute,-5.72,0.5,-6.23,Laggard,1
2026-01-26,AMD,AMD,Compute,-3.22,0.5,-3.72,Laggard,2
2026-01-26,SMCI,Super Micro Computer,Compute,-2.84,0.5,-3.34,Laggard,3
2026-01-26,DUOL,Duolingo,Application,-2.83,0.5,-3.33,Laggard,4
2026-01-26,MU,Micron,Compute,-2.64,0.5,-3.14,Laggard,5
2026-01-26,ON,ON Semiconductor,Compute,-1.37,0.5,-1.87,Laggard,6
2026-01-26,PLTR,Palantir,Platform,-1.26,0.5,-1.76,Laggard,7
2026-01-26,SHOP,Shopify,Application,-1.15,0.5,-1.65,Laggard,8
2026-01-26,QCOM,Qualcomm,Compute,-0.83,0.5,-1.33,Laggard,9
2026-01-26,TSM,TSMC,Compute,-0.65,0.5,-1.15,Laggard,10
2026-01-26,NVDA,NVIDIA,Compute,-0.64,0.5,-1.14,Laggard,11
2026-01-26,INTU,Intuit,Application,-0.39,0.5,-0.89,Laggard,12
2026-01-26,AMZN,Amazon,Platform,-0.31,0.5,-0.81,Laggard,13
2026-01-26,CFLT,Confluent,Platform,-0.07,0.5,-0.57,Laggard,14
2026-01-26,SNPS,Synopsys,Compute,0.32,0.5,-0.18,Laggard,15
2026-01-26,DOCU,DocuSign,Application,0.35,0.5,-0.15,Laggard,16
2026-01-26,DELL,Dell Technologies,Compute,0.43,0.5,-0.07,Laggard,17
2026-01-23,NOW,ServiceNow,Platform,3.54,0.03,3.51,Leader,1
2026-01-23,MSFT,Microsoft,Platform,3.28,0.03,3.25,Leader,2
2026-01-23,INTU,Intuit,Application,2.97,0.03,2.94,Leader,3
2026-01-23,TEAM,Atlassian,Platform,2.58,0.03,2.54,Leader,4
2026-01-23,AMD,AMD,Compute,2.35,0.03,2.31,Leader,5
2026-01-23,TSM,TSMC,Compute,2.29,0.03,2.26,Leader,6
2026-01-23,PLTR,Palantir,Platform,2.23,0.03,2.2,Leader,7
2026-01-23,AMZN,Amazon,Platform,2.06,0.03,2.02,Leader,8
2026-01-23,META,Meta,Platform,1.72,0.03,1.69,Leader,9
2026-01-23,NVDA,NVIDIA,Compute,1.53,0.03,1.5,Leader,10
2026-01-23,TWLO,Twilio,Platform,1.49,0.03,1.45,Leader,11
2026-01-23,DUOL,Duolingo,Application,1.48,0.03,1.45,Leader,12
2026-01-23,ZM,Zoom,Application,1.33,0.03,1.3,Leader,13
2026-01-23,HUBS,HubSpot,Application,1.03,0.03,0.99,Leader,14
2026-01-23,ZS,Zscaler,Application,0.63,0.03,0.6,Leader,15
2026-01-23,WDAY,Workday,Application,0.57,0.03,0.54,Leader,16
2026-01-23,MU,Micron,Compute,0.52,0.03,0.49,Leader,17
2026-01-23,U,Unity Software,Application,0.5,0.03,0.47,Leader,18
2026-01-23,ADBE,Adobe,Application,0.45,0.03,0.41,Leader,19
2026-01-23,CDNS,Cadence Design Systems,Compute,0.39,0.03,0.36,Leader,20
2026-01-23,SHOP,Shopify,Application,0.18,0.03,0.15,Leader,21
2026-01-23,NET,Cloudflare,Platform,0.08,0.03,0.05,Leader,22
2026-01-23,ADSK,Autodesk,Application,0.09,0.03,0.05,Leader,23
2026-01-23,CFLT,Confluent,Platform,0.07,0.03,0.03,Leader,24
2026-01-23,INTC,Intel,Compute,-17.03,0.03,-17.06,Laggard,1
2026-01-23,GFS,GlobalFoundries,Compute,-4.79,0.03,-4.82,Laggard,2
2026-01-23,MRVL,Marvell Technology,Compute,-3.45,0.03,-3.49,Laggard,3
2026-01-23,GTLB,GitLab,Platform,-2.73,0.03,-2.76,Laggard,4
2026-01-23,SMCI,Super Micro Computer,Compute,-2.31,0.03,-2.34,Laggard,5
2026-01-23,PATH,UiPath,Application,-2.31,0.03,-2.34,Laggard,6
2026-01-23,AKAM,Akamai Technologies,Platform,-2.01,0.03,-2.04,Laggard,7
2026-01-23,ON,ON Semiconductor,Compute,-1.73,0.03,-1.76,Laggard,8
2026-01-23,AVGO,Broadcom,Compute,-1.67,0.03,-1.7,Laggard,9
2026-01-23,SNPS,Synopsys,Compute,-1.59,0.03,-1.62,Laggard,10
2026-01-23,ANET,Arista Networks,Compute,-1.5,0.03,-1.53,Laggard,11
2026-01-23,DELL,Dell Technologies,Compute,-1.49,0.03,-1.52,Laggard,12
2026-01-23,MDB,MongoDB,Platform,-1.47,0.03,-1.5,Laggard,13
2026-01-23,HPE,Hewlett Packard Enterprise,Compute,-1.45,0.03,-1.48,Laggard,14
2026-01-23,QCOM,Qualcomm,Compute,-1.25,0.03,-1.29,Laggard,15
2026-01-23,DDOG,Datadog,Platform,-0.85,0.03,-0.89,Laggard,16
2026-01-23,GOOGL,Alphabet,Platform,-0.79,0.03,-0.82,Laggard,17
2026-01-23,OKTA,Okta,Platform,-0.77,0.03,-0.8,Laggard,18
2026-01-23,IBM,IBM,Platform,-0.76,0.03,-0.79,Laggard,19
2026-01-23,SNOW,Snowflake,Platform,-0.68,0.03,-0.71,Laggard,20
2026-01-23,ORCL,Oracle,Platform,-0.57,0.03,-0.61,Laggard,21
2026-01-23,ASML,ASML,Compute,-0.43,0.03,-0.46,Laggard,22
2026-01-23,CRWD,CrowdStrike,Application,-0.28,0.03,-0.31,Laggard,23
2026-01-23,DOCU,DocuSign,Application,-0.07,0.03,-0.1,Laggard,24
2026-01-23,ESTC,Elastic,Platform,-0.03,0.03,-0.06,Laggard,25
2026-01-23,CRM,Salesforce,Application,-0.02,0.03,-0.05,Laggard,26
2025-12-31,TSM,TSMC,Compute,1.44,-0.74,2.17,Leader,1
2025-12-31,CFLT,Confluent,Platform,0.37,-0.74,1.1,Leader,2
2025-12-31,ZM,Zoom,Application,-0.01,-0.74,0.72,Leader,3
2025-12-31,GFS,GlobalFoundries,Compute,-3.31,-0.74,-2.57,Laggard,1
2025-12-31,MU,Micron,Compute,-2.47,-0.74,-1.73,Laggard,2
2025-12-31,U,Unity Software,Application,-2.13,-0.74,-1.39,Laggard,3
2025-12-30,TWLO,Twilio,Platform,1.85,-0.14,1.99,Leader,1
2025-12-30,INTC,Intel,Compute,1.69,-0.14,1.83,Leader,2
2025-12-30,HUBS,HubSpot,Application,1.62,-0.14,1.76,Leader,3
2025-12-30,SHOP,Shopify,Application,-2.47,-0.14,-2.33,Laggard,1
2025-12-30,PLTR,Palantir,Platform,-1.81,-0.14,-1.68,Laggard,2
2025-12-30,DUOL,Duolingo,Application,-1.68,-0.14,-1.54,Laggard,3
2025-12-29,MU,Micron,Compute,3.41,-0.35,3.75,Leader,1
2025-12-29,ANET,Arista Networks,Compute,1.75,-0.35,2.1,Leader,2
2025-12-29,INTC,Intel,Compute,1.33,-0.35,1.68,Leader,3
2025-12-29,MDB,MongoDB,Platform,-2.92,-0.35,-2.57,Laggard,1
2025-12-29,PLTR,Palantir,Platform,-2.4,-0.35,-2.05,Laggard,2
2025-12-29,ZM,Zoom,Application,-1.94,-0.35,-1.59,Laggard,3
2025-12-26,WDAY,Workday,Application,1.78,-0.03,1.81,Leader,1
2025-12-26,TSM,TSMC,Compute,1.35,-0.03,1.38,Leader,2
2025-12-26,TEAM,Atlassian,Platform,1.26,-0.03,1.29,Leader,3
2025-12-26,PLTR,Palantir,Platform,-2.81,-0.03,-2.78,Laggard,1
2025-12-26,PATH,UiPath,Application,-1.86,-0.03,-1.83,Laggard,2
2025-12-26,MU,Micron,Compute,-0.66,-0.03,-0.63,Laggard,3
2025-12-24,PATH,UiPath,Application,7.52,0.32,7.2,Leader,1
2025-12-24,MU,Micron,Compute,3.77,0.32,3.45,Leader,2
2025-12-24,ORCL,Oracle,Platform,1.1,0.32,0.78,Leader,3
2025-12-24,DDOG,Datadog,Platform,-2.26,0.32,-2.58,Laggard,1
2025-12-24,SNOW,Snowflake,Platform,-1.41,0.32,-1.73,Laggard,2
2025-12-24,MRVL,Marvell Technology,Compute,-1.36,0.32,-1.68,Laggard,3
2025-12-23,MRVL,Marvell Technology,Compute,3.4,0.46,2.94,Leader,1
2025-12-23,NVDA,NVIDIA,Compute,3.01,0.46,2.55,Leader,2
2025-12-23,AVGO,Broadcom,Compute,2.3,0.46,1.85,Leader,3
2025-12-23,PATH,UiPath,Application,-4.43,0.46,-4.89,Laggard,1
2025-12-23,DUOL,Duolingo,Application,-3.3,0.46,-3.75,Laggard,2
2025-12-23,ZM,Zoom,Application,-3.14,0.46,-3.6,Laggard,3
2025-12-22,MU,Micron,Compute,4.01,0.64,3.37,Leader,1
2025-12-22,SNPS,Synopsys,Compute,3.78,0.64,3.13,Leader,2
2025-12-22,PATH,UiPath,Application,3.6,0.64,2.95,Leader,3
2025-12-22,INTC,Intel,Compute,-1.22,0.64,-1.87,Laggard,1
2025-12-22,QCOM,Qualcomm,Compute,-0.59,0.64,-1.23,Laggard,2
2025-12-22,GFS,GlobalFoundries,Compute,-0.57,0.64,-1.22,Laggard,3
2025-12-19,MU,Micron,Compute,6.99,0.88,6.11,Leader,1
2025-12-19,ORCL,Oracle,Platform,6.63,0.88,5.75,Leader,2
2025-12-19,AMD,AMD,Compute,6.15,0.88,5.27,Leader,3
2025-12-19,TEAM,Atlassian,Platform,-2.38,0.88,-3.26,Laggard,1
2025-12-19,META,Meta,Platform,-0.85,0.88,-1.74,Laggard,2
2025-12-19,MRVL,Marvell Technology,Compute,-0.45,0.88,-1.33,Laggard,3
2025-12-18,MU,Micron,Compute,10.21,0.79,9.42,Leader,1
2025-12-18,PLTR,Palantir,Platform,4.74,0.79,3.94,Leader,2
2025-12-18,MRVL,Marvell Technology,Compute,3.39,0.79,2.6,Leader,3
2025-12-18,DELL,Dell Technologies,Compute,-3.87,0.79,-4.66,Laggard,1
2025-12-18,NOW,ServiceNow,Platform,-1.98,0.79,-2.77,Laggard,2
2025-12-18,SMCI,Super Micro Computer,Compute,-1.58,0.79,-2.37,Laggard,3
2025-12-17,HUBS,HubSpot,Application,4.65,-1.16,5.81,Leader,1
2025-12-17,ADBE,Adobe,Application,1.95,-1.16,3.11,Leader,2
2025-12-17,TEAM,Atlassian,Platform,1.52,-1.16,2.68,Leader,3
2025-12-17,SMCI,Super Micro Computer,Compute,-5.75,-1.16,-4.59,Laggard,1
2025-12-17,ASML,ASML,Compute,-5.63,-1.16,-4.47,Laggard,2
2025-12-17,PLTR,Palantir,Platform,-5.57,-1.16,-4.41,Laggard,3
2025-12-16,OKTA,Okta,Platform,2.71,-0.24,2.95,Leader,1
2025-12-16,TWLO,Twilio,Platform,2.64,-0.24,2.88,Leader,2
2025-12-16,DELL,Dell Technologies,Compute,2.48,-0.24,2.72,Leader,3
2025-12-16,MU,Micron,Compute,-2.1,-0.24,-1.86,Laggard,1
2025-12-16,IBM,IBM,Platform,-1.78,-0.24,-1.54,Laggard,2
2025-12-16,QCOM,Qualcomm,Compute,-1.75,-0.24,-1.51,Laggard,3
2025-12-15,ANET,Arista Networks,Compute,0.91,-0.16,1.07,Leader,1
2025-12-15,TWLO,Twilio,Platform,0.78,-0.16,0.94,Leader,2
2025-12-15,AKAM,Akamai Technologies,Platform,0.76,-0.16,0.92,Leader,3
2025-12-15,NOW,ServiceNow,Platform,-11.54,-0.16,-11.38,Laggard,1
2025-12-15,PATH,UiPath,Application,-7.23,-0.16,-7.07,Laggard,2
2025-12-15,AVGO,Broadcom,Compute,-5.59,-0.16,-5.43,Laggard,3
2025-12-12,ADBE,Adobe,Application,1.71,-1.07,2.78,Leader,1
2025-12-12,DOCU,DocuSign,Application,1.25,-1.07,2.32,Leader,2
2025-12-12,AKAM,Akamai Technologies,Platform,0.5,-1.07,1.57,Leader,3
2025-12-12,AVGO,Broadcom,Compute,-11.43,-1.07,-10.36,Laggard,1
2025-12-12,ANET,Arista Networks,Compute,-7.17,-1.07,-6.1,Laggard,2
2025-12-12,MU,Micron,Compute,-6.7,-1.07,-5.63,Laggard,3
2025-12-11,ZM,Zoom,Application,2.49,0.21,2.28,Leader,1
2025-12-11,ADBE,Adobe,Application,2.13,0.21,1.92,Leader,2
2025-12-11,DOCU,DocuSign,Application,2.06,0.21,1.86,Leader,3
2025-12-11,ORCL,Oracle,Platform,-10.83,0.21,-11.04,Laggard,1
2025-12-11,PATH,UiPath,Application,-3.53,0.21,-3.74,Laggard,2
2025-12-11,MRVL,Marvell Technology,Compute,-3.29,0.21,-3.5,Laggard,3
2025-12-10,ESTC,Elastic,Platform,5.6,0.67,4.92,Leader,1
2025-12-10,SHOP,Shopify,Application,5.33,0.67,4.66,Leader,2
2025-12-10,MU,Micron,Compute,4.47,0.67,3.8,Leader,3
2025-12-10,DUOL,Duolingo,Application,-5.57,0.67,-6.24,Laggard,1
2025-12-10,MSFT,Microsoft,Platform,-2.74,0.67,-3.41,Laggard,2
2025-12-10,SNOW,Snowflake,Platform,-2.72,0.67,-3.39,Laggard,3
2025-12-09,DOCU,DocuSign,Application,5.07,-0.09,5.16,Leader,1
2025-12-09,HPE,Hewlett Packard Enterprise,Compute,3.81,-0.09,3.9,Leader,2
2025-12-09,MU,Micron,Compute,2.23,-0.09,2.32,Leader,3
2025-12-09,MRVL,Marvell Technology,Compute,-3.37,-0.09,-3.28,Laggard,1
2025-12-09,ON,ON Semiconductor,Compute,-2.04,-0.09,-1.95,Laggard,2
2025-12-09,ZM,Zoom,Application,-1.64,-0.09,-1.55,Laggard,3
2025-12-08,CFLT,Confluent,Platform,29.08,-0.35,29.43,Leader,1
2025-12-08,U,Unity Software,Application,7.12,-0.35,7.47,Leader,2
2025-12-08,GTLB,GitLab,Platform,4.61,-0.35,4.95,Leader,3
2025-12-08,MRVL,Marvell Technology,Compute,-6.99,-0.35,-6.64,Laggard,1
2025-12-08,INTC,Intel,Compute,-2.68,-0.35,-2.33,Laggard,2
2025-12-08,INTU,Intuit,Application,-2.58,-0.35,-2.23,Laggard,3
2025-12-05,DUOL,Duolingo,Application,6.04,0.19,5.84,Leader,1
2025-12-05,ADBE,Adobe,Application,5.33,0.19,5.14,Leader,2
2025-12-05,CRM,Salesforce,Application,5.3,0.19,5.1,Leader,3
2025-12-05,DOCU,DocuSign,Application,-7.64,0.19,-7.83,Laggard,1
2025-12-05,AKAM,Akamai Technologies,Platform,-3.59,0.19,-3.78,Laggard,2
2025-12-05,SNOW,Snowflake,Platform,-2.55,0.19,-2.74,Laggard,3
2025-12-04,PATH,UiPath,Application,24.36,0.11,24.25,Leader,1
2025-12-04,DELL,Dell Technologies,Compute,4.01,0.11,3.9,Leader,2
2025-12-04,CRM,Salesforce,Application,3.66,0.11,3.55,Leader,3
2025-12-04,SNOW,Snowflake,Platform,-11.41,0.11,-11.52,Laggard,1
2025-12-04,INTC,Intel,Compute,-7.45,0.11,-7.56,Laggard,2
2025-12-04,ON,ON Semiconductor,Compute,-4.13,0.11,-4.24,Laggard,3
2025-12-03,ON,ON Semiconductor,Compute,11.01,0.3,10.72,Leader,1
2025-12-03,MRVL,Marvell Technology,Compute,7.87,0.3,7.57,Leader,2
2025-12-03,CDNS,Cadence Design Systems,Compute,5.71,0.3,5.42,Leader,3
2025-12-03,GTLB,GitLab,Platform,-12.77,0.3,-13.07,Laggard,1
2025-12-03,MSFT,Microsoft,Platform,-2.5,0.3,-2.8,Laggard,2
2025-12-03,MU,Micron,Compute,-2.23,0.3,-2.52,Laggard,3
2025-12-02,MDB,MongoDB,Platform,22.23,0.25,21.99,Leader,1
2025-12-02,INTC,Intel,Compute,8.65,0.25,8.4,Leader,2
2025-12-02,CFLT,Confluent,Platform,5.44,0.25,5.2,Leader,3
2025-12-02,AMD,AMD,Compute,-2.06,0.25,-2.3,Laggard,1
2025-12-02,DUOL,Duolingo,Application,-1.53,0.25,-1.78,Laggard,2
2025-12-02,SMCI,Super Micro Computer,Compute,-1.47,0.25,-1.71,Laggard,3
2025-12-01,SNPS,Synopsys,Compute,4.85,-0.53,5.38,Leader,1
2025-12-01,ASML,ASML,Compute,2.64,-0.53,3.17,Leader,2
2025-12-01,MRVL,Marvell Technology,Compute,1.9,-0.53,2.43,Leader,3
2025-12-01,SHOP,Shopify,Application,-5.9,-0.53,-5.37,Laggard,1
2025-12-01,AVGO,Broadcom,Compute,-4.19,-0.53,-3.66,Laggard,2
2025-12-01,ZS,Zscaler,Application,-3.27,-0.53,-2.74,Laggard,3
2025-11-28,INTC,Intel,Compute,10.19,0.54,9.65,Leader,1
2025-11-28,SMCI,Super Micro Computer,Compute,3.11,0.54,2.57,Leader,2
2025-11-28,MU,Micron,Compute,2.7,0.54,2.17,Leader,3
2025-11-28,NVDA,NVIDIA,Compute,-1.81,0.54,-2.34,Laggard,1
2025-11-28,ORCL,Oracle,Platform,-1.47,0.54,-2.0,Laggard,2
2025-11-28,SHOP,Shopify,Application,-0.44,0.54,-0.97,Laggard,3
2025-11-26,DUOL,Duolingo,Application,7.21,0.69,6.52,Leader,1
2025-11-26,DELL,Dell Technologies,Compute,5.83,0.69,5.14,Leader,2
2025-11-26,MRVL,Marvell Technology,Compute,5.14,0.69,4.45,Leader,3
2025-11-26,ZS,Zscaler,Application,-13.03,0.69,-13.72,Laggard,1
2025-11-26,WDAY,Workday,Application,-7.85,0.69,-8.54,Laggard,2
2025-11-26,INTU,Intuit,Application,-2.92,0.69,-3.61,Laggard,3
2025-11-25,ZM,Zoom,Application,9.85,0.91,8.94,Leader,1
2025-11-25,HUBS,HubSpot,Application,4.21,0.91,3.3,Leader,2
2025-11-25,META,Meta,Platform,3.78,0.91,2.87,Leader,3
2025-11-25,AMD,AMD,Compute,-4.15,0.91,-5.05,Laggard,1
2025-11-25,NVDA,NVIDIA,Compute,-2.59,0.91,-3.5,Laggard,2
2025-11-25,SMCI,Super Micro Computer,Compute,-2.52,0.91,-3.43,Laggard,3
2025-11-24,AVGO,Broadcom,Compute,11.1,1.55,9.55,Leader,1
2025-11-24,MRVL,Marvell Technology,Compute,8.19,1.55,6.64,Leader,2
2025-11-24,MU,Micron,Compute,7.99,1.55,6.44,Leader,3
2025-11-24,ADBE,Adobe,Application,-1.68,1.55,-3.23,Laggard,1
2025-11-24,INTU,Intuit,Application,-1.5,1.55,-3.04,Laggard,2
2025-11-24,ESTC,Elastic,Platform,-1.38,1.55,-2.93,Laggard,3
2025-11-21,GFS,GlobalFoundries,Compute,5.43,0.98,4.45,Leader,1
2025-11-21,DELL,Dell Technologies,Compute,4.35,0.98,3.37,Leader,2
2025-11-21,INTU,Intuit,Application,4.03,0.98,3.05,Leader,3
2025-11-21,ESTC,Elastic,Platform,-14.67,0.98,-15.65,Laggard,1
2025-11-21,ORCL,Oracle,Platform,-5.66,0.98,-6.64,Laggard,2
2025-11-21,SNOW,Snowflake,Platform,-4.34,0.98,-5.33,Laggard,3
2025-11-20,AKAM,Akamai Technologies,Platform,0.99,-1.56,2.55,Leader,1
2025-11-20,IBM,IBM,Platform,0.65,-1.56,2.2,Leader,2
2025-11-20,SNPS,Synopsys,Compute,-0.18,-1.56,1.38,Leader,3
2025-11-20,MU,Micron,Compute,-10.87,-1.56,-9.31,Laggard,1
2025-11-20,DDOG,Datadog,Platform,-9.49,-1.56,-7.94,Laggard,2
2025-11-20,AMD,AMD,Compute,-7.84,-1.56,-6.28,Laggard,3
2025-11-19,U,Unity Software,Application,6.0,0.38,5.62,Leader,1
2025-11-19,AVGO,Broadcom,Compute,4.09,0.38,3.71,Leader,2
2025-11-19,SHOP,Shopify,Application,3.95,0.38,3.58,Leader,3
2025-11-19,SMCI,Super Micro Computer,Compute,-3.35,0.38,-3.73,Laggard,1
2025-11-19,AMD,AMD,Compute,-2.93,0.38,-3.3,Laggard,2
2025-11-19,DELL,Dell Technologies,Compute,-2.7,0.38,-3.07,Laggard,3
2025-11-18,GTLB,GitLab,Platform,3.82,-0.83,4.65,Leader,1
2025-11-18,SMCI,Super Micro Computer,Compute,2.35,-0.83,3.17,Leader,2
2025-11-18,TEAM,Atlassian,Platform,1.87,-0.83,2.7,Leader,3
2025-11-18,MRVL,Marvell Technology,Compute,-5.72,-0.83,-4.89,Laggard,1
2025-11-18,MU,Micron,Compute,-5.56,-0.83,-4.73,Laggard,2
2025-11-18,AMZN,Amazon,Platform,-4.43,-0.83,-3.61,Laggard,3
2025-11-17,GOOGL,Alphabet,Platform,3.11,-0.92,4.03,Leader,1
2025-11-17,ASML,ASML,Compute,1.29,-0.92,2.21,Leader,2
2025-11-17,AKAM,Akamai Technologies,Platform,0.52,-0.92,1.43,Leader,3
2025-11-17,DELL,Dell Technologies,Compute,-8.43,-0.92,-7.52,Laggard,1
2025-11-17,HPE,Hewlett Packard Enterprise,Compute,-7.01,-0.92,-6.09,Laggard,2
2025-11-17,HUBS,HubSpot,Application,-6.88,-0.92,-5.96,Laggard,3
2025-11-14,MU,Micron,Compute,4.17,-0.05,4.22,Leader,1
2025-11-14,SMCI,Super Micro Computer,Compute,3.79,-0.05,3.84,Leader,2
2025-11-14,WDAY,Workday,Application,3.28,-0.05,3.33,Leader,3
2025-11-14,ZS,Zscaler,Application,-2.97,-0.05,-2.91,Laggard,1
2025-11-14,ON,ON Semiconductor,Compute,-2.51,-0.05,-2.46,Laggard,2
2025-11-14,AKAM,Akamai Technologies,Platform,-1.69,-0.05,-1.64,Laggard,3
2025-11-13,META,Meta,Platform,0.14,-1.66,1.8,Leader,1
2025-11-13,CDNS,Cadence Design Systems,Compute,0.14,-1.66,1.8,Leader,2
2025-11-13,DUOL,Duolingo,Application,-0.02,-1.66,1.63,Leader,3
2025-11-13,SMCI,Super Micro Computer,Compute,-7.44,-1.66,-5.78,Laggard,1
2025-11-13,U,Unity Software,Application,-7.22,-1.66,-5.56,Laggard,2
2025-11-13,SHOP,Shopify,Application,-6.55,-1.66,-4.89,Laggard,3
2025-11-12,AMD,AMD,Compute,9.0,0.06,8.93,Leader,1
2025-11-12,HPE,Hewlett Packard Enterprise,Compute,2.58,0.06,2.51,Leader,2
2025-11-12,ON,ON Semiconductor,Compute,1.73,0.06,1.67,Leader,3
2025-11-12,ZS,Zscaler,Application,-4.29,0.06,-4.35,Laggard,1
2025-11-12,DUOL,Duolingo,Application,-4.26,0.06,-4.33,Laggard,2
2025-11-12,NET,Cloudflare,Platform,-3.95,0.06,-4.01,Laggard,3
2025-11-11,AKAM,Akamai Technologies,Platform,4.01,0.21,3.8,Leader,1
2025-11-11,CFLT,Confluent,Platform,3.91,0.21,3.7,Leader,2
2025-11-11,HUBS,HubSpot,Application,2.25,0.21,2.04,Leader,3
2025-11-11,MU,Micron,Compute,-4.81,0.21,-5.02,Laggard,1
2025-11-11,MRVL,Marvell Technology,Compute,-4.18,0.21,-4.39,Laggard,2
2025-11-11,HPE,Hewlett Packard Enterprise,Compute,-4.15,0.21,-4.35,Laggard,3
2025-11-10,PLTR,Palantir,Platform,8.81,1.54,7.27,Leader,1
2025-11-10,U,Unity Software,Application,7.74,1.54,6.2,Leader,2
2025-11-10,MU,Micron,Compute,6.46,1.54,4.92,Leader,3
2025-11-10,DUOL,Duolingo,Application,-4.18,1.54,-5.72,Laggard,1
2025-11-10,HUBS,HubSpot,Application,-3.02,1.54,-4.56,Laggard,2
2025-11-10,DELL,Dell Technologies,Compute,-2.73,1.54,-4.27,Laggard,3
2025-11-07,AKAM,Akamai Technologies,Platform,14.71,0.13,14.59,Leader,1
2025-11-07,ESTC,Elastic,Platform,3.97,0.13,3.85,Leader,2
2025-11-07,DUOL,Duolingo,Application,3.86,0.13,3.73,Leader,3
2025-11-07,MRVL,Marvell Technology,Compute,-2.58,0.13,-2.71,Laggard,1
2025-11-07,SHOP,Shopify,Application,-2.33,0.13,-2.46,Laggard,2
2025-11-07,GOOGL,Alphabet,Platform,-2.08,0.13,-2.21,Laggard,3
2025-11-06,DDOG,Datadog,Platform,23.13,-1.12,24.24,Leader,1
2025-11-06,IBM,IBM,Platform,1.84,-1.12,2.96,Leader,2
2025-11-06,MDB,MongoDB,Platform,1.58,-1.12,2.7,Leader,3
2025-11-06,DUOL,Duolingo,Application,-25.49,-1.12,-24.37,Laggard,1
2025-11-06,HUBS,HubSpot,Application,-15.01,-1.12,-13.89,Laggard,2
2025-11-06,AMD,AMD,Compute,-7.27,-1.12,-6.15,Laggard,3
2025-11-05,U,Unity Software,Application,18.09,0.37,17.73,Leader,1
2025-11-05,MU,Micron,Compute,8.93,0.37,8.56,Leader,2
2025-11-05,MRVL,Marvell Technology,Compute,6.06,0.37,5.7,Leader,3
2025-11-05,SMCI,Super Micro Computer,Compute,-11.33,0.37,-11.69,Laggard,1
2025-11-05,ANET,Arista Networks,Compute,-8.55,0.37,-8.92,Laggard,2
2025-11-05,TEAM,Atlassian,Platform,-2.15,0.37,-2.51,Laggard,3
2025-11-04,MSFT,Microsoft,Platform,-0.52,-1.17,0.65,Leader,1
2025-11-04,ADBE,Adobe,Application,-0.63,-1.17,0.55,Leader,2
2025-11-04,CDNS,Cadence Design Systems,Compute,-0.65,-1.17,0.52,Leader,3
2025-11-04,PATH,UiPath,Application,-10.08,-1.17,-8.91,Laggard,1
2025-11-04,GTLB,GitLab,Platform,-8.89,-1.17,-7.72,Laggard,2
2025-11-04,PLTR,Palantir,Platform,-7.94,-1.17,-6.76,Laggard,3
2025-11-03,MU,Micron,Compute,4.88,0.17,4.71,Leader,1
2025-11-03,GTLB,GitLab,Platform,4.7,0.17,4.53,Leader,2
2025-11-03,AMZN,Amazon,Platform,4.0,0.17,3.83,Leader,3
2025-11-03,MRVL,Marvell Technology,Compute,-3.6,0.17,-3.77,Laggard,1
2025-11-03,SMCI,Super Micro Computer,Compute,-2.33,0.17,-2.5,Laggard,2
2025-11-03,DUOL,Duolingo,Application,-2.11,0.17,-2.28,Laggard,3
2025-10-31,TWLO,Twilio,Platform,19.51,0.26,19.25,Leader,1
2025-10-31,NET,Cloudflare,Platform,13.84,0.26,13.58,Leader,2
2025-10-31,AMZN,Amazon,Platform,9.58,0.26,9.32,Leader,3
2025-10-31,META,Meta,Platform,-2.72,0.26,-2.98,Laggard,1
2025-10-31,AVGO,Broadcom,Compute,-1.82,0.26,-2.08,Laggard,2
2025-10-31,NOW,ServiceNow,Platform,-1.65,0.26,-1.91,Laggard,3
2025-10-30,GFS,GlobalFoundries,Compute,4.98,-0.99,5.97,Leader,1
2025-10-30,DOCU,DocuSign,Application,3.81,-0.99,4.8,Leader,2
2025-10-30,NOW,ServiceNow,Platform,2.52,-0.99,3.51,Leader,3
2025-10-30,META,Meta,Platform,-11.33,-0.99,-10.34,Laggard,1
2025-10-30,ORCL,Oracle,Platform,-6.69,-0.99,-5.7,Laggard,2
2025-10-30,SMCI,Super Micro Computer,Compute,-4.4,-0.99,-3.41,Laggard,3
2025-10-29,PLTR,Palantir,Platform,4.86,-0.0,4.86,Leader,1
2025-10-29,AVGO,Broadcom,Compute,3.49,-0.0,3.49,Leader,2
2025-10-29,ANET,Arista Networks,Compute,3.36,-0.0,3.36,Leader,3
2025-10-29,DUOL,Duolingo,Application,-7.19,-0.0,-7.18,Laggard,1
2025-10-29,ADBE,Adobe,Application,-6.13,-0.0,-6.12,Laggard,2
2025-10-29,ADSK,Autodesk,Application,-4.5,-0.0,-4.5,Laggard,3
2025-10-28,CFLT,Confluent,Platform,7.56,0.23,7.33,Leader,1
2025-10-28,INTC,Intel,Compute,5.03,0.23,4.8,Leader,2
2025-10-28,NVDA,NVIDIA,Compute,4.98,0.23,4.75,Leader,3
2025-10-28,PATH,UiPath,Application,-7.07,0.23,-7.3,Laggard,1
2025-10-28,U,Unity Software,Application,-5.85,0.23,-6.08,Laggard,2
2025-10-28,DUOL,Duolingo,Application,-4.19,0.23,-4.42,Laggard,3
2025-10-27,QCOM,Qualcomm,Compute,11.09,1.23,9.86,Leader,1
2025-10-27,SMCI,Super Micro Computer,Compute,6.79,1.23,5.56,Leader,2
2025-10-27,PATH,UiPath,Application,5.52,1.23,4.29,Leader,3
2025-10-27,CFLT,Confluent,Platform,-3.16,1.23,-4.39,Laggard,1
2025-10-27,DUOL,Duolingo,Application,-1.69,1.23,-2.92,Laggard,2
2025-10-27,WDAY,Workday,Application,-1.58,1.23,-2.81,Laggard,3
2025-10-24,IBM,IBM,Platform,7.88,0.79,7.09,Leader,1
2025-10-24,AMD,AMD,Compute,7.63,0.79,6.84,Leader,2
2025-10-24,PATH,UiPath,Application,6.74,0.79,5.95,Leader,3
2025-10-24,ON,ON Semiconductor,Compute,-2.07,0.79,-2.86,Laggard,1
2025-10-24,TEAM,Atlassian,Platform,-1.44,0.79,-2.23,Laggard,2
2025-10-24,HUBS,HubSpot,Application,-1.29,0.79,-2.08,Laggard,3
2025-10-23,SNOW,Snowflake,Platform,4.68,0.58,4.1,Leader,1
2025-10-23,CRWD,CrowdStrike,Application,4.37,0.58,3.79,Leader,2
2025-10-23,ANET,Arista Networks,Compute,4.21,0.58,3.63,Leader,3
2025-10-23,SMCI,Super Micro Computer,Compute,-8.72,0.58,-9.31,Laggard,1
2025-10-23,TEAM,Atlassian,Platform,-1.72,0.58,-2.3,Laggard,2
2025-10-23,IBM,IBM,Platform,-0.87,0.58,-1.46,Laggard,3
2025-10-22,IBM,IBM,Platform,1.94,-0.53,2.47,Leader,1
2025-10-22,MSFT,Microsoft,Platform,0.56,-0.53,1.09,Leader,2
2025-10-22,GOOGL,Alphabet,Platform,0.49,-0.53,1.02,Leader,3
2025-10-22,PATH,UiPath,Application,-7.68,-0.53,-7.14,Laggard,1
2025-10-22,ON,ON Semiconductor,Compute,-5.72,-0.53,-5.19,Laggard,2
2025-10-22,SMCI,Super Micro Computer,Compute,-4.23,-0.53,-3.7,Laggard,3
2025-10-21,TEAM,Atlassian,Platform,6.25,0.0,6.24,Leader,1
2025-10-21,HUBS,HubSpot,Application,5.85,0.0,5.85,Leader,2
2025-10-21,GTLB,GitLab,Platform,5.12,0.0,5.11,Leader,3
2025-10-21,GOOGL,Alphabet,Platform,-2.37,0.0,-2.38,Laggard,1
2025-10-21,MU,Micron,Compute,-2.17,0.0,-2.17,Laggard,2
2025-10-21,AVGO,Broadcom,Compute,-1.88,0.0,-1.89,Laggard,3
2025-10-20,SMCI,Super Micro Computer,Compute,5.48,1.07,4.41,Leader,1
2025-10-20,CRM,Salesforce,Application,4.61,1.07,3.54,Leader,2
2025-10-20,ON,ON Semiconductor,Compute,4.49,1.07,3.43,Leader,3
2025-10-20,ORCL,Oracle,Platform,-4.85,1.07,-5.92,Laggard,1
2025-10-20,DUOL,Duolingo,Application,-3.48,1.07,-4.55,Laggard,2
2025-10-20,MRVL,Marvell Technology,Compute,-2.4,1.07,-3.47,Laggard,3
2025-10-17,WDAY,Workday,Application,2.92,0.53,2.39,Leader,1
2025-10-17,INTU,Intuit,Application,2.23,0.53,1.7,Leader,2
2025-10-17,HPE,Hewlett Packard Enterprise,Compute,2.04,0.53,1.52,Leader,3
2025-10-17,ORCL,Oracle,Platform,-6.93,0.53,-7.46,Laggard,1
2025-10-17,GTLB,GitLab,Platform,-6.13,0.53,-6.66,Laggard,2
2025-10-17,SMCI,Super Micro Computer,Compute,-3.08,0.53,-3.61,Laggard,3
2025-10-16,GTLB,GitLab,Platform,10.6,-0.63,11.23,Leader,1
2025-10-16,MU,Micron,Compute,5.52,-0.63,6.15,Leader,2
2025-10-16,ON,ON Semiconductor,Compute,5.18,-0.63,5.81,Leader,3
2025-10-16,HPE,Hewlett Packard Enterprise,Compute,-10.14,-0.63,-9.51,Laggard,1
2025-10-16,U,Unity Software,Application,-7.19,-0.63,-6.56,Laggard,2
2025-10-16,DDOG,Datadog,Platform,-5.53,-0.63,-4.9,Laggard,3
2025-10-15,AMD,AMD,Compute,9.4,0.4,9.0,Leader,1
2025-10-15,INTC,Intel,Compute,4.27,0.4,3.86,Leader,2
2025-10-15,DELL,Dell Technologies,Compute,3.31,0.4,2.91,Leader,3
2025-10-15,TEAM,Atlassian,Platform,-4.18,0.4,-4.58,Laggard,1
2025-10-15,GTLB,GitLab,Platform,-2.49,0.4,-2.89,Laggard,2
2025-10-15,HUBS,HubSpot,Application,-2.44,0.4,-2.84,Laggard,3
2025-10-14,TEAM,Atlassian,Platform,4.67,-0.16,4.83,Leader,1
2025-10-14,GFS,GlobalFoundries,Compute,2.15,-0.16,2.31,Leader,2
2025-10-14,HUBS,HubSpot,Application,1.49,-0.16,1.65,Leader,3
2025-10-14,ANET,Arista Networks,Compute,-5.87,-0.16,-5.72,Laggard,1
2025-10-14,NVDA,NVIDIA,Compute,-4.4,-0.16,-4.25,Laggard,2
2025-10-14,INTC,Intel,Compute,-4.27,-0.16,-4.12,Laggard,3
2025-10-13,AVGO,Broadcom,Compute,9.88,1.56,8.32,Leader,1
2025-10-13,ON,ON Semiconductor,Compute,9.55,1.56,7.99,Leader,2
2025-10-13,TSM,TSMC,Compute,7.92,1.56,6.36,Leader,3
2025-10-13,ANET,Arista Networks,Compute,-4.32,1.56,-5.88,Laggard,1
2025-10-13,ESTC,Elastic,Platform,-2.04,1.56,-3.6,Laggard,2
2025-10-13,ZM,Zoom,Application,-1.38,1.56,-2.94,Laggard,3
2025-10-10,ESTC,Elastic,Platform,6.05,-2.71,8.76,Leader,1
2025-10-10,INTU,Intuit,Application,-0.49,-2.71,2.23,Leader,2
2025-10-10,ORCL,Oracle,Platform,-1.35,-2.71,1.36,Leader,3
2025-10-10,SNPS,Synopsys,Compute,-9.39,-2.71,-6.68,Laggard,1
2025-10-10,SMCI,Super Micro Computer,Compute,-8.83,-2.71,-6.12,Laggard,2
2025-10-10,ON,ON Semiconductor,Compute,-8.47,-2.71,-5.75,Laggard,3
2025-10-09,PATH,UiPath,Application,18.81,-0.28,19.08,Leader,1
2025-10-09,CFLT,Confluent,Platform,7.98,-0.28,8.26,Leader,2
2025-10-09,U,Unity Software,Application,6.51,-0.28,6.78,Leader,3
2025-10-09,DELL,Dell Technologies,Compute,-5.21,-0.28,-4.94,Laggard,1
2025-10-09,DUOL,Duolingo,Application,-2.9,-0.28,-2.63,Laggard,2
2025-10-09,MU,Micron,Compute,-2.14,-0.28,-1.87,Laggard,3
2025-10-08,AMD,AMD,Compute,11.37,0.58,10.79,Leader,1
2025-10-08,DELL,Dell Technologies,Compute,9.05,0.58,8.47,Leader,2
2025-10-08,DUOL,Duolingo,Application,8.53,0.58,7.95,Leader,3
2025-10-08,IBM,IBM,Platform,-1.5,0.58,-2.08,Laggard,1
2025-10-08,ASML,ASML,Compute,-1.45,0.58,-2.03,Laggard,2
2025-10-08,ADSK,Autodesk,Application,-0.88,0.58,-1.47,Laggard,3
2025-10-07,AMD,AMD,Compute,3.83,-0.38,4.21,Leader,1
2025-10-07,DELL,Dell Technologies,Compute,3.51,-0.38,3.89,Leader,2
2025-10-07,PATH,UiPath,Application,2.07,-0.38,2.45,Leader,3
2025-10-07,ESTC,Elastic,Platform,-4.33,-0.38,-3.95,Laggard,1
2025-10-07,ON,ON Semiconductor,Compute,-4.33,-0.38,-3.95,Laggard,2
2025-10-07,ZS,Zscaler,Application,-4.09,-0.38,-3.71,Laggard,3
2025-10-06,AMD,AMD,Compute,23.71,0.36,23.34,Leader,1
2025-10-06,PATH,UiPath,Application,12.56,0.36,12.19,Leader,2
2025-10-06,TWLO,Twilio,Platform,6.57,0.36,6.2,Leader,3
2025-10-06,ESTC,Elastic,Platform,-1.8,0.36,-2.16,Laggard,1
2025-10-06,INTU,Intuit,Application,-1.45,0.36,-1.81,Laggard,2
2025-10-06,NVDA,NVIDIA,Compute,-1.11,0.36,-1.47,Laggard,3
2025-10-03,SHOP,Shopify,Application,6.5,0.01,6.5,Leader,1
2025-10-03,DUOL,Duolingo,Application,3.08,0.01,3.07,Leader,2
2025-10-03,DOCU,DocuSign,Application,2.39,0.01,2.39,Leader,3
2025-10-03,PLTR,Palantir,Platform,-7.47,0.01,-7.48,Laggard,1
2025-10-03,DELL,Dell Technologies,Compute,-4.5,0.01,-4.51,Laggard,2
2025-10-03,NET,Cloudflare,Platform,-3.51,0.01,-3.52,Laggard,3
2025-10-02,GTLB,GitLab,Platform,5.4,0.06,5.33,Leader,1
2025-10-02,SNOW,Snowflake,Platform,4.33,0.06,4.27,Leader,2
2025-10-02,CFLT,Confluent,Platform,4.06,0.06,3.99,Leader,3
2025-10-02,SNPS,Synopsys,Compute,-3.61,0.06,-3.67,Laggard,1
2025-10-02,ANET,Arista Networks,Compute,-3.22,0.06,-3.28,Laggard,2
2025-10-02,PATH,UiPath,Application,-1.85,0.06,-1.91,Laggard,3
2025-10-01,SMCI,Super Micro Computer,Compute,9.28,0.34,8.94,Leader,1
2025-10-01,MU,Micron,Compute,8.86,0.34,8.52,Leader,2
2025-10-01,DDOG,Datadog,Platform,7.23,0.34,6.89,Leader,3
2025-10-01,TEAM,Atlassian,Platform,-6.34,0.34,-6.68,Laggard,1
2025-10-01,HUBS,HubSpot,Application,-5.89,0.34,-6.23,Laggard,2
2025-10-01,DUOL,Duolingo,Application,-5.63,0.34,-5.97,Laggard,3
2025-09-30,PATH,UiPath,Application,6.53,0.41,6.12,Leader,1
2025-09-30,DELL,Dell Technologies,Compute,5.88,0.41,5.47,Leader,2
2025-09-30,SMCI,Super Micro Computer,Compute,3.41,0.41,3.0,Leader,3
2025-09-30,DOCU,DocuSign,Application,-12.24,0.41,-12.64,Laggard,1
2025-09-30,HUBS,HubSpot,Application,-10.02,0.41,-10.43,Laggard,2
2025-09-30,U,Unity Software,Application,-6.75,0.41,-7.16,Laggard,3
2025-09-29,SHOP,Shopify,Application,6.24,0.26,5.98,Leader,1
2025-09-29,DDOG,Datadog,Platform,4.45,0.26,4.19,Leader,2
2025-09-29,MU,Micron,Compute,4.22,0.26,3.95,Leader,3
2025-09-29,INTC,Intel,Compute,-2.87,0.26,-3.14,Laggard,1
2025-09-29,QCOM,Qualcomm,Compute,-2.3,0.26,-2.57,Laggard,2
2025-09-29,AVGO,Broadcom,Compute,-1.98,0.26,-2.25,Laggard,3
2025-09-26,GFS,GlobalFoundries,Compute,8.37,0.59,7.78,Leader,1
2025-09-26,INTC,Intel,Compute,4.44,0.59,3.85,Leader,2
2025-09-26,DUOL,Duolingo,Application,4.11,0.59,3.52,Leader,3
2025-09-26,ORCL,Oracle,Platform,-2.7,0.59,-3.29,Laggard,1
2025-09-26,SHOP,Shopify,Application,-2.23,0.59,-2.82,Laggard,2
2025-09-26,TSM,TSMC,Compute,-1.19,0.59,-1.78,Laggard,3
2025-09-25,INTC,Intel,Compute,8.87,-0.5,9.37,Leader,1
2025-09-25,IBM,IBM,Platform,5.2,-0.5,5.7,Leader,2
2025-09-25,MRVL,Marvell Technology,Compute,4.64,-0.5,5.15,Leader,3
2025-09-25,ORCL,Oracle,Platform,-5.55,-0.5,-5.05,Laggard,1
2025-09-25,U,Unity Software,Application,-5.26,-0.5,-4.76,Laggard,2
2025-09-25,SHOP,Shopify,Application,-3.61,-0.5,-3.11,Laggard,3
2025-09-24,MRVL,Marvell Technology,Compute,7.33,-0.28,7.62,Leader,1
2025-09-24,INTC,Intel,Compute,6.41,-0.28,6.69,Leader,2
2025-09-24,QCOM,Qualcomm,Compute,2.37,-0.28,2.66,Leader,3
2025-09-24,SNPS,Synopsys,Compute,-4.53,-0.28,-4.25,Laggard,1
2025-09-24,GTLB,GitLab,Platform,-3.3,-0.28,-3.01,Laggard,2
2025-09-24,MU,Micron,Compute,-2.82,-0.28,-2.54,Laggard,3
2025-09-23,TSM,TSMC,Compute,3.7,-0.55,4.25,Leader,1
2025-09-23,INTC,Intel,Compute,2.02,-0.55,2.57,Leader,2
2025-09-23,PLTR,Palantir,Platform,1.8,-0.55,2.35,Leader,3
2025-09-23,SNPS,Synopsys,Compute,-4.75,-0.55,-4.2,Laggard,1
2025-09-23,PATH,UiPath,Application,-4.64,-0.55,-4.09,Laggard,2
2025-09-23,SHOP,Shopify,Application,-4.57,-0.55,-4.02,Laggard,3
2025-09-22,PATH,UiPath,Application,10.7,0.44,10.26,Leader,1
2025-09-22,DUOL,Duolingo,Application,6.34,0.44,5.9,Leader,2
2025-09-22,ORCL,Oracle,Platform,6.31,0.44,5.87,Leader,3
2025-09-22,ANET,Arista Networks,Compute,-2.81,0.44,-3.25,Laggard,1
2025-09-22,INTC,Intel,Compute,-2.77,0.44,-3.21,Laggard,2
2025-09-22,CRWD,CrowdStrike,Application,-1.87,0.44,-2.31,Laggard,3
2025-09-19,ORCL,Oracle,Platform,4.06,0.49,3.57,Leader,1
2025-09-19,SNOW,Snowflake,Platform,3.77,0.49,3.28,Leader,2
2025-09-19,SNPS,Synopsys,Compute,3.21,0.49,2.72,Leader,3
2025-09-19,MU,Micron,Compute,-3.65,0.49,-4.14,Laggard,1
2025-09-19,INTC,Intel,Compute,-3.24,0.49,-3.73,Laggard,2
2025-09-19,ZM,Zoom,Application,-3.07,0.49,-3.56,Laggard,3
2025-09-18,INTC,Intel,Compute,22.77,0.48,22.29,Leader,1
2025-09-18,SNPS,Synopsys,Compute,12.86,0.48,12.38,Leader,2
2025-09-18,CRWD,CrowdStrike,Application,12.82,0.48,12.34,Leader,3
2025-09-18,ORCL,Oracle,Platform,-1.59,0.48,-2.07,Laggard,1
2025-09-18,TEAM,Atlassian,Platform,-1.52,0.48,-2.0,Laggard,2
2025-09-18,AMD,AMD,Compute,-0.78,0.48,-1.26,Laggard,3
2025-09-17,WDAY,Workday,Application,7.25,-0.1,7.34,Leader,1
2025-09-17,DOCU,DocuSign,Application,3.44,-0.1,3.54,Leader,2
2025-09-17,MRVL,Marvell Technology,Compute,3.08,-0.1,3.18,Leader,3
2025-09-17,AVGO,Broadcom,Compute,-3.84,-0.1,-3.74,Laggard,1
2025-09-17,MDB,MongoDB,Platform,-3.66,-0.1,-3.57,Laggard,2
2025-09-17,NVDA,NVIDIA,Compute,-2.62,-0.1,-2.53,Laggard,3
2025-09-16,ON,ON Semiconductor,Compute,3.01,-0.13,3.14,Leader,1
2025-09-16,MRVL,Marvell Technology,Compute,2.12,-0.13,2.25,Leader,2
2025-09-16,INTC,Intel,Compute,2.02,-0.13,2.15,Leader,3
2025-09-16,SNOW,Snowflake,Platform,-4.36,-0.13,-4.23,Laggard,1
2025-09-16,NET,Cloudflare,Platform,-3.0,-0.13,-2.87,Laggard,2
2025-09-16,DDOG,Datadog,Platform,-2.93,-0.13,-2.8,Laggard,3
2025-09-15,U,Unity Software,Application,6.84,0.47,6.37,Leader,1
2025-09-15,ASML,ASML,Compute,6.56,0.47,6.09,Leader,2
2025-09-15,GOOGL,Alphabet,Platform,4.49,0.47,4.02,Leader,3
2025-09-15,DUOL,Duolingo,Application,-7.4,0.47,-7.88,Laggard,1
2025-09-15,SNPS,Synopsys,Compute,-1.47,0.47,-1.94,Laggard,2
2025-09-15,ADBE,Adobe,Application,-0.65,0.47,-1.12,Laggard,3
2025-09-12,MU,Micron,Compute,4.42,-0.05,4.47,Leader,1
2025-09-12,PLTR,Palantir,Platform,4.3,-0.05,4.35,Leader,2
2025-09-12,SMCI,Super Micro Computer,Compute,2.39,-0.05,2.44,Leader,3
2025-09-12,ANET,Arista Networks,Compute,-8.92,-0.05,-8.87,Laggard,1
2025-09-12,ORCL,Oracle,Platform,-5.09,-0.05,-5.04,Laggard,2
2025-09-12,CDNS,Cadence Design Systems,Compute,-3.16,-0.05,-3.11,Laggard,3
2025-09-11,SNPS,Synopsys,Compute,12.98,0.85,12.13,Leader,1
2025-09-11,DUOL,Duolingo,Application,8.19,0.85,7.35,Leader,2
2025-09-11,MU,Micron,Compute,7.55,0.85,6.7,Leader,3
2025-09-11,ORCL,Oracle,Platform,-6.23,0.85,-7.08,Laggard,1
2025-09-11,CFLT,Confluent,Platform,-2.8,0.85,-3.65,Laggard,2
2025-09-11,AVGO,Broadcom,Compute,-2.69,0.85,-3.54,Laggard,3
2025-09-10,ORCL,Oracle,Platform,35.95,0.3,35.65,Leader,1
2025-09-10,AVGO,Broadcom,Compute,9.77,0.3,9.47,Leader,2
2025-09-10,ANET,Arista Networks,Compute,6.21,0.3,5.91,Leader,3
2025-09-10,SNPS,Synopsys,Compute,-35.84,0.3,-36.14,Laggard,1
2025-09-10,CDNS,Cadence Design Systems,Compute,-6.42,0.3,-6.72,Laggard,2
2025-09-10,U,Unity Software,Application,-5.27,0.3,-5.57,Laggard,3
2025-09-09,SMCI,Super Micro Computer,Compute,7.19,0.27,6.92,Leader,1
2025-09-09,TEAM,Atlassian,Platform,5.59,0.27,5.32,Leader,2
2025-09-09,PLTR,Palantir,Platform,4.01,0.27,3.74,Leader,3
2025-09-09,AVGO,Broadcom,Compute,-2.6,0.27,-2.87,Laggard,1
2025-09-09,GFS,GlobalFoundries,Compute,-2.37,0.27,-2.64,Laggard,2
2025-09-09,DOCU,DocuSign,Application,-2.36,0.27,-2.63,Laggard,3
2025-09-08,ESTC,Elastic,Platform,6.45,0.21,6.24,Leader,1
2025-09-08,GTLB,GitLab,Platform,4.72,0.21,4.51,Leader,2
2025-09-08,CFLT,Confluent,Platform,4.65,0.21,4.44,Leader,3
2025-09-08,ANET,Arista Networks,Compute,-1.99,0.21,-2.2,Laggard,1
2025-09-08,DELL,Dell Technologies,Compute,-1.47,0.21,-1.68,Laggard,2
2025-09-08,GFS,GlobalFoundries,Compute,-1.08,0.21,-1.29,Laggard,3
2025-09-05,AVGO,Broadcom,Compute,9.41,-0.32,9.72,Leader,1
2025-09-05,U,Unity Software,Application,9.06,-0.32,9.38,Leader,2
2025-09-05,PATH,UiPath,Application,5.9,-0.32,6.22,Leader,3
2025-09-05,AMD,AMD,Compute,-6.58,-0.32,-6.27,Laggard,1
2025-09-05,NVDA,NVIDIA,Compute,-2.7,-0.32,-2.39,Laggard,2
2025-09-05,MSFT,Microsoft,Platform,-2.55,-0.32,-2.24,Laggard,3
2025-09-04,MU,Micron,Compute,4.62,0.83,3.79,Leader,1
2025-09-04,AMZN,Amazon,Platform,4.29,0.83,3.45,Leader,2
2025-09-04,SHOP,Shopify,Application,3.52,0.83,2.68,Leader,3
2025-09-04,GTLB,GitLab,Platform,-7.35,0.83,-8.19,Laggard,1
2025-09-04,CRM,Salesforce,Application,-4.85,0.83,-5.69,Laggard,2
2025-09-04,CFLT,Confluent,Platform,-3.54,0.83,-4.37,Laggard,3
2025-09-03,GOOGL,Alphabet,Platform,9.14,0.51,8.63,Leader,1
2025-09-03,DELL,Dell Technologies,Compute,2.53,0.51,2.02,Leader,2
2025-09-03,DOCU,DocuSign,Application,2.47,0.51,1.96,Leader,3
2025-09-03,MRVL,Marvell Technology,Compute,-3.54,0.51,-4.05,Laggard,1
2025-09-03,DUOL,Duolingo,Application,-2.57,0.51,-3.08,Laggard,2
2025-09-03,ON,ON Semiconductor,Compute,-2.35,0.51,-2.86,Laggard,3
2025-09-02,MRVL,Marvell Technology,Compute,2.75,-0.69,3.44,Leader,1
2025-09-02,ADSK,Autodesk,Application,1.42,-0.69,2.11,Leader,2
2025-09-02,MDB,MongoDB,Platform,0.85,-0.69,1.54,Leader,3
2025-09-02,OKTA,Okta,Platform,-3.52,-0.69,-2.83,Laggard,1
2025-09-02,CFLT,Confluent,Platform,-3.42,-0.69,-2.73,Laggard,2
2025-09-02,DOCU,DocuSign,Application,-3.38,-0.69,-2.69,Laggard,3
2025-08-29,ADSK,Autodesk,Application,9.09,-0.64,9.73,Leader,1
2025-08-29,DOCU,DocuSign,Application,1.52,-0.64,2.16,Leader,2
2025-08-29,HUBS,HubSpot,Application,1.43,-0.64,2.07,Leader,3
2025-08-29,MRVL,Marvell Technology,Compute,-18.59,-0.64,-17.95,Laggard,1
2025-08-29,DELL,Dell Technologies,Compute,-8.88,-0.64,-8.24,Laggard,2
2025-08-29,DUOL,Duolingo,Application,-7.72,-0.64,-7.08,Laggard,3
2025-08-28,SNOW,Snowflake,Platform,20.27,0.32,19.95,Leader,1
2025-08-28,MDB,MongoDB,Platform,7.58,0.32,7.26,Leader,2
2025-08-28,DDOG,Datadog,Platform,7.01,0.32,6.69,Leader,3
2025-08-28,SMCI,Super Micro Computer,Compute,-1.76,0.32,-2.08,Laggard,1
2025-08-28,GFS,GlobalFoundries,Compute,-1.15,0.32,-1.46,Laggard,2
2025-08-28,ON,ON Semiconductor,Compute,-0.92,0.32,-1.23,Laggard,3
2025-08-27,MDB,MongoDB,Platform,37.96,0.24,37.72,Leader,1
2025-08-27,GTLB,GitLab,Platform,7.97,0.24,7.73,Leader,2
2025-08-27,ESTC,Elastic,Platform,7.37,0.24,7.13,Leader,3
2025-08-27,PLTR,Palantir,Platform,-2.58,0.24,-2.82,Laggard,1
2025-08-27,META,Meta,Platform,-0.89,0.24,-1.13,Laggard,2
2025-08-27,ANET,Arista Networks,Compute,-0.74,0.24,-0.98,Laggard,3
2025-08-26,PLTR,Palantir,Platform,2.35,0.41,1.94,Leader,1
2025-08-26,AMD,AMD,Compute,2.0,0.41,1.58,Leader,2
2025-08-26,MRVL,Marvell Technology,Compute,1.8,0.41,1.38,Leader,3
2025-08-26,GTLB,GitLab,Platform,-3.23,0.41,-3.64,Laggard,1
2025-08-26,ZM,Zoom,Application,-3.12,0.41,-3.54,Laggard,2
2025-08-26,TEAM,Atlassian,Platform,-2.62,0.41,-3.03,Laggard,3
2025-08-25,U,Unity Software,Application,1.71,-0.43,2.14,Leader,1
2025-08-25,GOOGL,Alphabet,Platform,1.16,-0.43,1.59,Leader,2
2025-08-25,TSM,TSMC,Compute,1.12,-0.43,1.54,Leader,3
2025-08-25,DUOL,Duolingo,Application,-3.14,-0.43,-2.72,Laggard,1
2025-08-25,AMD,AMD,Compute,-2.62,-0.43,-2.2,Laggard,2
2025-08-25,DDOG,Datadog,Platform,-2.16,-0.43,-1.74,Laggard,3
2025-08-22,ZM,Zoom,Application,12.71,1.52,11.19,Leader,1
2025-08-22,U,Unity Software,Application,7.94,1.52,6.42,Leader,2
2025-08-22,ON,ON Semiconductor,Compute,6.23,1.52,4.71,Leader,3
2025-08-22,INTU,Intuit,Application,-5.03,1.52,-6.55,Laggard,1
2025-08-22,DUOL,Duolingo,Application,-3.95,1.52,-5.47,Laggard,2
2025-08-22,WDAY,Workday,Application,-2.77,1.52,-4.29,Laggard,3
2025-08-21,HPE,Hewlett Packard Enterprise,Compute,3.71,-0.4,4.11,Leader,1
2025-08-21,DUOL,Duolingo,Application,1.96,-0.4,2.36,Leader,2
2025-08-21,ZM,Zoom,Application,1.4,-0.4,1.8,Leader,3
2025-08-21,ASML,ASML,Compute,-1.88,-0.4,-1.48,Laggard,1
2025-08-21,NOW,ServiceNow,Platform,-1.49,-0.4,-1.09,Laggard,2
2025-08-21,OKTA,Okta,Platform,-1.37,-0.4,-0.97,Laggard,3
2025-08-20,HUBS,HubSpot,Application,2.38,-0.24,2.62,Leader,1
2025-08-20,SNOW,Snowflake,Platform,1.13,-0.24,1.37,Leader,2
2025-08-20,ASML,ASML,Compute,0.79,-0.24,1.03,Leader,3
2025-08-20,INTC,Intel,Compute,-6.99,-0.24,-6.75,Laggard,1
2025-08-20,DELL,Dell Technologies,Compute,-4.97,-0.24,-4.73,Laggard,2
2025-08-20,MU,Micron,Compute,-3.97,-0.24,-3.72,Laggard,3
2025-08-19,INTC,Intel,Compute,6.97,-0.59,7.56,Leader,1
2025-08-19,AKAM,Akamai Technologies,Platform,1.61,-0.59,2.19,Leader,2
2025-08-19,ADBE,Adobe,Application,1.06,-0.59,1.65,Leader,3
2025-08-19,PLTR,Palantir,Platform,-9.35,-0.59,-8.77,Laggard,1
2025-08-19,DUOL,Duolingo,Application,-7.73,-0.59,-7.14,Laggard,2
2025-08-19,MRVL,Marvell Technology,Compute,-6.09,-0.59,-5.5,Laggard,3
2025-08-18,DUOL,Duolingo,Application,12.93,-0.01,12.94,Leader,1
2025-08-18,MDB,MongoDB,Platform,4.03,-0.01,4.04,Leader,2
2025-08-18,NOW,ServiceNow,Platform,2.86,-0.01,2.87,Leader,3
2025-08-18,INTC,Intel,Compute,-3.66,-0.01,-3.65,Laggard,1
2025-08-18,META,Meta,Platform,-2.27,-0.01,-2.26,Laggard,2
2025-08-18,PLTR,Palantir,Platform,-1.77,-0.01,-1.76,Laggard,3
2025-08-15,GTLB,GitLab,Platform,8.13,-0.29,8.42,Leader,1
2025-08-15,MDB,MongoDB,Platform,6.8,-0.29,7.09,Leader,2
2025-08-15,TWLO,Twilio,Platform,4.79,-0.29,5.08,Leader,3
2025-08-15,MRVL,Marvell Technology,Compute,-3.61,-0.29,-3.32,Laggard,1
2025-08-15,MU,Micron,Compute,-3.53,-0.29,-3.24,Laggard,2
2025-08-15,PLTR,Palantir,Platform,-2.13,-0.29,-1.84,Laggard,3
2025-08-14,INTC,Intel,Compute,7.38,0.03,7.35,Leader,1
2025-08-14,CFLT,Confluent,Platform,3.24,0.03,3.21,Leader,2
2025-08-14,AMZN,Amazon,Platform,2.86,0.03,2.83,Leader,3
2025-08-14,SHOP,Shopify,Application,-3.88,0.03,-3.91,Laggard,1
2025-08-14,DDOG,Datadog,Platform,-3.26,0.03,-3.29,Laggard,2
2025-08-14,OKTA,Okta,Platform,-2.6,0.03,-2.64,Laggard,3
2025-08-13,TWLO,Twilio,Platform,6.8,0.32,6.48,Leader,1
2025-08-13,GTLB,GitLab,Platform,5.81,0.32,5.49,Leader,2
2025-08-13,AMD,AMD,Compute,5.41,0.32,5.09,Leader,3
2025-08-13,ORCL,Oracle,Platform,-3.81,0.32,-4.14,Laggard,1
2025-08-13,MU,Micron,Compute,-2.72,0.32,-3.05,Laggard,2
2025-08-13,ANET,Arista Networks,Compute,-2.29,0.32,-2.62,Laggard,3
2025-08-12,U,Unity Software,Application,12.35,1.13,11.22,Leader,1
2025-08-12,ON,ON Semiconductor,Compute,6.18,1.13,5.04,Leader,2
2025-08-12,INTC,Intel,Compute,5.62,1.13,4.48,Leader,3
2025-08-12,DUOL,Duolingo,Application,-5.19,1.13,-6.32,Laggard,1
2025-08-12,TEAM,Atlassian,Platform,-0.8,1.13,-1.94,Laggard,2
2025-08-12,IBM,IBM,Platform,-0.65,1.13,-1.78,Laggard,3
2025-08-11,MU,Micron,Compute,4.06,-0.25,4.31,Leader,1
2025-08-11,INTC,Intel,Compute,3.51,-0.25,3.76,Leader,2
2025-08-11,SMCI,Super Micro Computer,Compute,1.35,-0.25,1.6,Leader,3
2025-08-11,DUOL,Duolingo,Application,-8.03,-0.25,-7.78,Laggard,1
2025-08-11,HUBS,HubSpot,Application,-6.43,-0.25,-6.18,Laggard,2
2025-08-11,TWLO,Twilio,Platform,-6.31,-0.25,-6.06,Laggard,3
2025-08-08,MU,Micron,Compute,6.28,0.78,5.5,Leader,1
2025-08-08,DELL,Dell Technologies,Compute,2.75,0.78,1.97,Leader,2
2025-08-08,PLTR,Palantir,Platform,2.61,0.78,1.83,Leader,3
2025-08-08,TWLO,Twilio,Platform,-19.38,0.78,-20.16,Laggard,1
2025-08-08,MDB,MongoDB,Platform,-8.2,0.78,-8.98,Laggard,2
2025-08-08,SNOW,Snowflake,Platform,-7.11,0.78,-7.89,Laggard,3
2025-08-07,DUOL,Duolingo,Application,13.75,-0.08,13.82,Leader,1
2025-08-07,AMD,AMD,Compute,5.69,-0.08,5.77,Leader,2
2025-08-07,U,Unity Software,Application,5.17,-0.08,5.25,Leader,3
2025-08-07,TEAM,Atlassian,Platform,-7.82,-0.08,-7.74,Laggard,1
2025-08-07,HUBS,HubSpot,Application,-6.24,-0.08,-6.16,Laggard,2
2025-08-07,DOCU,DocuSign,Application,-6.2,-0.08,-6.12,Laggard,3
2025-08-06,SHOP,Shopify,Application,21.97,0.73,21.24,Leader,1
2025-08-06,ANET,Arista Networks,Compute,17.49,0.73,16.76,Leader,2
2025-08-06,TWLO,Twilio,Platform,4.47,0.73,3.74,Leader,3
2025-08-06,SMCI,Super Micro Computer,Compute,-18.29,0.73,-19.01,Laggard,1
2025-08-06,AMD,AMD,Compute,-6.42,0.73,-7.15,Laggard,2
2025-08-06,U,Unity Software,Application,-5.95,0.73,-6.68,Laggard,3
2025-08-05,PLTR,Palantir,Platform,7.85,-0.49,8.33,Leader,1
2025-08-05,INTC,Intel,Compute,3.54,-0.49,4.02,Leader,2
2025-08-05,SHOP,Shopify,Application,1.43,-0.49,1.92,Leader,3
2025-08-05,GFS,GlobalFoundries,Compute,-9.34,-0.49,-8.86,Laggard,1
2025-08-05,DDOG,Datadog,Platform,-4.45,-0.49,-3.96,Laggard,2
2025-08-05,DUOL,Duolingo,Application,-3.42,-0.49,-2.93,Laggard,3
2025-08-04,U,Unity Software,Application,6.85,1.47,5.38,Leader,1
2025-08-04,SHOP,Shopify,Application,5.57,1.47,4.1,Leader,2
2025-08-04,GTLB,GitLab,Platform,5.57,1.47,4.1,Leader,3
2025-08-04,ON,ON Semiconductor,Compute,-15.58,1.47,-17.05,Laggard,1
2025-08-04,ADBE,Adobe,Application,-2.57,1.47,-4.05,Laggard,2
2025-08-04,AMZN,Amazon,Platform,-1.44,1.47,-2.92,Laggard,3
2025-08-01,QCOM,Qualcomm,Compute,0.97,-1.6,2.57,Leader,1
2025-08-01,ON,ON Semiconductor,Compute,0.82,-1.6,2.42,Leader,2
2025-08-01,ASML,ASML,Compute,-0.7,-1.6,0.9,Leader,3
2025-08-01,AMZN,Amazon,Platform,-8.27,-1.6,-6.67,Laggard,1
2025-08-01,SNOW,Snowflake,Platform,-8.27,-1.6,-6.67,Laggard,2
2025-08-01,MRVL,Marvell Technology,Compute,-7.37,-1.6,-5.77,Laggard,3
2025-07-31,META,Meta,Platform,11.25,-0.37,11.62,Leader,1
2025-07-31,MSFT,Microsoft,Platform,3.95,-0.37,4.32,Leader,2
2025-07-31,NET,Cloudflare,Platform,3.4,-0.37,3.77,Leader,3
2025-07-31,CFLT,Confluent,Platform,-32.86,-0.37,-32.49,Laggard,1
2025-07-31,QCOM,Qualcomm,Compute,-7.73,-0.37,-7.36,Laggard,2
2025-07-31,DDOG,Datadog,Platform,-5.98,-0.37,-5.61,Laggard,3
2025-07-30,MRVL,Marvell Technology,Compute,7.07,-0.12,7.2,Leader,1
2025-07-30,SMCI,Super Micro Computer,Compute,3.55,-0.12,3.67,Leader,2
2025-07-30,ANET,Arista Networks,Compute,2.93,-0.12,3.05,Leader,3
2025-07-30,DOCU,DocuSign,Application,-2.4,-0.12,-2.28,Laggard,1
2025-07-30,GFS,GlobalFoundries,Compute,-2.23,-0.12,-2.11,Laggard,2
2025-07-30,GTLB,GitLab,Platform,-2.16,-0.12,-2.04,Laggard,3
2025-07-29,CDNS,Cadence Design Systems,Compute,9.74,-0.3,10.03,Leader,1
2025-07-29,SNPS,Synopsys,Compute,7.29,-0.3,7.58,Leader,2
2025-07-29,AMD,AMD,Compute,2.18,-0.3,2.47,Leader,3
2025-07-29,U,Unity Software,Application,-2.84,-0.3,-2.54,Laggard,1
2025-07-29,META,Meta,Platform,-2.46,-0.3,-2.16,Laggard,2
2025-07-29,GTLB,GitLab,Platform,-2.46,-0.3,-2.16,Laggard,3
2025-07-28,SMCI,Super Micro Computer,Compute,10.24,0.02,10.23,Leader,1
2025-07-28,AMD,AMD,Compute,4.32,0.02,4.3,Leader,2
2025-07-28,ON,ON Semiconductor,Compute,3.06,0.02,3.04,Leader,3
2025-07-28,DUOL,Duolingo,Application,-6.48,0.02,-6.5,Laggard,1
2025-07-28,OKTA,Okta,Platform,-3.22,0.02,-3.24,Laggard,2
2025-07-28,WDAY,Workday,Application,-1.53,0.02,-1.55,Laggard,3
2025-07-25,SMCI,Super Micro Computer,Compute,3.71,0.4,3.32,Leader,1
2025-07-25,NET,Cloudflare,Platform,3.57,0.4,3.17,Leader,2
2025-07-25,OKTA,Okta,Platform,3.28,0.4,2.88,Leader,3
2025-07-25,INTC,Intel,Compute,-8.53,0.4,-8.93,Laggard,1
2025-07-25,NOW,ServiceNow,Platform,-2.75,0.4,-3.15,Laggard,2
2025-07-25,ASML,ASML,Compute,-1.91,0.4,-2.3,Laggard,3
2025-07-24,NOW,ServiceNow,Platform,4.16,0.07,4.09,Leader,1
2025-07-24,MDB,MongoDB,Platform,3.03,0.07,2.96,Leader,2
2025-07-24,OKTA,Okta,Platform,2.36,0.07,2.29,Leader,3
2025-07-24,IBM,IBM,Platform,-7.62,0.07,-7.69,Laggard,1
2025-07-24,ON,ON Semiconductor,Compute,-7.0,0.07,-7.07,Laggard,2
2025-07-24,INTC,Intel,Compute,-3.66,0.07,-3.73,Laggard,3
2025-07-23,PLTR,Palantir,Platform,3.73,0.78,2.95,Leader,1
2025-07-23,SMCI,Super Micro Computer,Compute,3.69,0.78,2.91,Leader,2
2025-07-23,ANET,Arista Networks,Compute,2.97,0.78,2.19,Leader,3
2025-07-23,ON,ON Semiconductor,Compute,-4.55,0.78,-5.33,Laggard,1
2025-07-23,U,Unity Software,Application,-2.4,0.78,-3.18,Laggard,2
2025-07-23,CRWD,CrowdStrike,Application,-2.06,0.78,-2.84,Laggard,3
2025-07-22,SNPS,Synopsys,Compute,4.0,0.06,3.94,Leader,1
2025-07-22,ON,ON Semiconductor,Compute,3.14,0.06,3.07,Leader,2
2025-07-22,DOCU,DocuSign,Application,2.57,0.06,2.51,Leader,3
2025-07-22,U,Unity Software,Application,-4.7,0.06,-4.77,Laggard,1
2025-07-22,SHOP,Shopify,Application,-3.68,0.06,-3.74,Laggard,2
2025-07-22,NET,Cloudflare,Platform,-3.65,0.06,-3.71,Laggard,3
2025-07-21,GOOGL,Alphabet,Platform,2.72,0.14,2.58,Leader,1
2025-07-21,QCOM,Qualcomm,Compute,2.69,0.14,2.55,Leader,2
2025-07-21,AVGO,Broadcom,Compute,1.72,0.14,1.58,Leader,3
2025-07-21,DUOL,Duolingo,Application,-3.95,0.14,-4.09,Laggard,1
2025-07-21,U,Unity Software,Application,-2.26,0.14,-2.4,Laggard,2
2025-07-21,HPE,Hewlett Packard Enterprise,Compute,-2.13,0.14,-2.27,Laggard,3
2025-07-18,DELL,Dell Technologies,Compute,5.94,-0.01,5.95,Leader,1
2025-07-18,MRVL,Marvell Technology,Compute,3.67,-0.01,3.68,Leader,2
2025-07-18,TWLO,Twilio,Platform,3.63,-0.01,3.64,Leader,3
2025-07-18,AMD,AMD,Compute,-2.13,-0.01,-2.12,Laggard,1
2025-07-18,TSM,TSMC,Compute,-2.12,-0.01,-2.11,Laggard,2
2025-07-18,SMCI,Super Micro Computer,Compute,-1.86,-0.01,-1.85,Laggard,3
2025-07-17,U,Unity Software,Application,7.6,0.54,7.06,Leader,1
2025-07-17,SHOP,Shopify,Application,5.62,0.54,5.09,Leader,2
2025-07-17,MDB,MongoDB,Platform,4.24,0.54,3.7,Leader,3
2025-07-17,MU,Micron,Compute,-2.72,0.54,-3.26,Laggard,1
2025-07-17,HUBS,HubSpot,Application,-2.39,0.54,-2.93,Laggard,2
2025-07-17,ASML,ASML,Compute,-1.26,0.54,-1.8,Laggard,3
2025-07-16,U,Unity Software,Application,14.31,0.32,14.0,Leader,1
2025-07-16,SHOP,Shopify,Application,4.3,0.32,3.98,Leader,2
2025-07-16,AMD,AMD,Compute,2.87,0.32,2.55,Leader,3
2025-07-16,ASML,ASML,Compute,-8.33,0.32,-8.65,Laggard,1
2025-07-16,DUOL,Duolingo,Application,-4.48,0.32,-4.8,Laggard,2
2025-07-16,TWLO,Twilio,Platform,-3.17,0.32,-3.49,Laggard,3
2025-07-15,SMCI,Super Micro Computer,Compute,6.92,-0.4,7.31,Leader,1
2025-07-15,TWLO,Twilio,Platform,6.48,-0.4,6.88,Leader,2
2025-07-15,AMD,AMD,Compute,6.41,-0.4,6.8,Leader,3
2025-07-15,TEAM,Atlassian,Platform,-2.05,-0.4,-1.65,Laggard,1
2025-07-15,ADSK,Autodesk,Application,-1.9,-0.4,-1.5,Laggard,2
2025-07-15,HPE,Hewlett Packard Enterprise,Compute,-1.89,-0.4,-1.49,Laggard,3
2025-07-14,ADSK,Autodesk,Application,5.05,0.14,4.91,Leader,1
2025-07-14,PLTR,Palantir,Platform,4.96,0.14,4.82,Leader,2
2025-07-14,TWLO,Twilio,Platform,4.7,0.14,4.56,Leader,3
2025-07-14,MU,Micron,Compute,-4.75,0.14,-4.89,Laggard,1
2025-07-14,GFS,GlobalFoundries,Compute,-2.13,0.14,-2.28,Laggard,2
2025-07-14,QCOM,Qualcomm,Compute,-2.01,0.14,-2.15,Laggard,3
2025-07-11,ANET,Arista Networks,Compute,2.15,-0.33,2.47,Leader,1
2025-07-11,AMD,AMD,Compute,1.57,-0.33,1.9,Leader,2
2025-07-11,GOOGL,Alphabet,Platform,1.45,-0.33,1.78,Leader,3
2025-07-11,GTLB,GitLab,Platform,-6.79,-0.33,-6.46,Laggard,1
2025-07-11,TEAM,Atlassian,Platform,-6.52,-0.33,-6.19,Laggard,2
2025-07-11,HUBS,HubSpot,Application,-5.33,-0.33,-5.0,Laggard,3
2025-07-10,AMD,AMD,Compute,4.15,0.27,3.88,Leader,1
2025-07-10,ON,ON Semiconductor,Compute,3.03,0.27,2.75,Leader,2
2025-07-10,SNPS,Synopsys,Compute,2.77,0.27,2.49,Leader,3
2025-07-10,TEAM,Atlassian,Platform,-9.43,0.27,-9.71,Laggard,1
2025-07-10,ADSK,Autodesk,Application,-6.89,0.27,-7.16,Laggard,2
2025-07-10,ZS,Zscaler,Application,-6.42,0.27,-6.69,Laggard,3
2025-07-09,MDB,MongoDB,Platform,3.93,0.61,3.33,Leader,1
2025-07-09,ANET,Arista Networks,Compute,2.8,0.61,2.19,Leader,2
2025-07-09,PLTR,Palantir,Platform,2.45,0.61,1.84,Leader,3
2025-07-09,ADSK,Autodesk,Application,-2.43,0.61,-3.03,Laggard,1
2025-07-09,ADBE,Adobe,Application,-2.32,0.61,-2.92,Laggard,2
2025-07-09,DDOG,Datadog,Platform,-2.19,0.61,-2.79,Laggard,3
2025-07-08,INTC,Intel,Compute,7.23,-0.07,7.3,Leader,1
2025-07-08,GFS,GlobalFoundries,Compute,6.96,-0.07,7.03,Leader,2
2025-07-08,U,Unity Software,Application,5.53,-0.07,5.6,Leader,3
2025-07-08,DDOG,Datadog,Platform,-4.25,-0.07,-4.17,Laggard,1
2025-07-08,SHOP,Shopify,Application,-3.58,-0.07,-3.51,Laggard,2
2025-07-08,AMZN,Amazon,Platform,-1.84,-0.07,-1.77,Laggard,3
2025-07-07,U,Unity Software,Application,6.62,-0.79,7.41,Leader,1
2025-07-07,PLTR,Palantir,Platform,3.54,-0.79,4.33,Leader,2
2025-07-07,SNOW,Snowflake,Platform,1.94,-0.79,2.73,Leader,3
2025-07-07,MRVL,Marvell Technology,Compute,-4.83,-0.79,-4.04,Laggard,1
2025-07-07,ON,ON Semiconductor,Compute,-3.52,-0.79,-2.73,Laggard,2
2025-07-07,SMCI,Super Micro Computer,Compute,-2.99,-0.79,-2.2,Laggard,3
2025-07-03,DDOG,Datadog,Platform,14.92,0.83,14.08,Leader,1
2025-07-03,U,Unity Software,Application,7.62,0.83,6.79,Leader,2
2025-07-03,CDNS,Cadence Design Systems,Compute,5.1,0.83,4.27,Leader,3
2025-07-03,DUOL,Duolingo,Application,-1.29,0.83,-2.13,Laggard,1
2025-07-03,ASML,ASML,Compute,-0.64,0.83,-1.47,Laggard,2
2025-07-03,AMD,AMD,Compute,-0.44,0.83,-1.27,Laggard,3
2025-07-02,ORCL,Oracle,Platform,5.03,0.47,4.56,Leader,1
2025-07-02,ON,ON Semiconductor,Compute,4.38,0.47,3.91,Leader,2
2025-07-02,TSM,TSMC,Compute,3.97,0.47,3.5,Leader,3
2025-07-02,INTC,Intel,Compute,-4.25,0.47,-4.72,Laggard,1
2025-07-02,ADBE,Adobe,Application,-3.48,0.47,-3.95,Laggard,2
2025-07-02,MRVL,Marvell Technology,Compute,-2.61,0.47,-3.08,Laggard,3
2025-07-01,GFS,GlobalFoundries,Compute,3.25,-0.11,3.36,Leader,1
2025-07-01,TEAM,Atlassian,Platform,2.27,-0.11,2.39,Leader,2
2025-07-01,ON,ON Semiconductor,Compute,2.27,-0.11,2.38,Leader,3
2025-07-01,TWLO,Twilio,Platform,-5.73,-0.11,-5.62,Laggard,1
2025-07-01,NET,Cloudflare,Platform,-5.56,-0.11,-5.44,Laggard,2
2025-07-01,PLTR,Palantir,Platform,-4.14,-0.11,-4.03,Laggard,3
2025-06-30,HPE,Hewlett Packard Enterprise,Compute,11.08,0.52,10.56,Leader,1
2025-06-30,PLTR,Palantir,Platform,4.27,0.52,3.75,Leader,2
2025-06-30,ORCL,Oracle,Platform,3.99,0.52,3.47,Leader,3
2025-06-30,AMZN,Amazon,Platform,-1.75,0.52,-2.27,Laggard,1
2025-06-30,AMD,AMD,Compute,-1.33,0.52,-1.84,Laggard,2
2025-06-30,GOOGL,Alphabet,Platform,-1.29,0.52,-1.8,Laggard,3
2025-06-27,U,Unity Software,Application,3.93,0.52,3.41,Leader,1
2025-06-27,DUOL,Duolingo,Application,3.16,0.52,2.64,Leader,2
2025-06-27,GOOGL,Alphabet,Platform,2.88,0.52,2.35,Leader,3
2025-06-27,PLTR,Palantir,Platform,-9.37,0.52,-9.89,Laggard,1
2025-06-27,MRVL,Marvell Technology,Compute,-3.51,0.52,-4.04,Laggard,2
2025-06-27,SMCI,Super Micro Computer,Compute,-3.43,0.52,-3.95,Laggard,3
2025-06-26,SMCI,Super Micro Computer,Compute,5.71,0.8,4.9,Leader,1
2025-06-26,ANET,Arista Networks,Compute,5.48,0.8,4.68,Leader,2
2025-06-26,MRVL,Marvell Technology,Compute,5.32,0.8,4.52,Leader,3
2025-06-26,U,Unity Software,Application,-3.11,0.8,-3.91,Laggard,1
2025-06-26,ASML,ASML,Compute,-2.1,0.8,-2.91,Laggard,2
2025-06-26,MU,Micron,Compute,-0.98,0.8,-1.78,Laggard,3
2025-06-25,SMCI,Super Micro Computer,Compute,8.8,-0.0,8.8,Leader,1
2025-06-25,NVDA,NVIDIA,Compute,4.33,-0.0,4.33,Leader,2
2025-06-25,AMD,AMD,Compute,3.59,-0.0,3.59,Leader,3
2025-06-25,DUOL,Duolingo,Application,-5.94,-0.0,-5.94,Laggard,1
2025-06-25,ESTC,Elastic,Platform,-3.49,-0.0,-3.49,Laggard,2
2025-06-25,HUBS,HubSpot,Application,-2.5,-0.0,-2.5,Laggard,3
2025-06-24,AMD,AMD,Compute,6.83,1.11,5.72,Leader,1
2025-06-24,INTC,Intel,Compute,6.42,1.11,5.31,Leader,2
2025-06-24,MRVL,Marvell Technology,Compute,6.26,1.11,5.15,Leader,3
2025-06-24,DUOL,Duolingo,Application,-5.74,1.11,-6.85,Laggard,1
2025-06-24,CRWD,CrowdStrike,Application,-1.31,1.11,-2.42,Laggard,2
2025-06-24,ZM,Zoom,Application,-1.06,1.11,-2.17,Laggard,3
2025-06-23,ANET,Arista Networks,Compute,6.61,0.96,5.65,Leader,1
2025-06-23,SHOP,Shopify,Application,3.36,0.96,2.4,Leader,2
2025-06-23,CRWD,CrowdStrike,Application,3.26,0.96,2.3,Leader,3
2025-06-23,SMCI,Super Micro Computer,Compute,-9.77,0.96,-10.74,Laggard,1
2025-06-23,DUOL,Duolingo,Application,-4.88,0.96,-5.84,Laggard,2
2025-06-23,MRVL,Marvell Technology,Compute,-3.71,0.96,-4.67,Laggard,3
2025-06-20,DELL,Dell Technologies,Compute,2.41,-0.22,2.63,Leader,1
2025-06-20,SMCI,Super Micro Computer,Compute,1.91,-0.22,2.13,Leader,2
2025-06-20,MU,Micron,Compute,1.46,-0.22,1.68,Leader,3
2025-06-20,ANET,Arista Networks,Compute,-4.42,-0.22,-4.2,Laggard,1
2025-06-20,GOOGL,Alphabet,Platform,-3.85,-0.22,-3.64,Laggard,2
2025-06-20,U,Unity Software,Application,-3.51,-0.22,-3.3,Laggard,3
2025-06-18,MRVL,Marvell Technology,Compute,7.09,-0.03,7.12,Leader,1
2025-06-18,DDOG,Datadog,Platform,4.17,-0.03,4.2,Leader,2
2025-06-18,INTC,Intel,Compute,3.32,-0.03,3.35,Leader,3
2025-06-18,WDAY,Workday,Application,-2.4,-0.03,-2.37,Laggard,1
2025-06-18,NOW,ServiceNow,Platform,-2.27,-0.03,-2.24,Laggard,2
2025-06-18,HUBS,HubSpot,Application,-1.87,-0.03,-1.84,Laggard,3
2025-06-17,ESTC,Elastic,Platform,3.55,-0.84,4.38,Leader,1
2025-06-17,CRWD,CrowdStrike,Application,2.64,-0.84,3.47,Leader,2
2025-06-17,DDOG,Datadog,Platform,2.39,-0.84,3.22,Leader,3
2025-06-17,ANET,Arista Networks,Compute,-5.69,-0.84,-4.85,Laggard,1
2025-06-17,ADBE,Adobe,Application,-4.74,-0.84,-3.91,Laggard,2
2025-06-17,U,Unity Software,Application,-3.48,-0.84,-2.65,Laggard,3
2025-06-16,AMD,AMD,Compute,8.81,0.94,7.87,Leader,1
2025-06-16,ON,ON Semiconductor,Compute,5.61,0.94,4.67,Leader,2
2025-06-16,SMCI,Super Micro Computer,Compute,5.13,0.94,4.19,Leader,3
2025-06-16,ORCL,Oracle,Platform,-1.91,0.94,-2.85,Laggard,1
2025-06-16,MDB,MongoDB,Platform,-1.52,0.94,-2.46,Laggard,2
2025-06-16,HUBS,HubSpot,Application,-0.91,0.94,-1.84,Laggard,3
2025-06-13,ORCL,Oracle,Platform,7.69,-1.13,8.82,Leader,1
2025-06-13,PLTR,Palantir,Platform,1.63,-1.13,2.76,Leader,2
2025-06-13,NET,Cloudflare,Platform,0.68,-1.13,1.81,Leader,3
2025-06-13,GTLB,GitLab,Platform,-5.67,-1.13,-4.54,Laggard,1
2025-06-13,ADBE,Adobe,Application,-5.32,-1.13,-4.19,Laggard,2
2025-06-13,U,Unity Software,Application,-5.28,-1.13,-4.15,Laggard,3
2025-06-12,ORCL,Oracle,Platform,13.31,0.38,12.93,Leader,1
2025-06-12,DDOG,Datadog,Platform,3.41,0.38,3.03,Leader,2
2025-06-12,U,Unity Software,Application,3.1,0.38,2.71,Leader,3
2025-06-12,NET,Cloudflare,Platform,-4.95,0.38,-5.33,Laggard,1
2025-06-12,SHOP,Shopify,Application,-4.31,0.38,-4.69,Laggard,2
2025-06-12,PATH,UiPath,Application,-2.39,0.38,-2.77,Laggard,3
2025-06-11,SHOP,Shopify,Application,3.51,-0.27,3.78,Leader,1
2025-06-11,AVGO,Broadcom,Compute,3.38,-0.27,3.66,Leader,2
2025-06-11,PLTR,Palantir,Platform,2.7,-0.27,2.97,Leader,3
2025-06-11,GTLB,GitLab,Platform,-10.6,-0.27,-10.32,Laggard,1
2025-06-11,INTC,Intel,Compute,-6.34,-0.27,-6.07,Laggard,2
2025-06-11,TEAM,Atlassian,Platform,-5.42,-0.27,-5.15,Laggard,3
2025-06-10,INTC,Intel,Compute,7.81,0.55,7.26,Leader,1
2025-06-10,MU,Micron,Compute,2.88,0.55,2.33,Leader,2
2025-06-10,GFS,GlobalFoundries,Compute,2.81,0.55,2.26,Leader,3
2025-06-10,HUBS,HubSpot,Application,-3.96,0.55,-4.51,Laggard,1
2025-06-10,ANET,Arista Networks,Compute,-3.2,0.55,-3.75,Laggard,2
2025-06-10,DUOL,Duolingo,Application,-2.39,0.55,-2.94,Laggard,3
2025-06-09,AMD,AMD,Compute,4.77,0.09,4.68,Leader,1
2025-06-09,ON,ON Semiconductor,Compute,4.41,0.09,4.31,Leader,2
2025-06-09,DOCU,DocuSign,Application,4.38,0.09,4.29,Leader,3
2025-06-09,OKTA,Okta,Platform,-3.69,0.09,-3.78,Laggard,1
2025-06-09,SHOP,Shopify,Application,-3.24,0.09,-3.33,Laggard,2
2025-06-09,DUOL,Duolingo,Application,-2.93,0.09,-3.02,Laggard,3
2025-06-06,PLTR,Palantir,Platform,6.51,1.03,5.49,Leader,1
2025-06-06,SHOP,Shopify,Application,6.07,1.03,5.05,Leader,2
2025-06-06,MRVL,Marvell Technology,Compute,4.9,1.03,3.87,Leader,3
2025-06-06,DOCU,DocuSign,Application,-18.97,1.03,-19.99,Laggard,1
2025-06-06,AVGO,Broadcom,Compute,-5.0,1.03,-6.03,Laggard,2
2025-06-06,MDB,MongoDB,Platform,-2.32,1.03,-3.35,Laggard,3
2025-06-05,MDB,MongoDB,Platform,12.84,-0.53,13.37,Leader,1
2025-06-05,TEAM,Atlassian,Platform,3.64,-0.53,4.17,Leader,2
2025-06-05,NET,Cloudflare,Platform,3.17,-0.53,3.69,Leader,3
2025-06-05,PLTR,Palantir,Platform,-7.77,-0.53,-7.24,Laggard,1
2025-06-05,SMCI,Super Micro Computer,Compute,-7.61,-0.53,-7.09,Laggard,2
2025-06-05,U,Unity Software,Application,-4.87,-0.53,-4.35,Laggard,3
2025-06-04,MRVL,Marvell Technology,Compute,6.32,0.01,6.31,Leader,1
2025-06-04,ON,ON Semiconductor,Compute,6.14,0.01,6.14,Leader,2
2025-06-04,META,Meta,Platform,3.16,0.01,3.16,Leader,3
2025-06-04,CRWD,CrowdStrike,Application,-5.77,0.01,-5.78,Laggard,1
2025-06-04,PLTR,Palantir,Platform,-2.37,0.01,-2.38,Laggard,2
2025-06-04,SHOP,Shopify,Application,-1.46,0.01,-1.46,Laggard,3
2025-06-03,ON,ON Semiconductor,Compute,11.35,0.58,10.77,Leader,1
2025-06-03,ANET,Arista Networks,Compute,5.26,0.58,4.68,Leader,2
2025-06-03,SMCI,Super Micro Computer,Compute,4.83,0.58,4.25,Leader,3
2025-06-03,DUOL,Duolingo,Application,-2.56,0.58,-3.14,Laggard,1
2025-06-03,TWLO,Twilio,Platform,-1.77,0.58,-2.35,Laggard,2
2025-06-03,GOOGL,Alphabet,Platform,-1.69,0.58,-2.27,Laggard,3
2025-06-02,ZS,Zscaler,Application,6.34,0.41,5.93,Leader,1
2025-06-02,MU,Micron,Compute,3.94,0.41,3.53,Leader,2
2025-06-02,ANET,Arista Networks,Compute,3.62,0.41,3.21,Leader,3
2025-06-02,PATH,UiPath,Application,-6.16,0.41,-6.57,Laggard,1
2025-06-02,DELL,Dell Technologies,Compute,-2.87,0.41,-3.28,Laggard,2
2025-06-02,ADBE,Adobe,Application,-2.82,0.41,-3.23,Laggard,3
2025-05-30,ZS,Zscaler,Application,9.79,-0.01,9.8,Leader,1
2025-05-30,U,Unity Software,Application,9.72,-0.01,9.73,Leader,2
2025-05-30,PLTR,Palantir,Platform,7.73,-0.01,7.74,Leader,3
2025-05-30,ESTC,Elastic,Platform,-12.13,-0.01,-12.12,Laggard,1
2025-05-30,MRVL,Marvell Technology,Compute,-5.55,-0.01,-5.55,Laggard,2
2025-05-30,INTC,Intel,Compute,-3.46,-0.01,-3.45,Laggard,3
2025-05-29,NVDA,NVIDIA,Compute,3.25,0.4,2.85,Leader,1
2025-05-29,CFLT,Confluent,Platform,1.94,0.4,1.54,Leader,2
2025-05-29,NET,Cloudflare,Platform,1.35,0.4,0.94,Leader,3
2025-05-29,ANET,Arista Networks,Compute,-6.92,0.4,-7.32,Laggard,1
2025-05-29,HUBS,HubSpot,Application,-6.27,0.4,-6.67,Laggard,2
2025-05-29,TEAM,Atlassian,Platform,-4.27,0.4,-4.67,Laggard,3
2025-05-28,U,Unity Software,Application,12.52,-0.56,13.07,Leader,1
2025-05-28,PATH,UiPath,Application,2.13,-0.56,2.69,Leader,2
2025-05-28,AVGO,Broadcom,Compute,1.6,-0.56,2.16,Leader,3
2025-05-28,OKTA,Okta,Platform,-16.16,-0.56,-15.6,Laggard,1
2025-05-28,CDNS,Cadence Design Systems,Compute,-10.67,-0.56,-10.11,Laggard,2
2025-05-28,SNPS,Synopsys,Compute,-9.64,-0.56,-9.09,Laggard,3
2025-05-27,ON,ON Semiconductor,Compute,5.16,2.05,3.12,Leader,1
2025-05-27,MRVL,Marvell Technology,Compute,5.16,2.05,3.11,Leader,2
2025-05-27,SHOP,Shopify,Application,5.15,2.05,3.11,Leader,3
2025-05-27,ZM,Zoom,Application,-0.48,2.05,-2.53,Laggard,1
2025-05-27,PLTR,Palantir,Platform,0.06,2.05,-1.98,Laggard,2
2025-05-27,HUBS,HubSpot,Application,0.25,2.05,-1.79,Laggard,3
2025-05-23,INTU,Intuit,Application,8.12,-0.67,8.79,Leader,1
2025-05-23,CRWD,CrowdStrike,Application,2.59,-0.67,3.27,Leader,2
2025-05-23,PLTR,Palantir,Platform,0.83,-0.67,1.5,Leader,3
2025-05-23,WDAY,Workday,Application,-12.52,-0.67,-11.85,Laggard,1
2025-05-23,U,Unity Software,Application,-5.08,-0.67,-4.41,Laggard,2
2025-05-23,CRM,Salesforce,Application,-3.63,-0.67,-2.96,Laggard,3
2025-05-22,SNOW,Snowflake,Platform,13.43,-0.04,13.48,Leader,1
2025-05-22,U,Unity Software,Application,5.05,-0.04,5.09,Leader,2
2025-05-22,CFLT,Confluent,Platform,3.99,-0.04,4.03,Leader,3
2025-05-22,ON,ON Semiconductor,Compute,-3.14,-0.04,-3.09,Laggard,1
2025-05-22,QCOM,Qualcomm,Compute,-2.6,-0.04,-2.56,Laggard,2
2025-05-22,AMD,AMD,Compute,-1.2,-0.04,-1.16,Laggard,3
2025-05-21,GOOGL,Alphabet,Platform,2.79,-1.61,4.41,Leader,1
2025-05-21,META,Meta,Platform,-0.25,-1.61,1.36,Leader,2
2025-05-21,NET,Cloudflare,Platform,-0.57,-1.61,1.04,Leader,3
2025-05-21,U,Unity Software,Application,-6.39,-1.61,-4.77,Laggard,1
2025-05-21,GTLB,GitLab,Platform,-5.1,-1.61,-3.49,Laggard,2
2025-05-21,DOCU,DocuSign,Application,-4.79,-1.61,-3.18,Laggard,3
2025-05-20,GTLB,GitLab,Platform,2.47,-0.39,2.86,Leader,1
2025-05-20,ESTC,Elastic,Platform,2.04,-0.39,2.43,Leader,2
2025-05-20,HPE,Hewlett Packard Enterprise,Compute,1.49,-0.39,1.88,Leader,3
2025-05-20,SMCI,Super Micro Computer,Compute,-4.51,-0.39,-4.12,Laggard,1
2025-05-20,SHOP,Shopify,Application,-2.45,-0.39,-2.06,Laggard,2
2025-05-20,MRVL,Marvell Technology,Compute,-1.82,-0.39,-1.43,Laggard,3
2025-05-19,CRWD,CrowdStrike,Application,1.16,0.09,1.07,Leader,1
2025-05-19,MSFT,Microsoft,Platform,1.01,0.09,0.93,Leader,2
2025-05-19,AVGO,Broadcom,Compute,0.88,0.09,0.8,Leader,3
2025-05-19,GTLB,GitLab,Platform,-4.93,0.09,-5.02,Laggard,1
2025-05-19,SMCI,Super Micro Computer,Compute,-2.95,0.09,-3.03,Laggard,2
2025-05-19,CFLT,Confluent,Platform,-2.88,0.09,-2.97,Laggard,3
2025-05-16,U,Unity Software,Application,7.49,0.7,6.79,Leader,1
2025-05-16,SMCI,Super Micro Computer,Compute,4.98,0.7,4.28,Leader,2
2025-05-16,ADBE,Adobe,Application,3.07,0.7,2.37,Leader,3
2025-05-16,MRVL,Marvell Technology,Compute,-2.21,0.7,-2.91,Laggard,1
2025-05-16,AVGO,Broadcom,Compute,-1.73,0.7,-2.43,Laggard,2
2025-05-16,ASML,ASML,Compute,-1.35,0.7,-2.05,Laggard,3
2025-05-15,IBM,IBM,Platform,3.44,0.41,3.02,Leader,1
2025-05-15,WDAY,Workday,Application,1.31,0.41,0.89,Leader,2
2025-05-15,ADBE,Adobe,Application,1.31,0.41,0.89,Leader,3
2025-05-15,CFLT,Confluent,Platform,-3.32,0.41,-3.73,Laggard,1
2025-05-15,GTLB,GitLab,Platform,-3.03,0.41,-3.45,Laggard,2
2025-05-15,AMZN,Amazon,Platform,-2.42,0.41,-2.83,Laggard,3
2025-05-14,SMCI,Super Micro Computer,Compute,15.71,0.1,15.61,Leader,1
2025-05-14,AMD,AMD,Compute,4.68,0.1,4.57,Leader,2
2025-05-14,NVDA,NVIDIA,Compute,4.16,0.1,4.06,Leader,3
2025-05-14,INTC,Intel,Compute,-4.61,0.1,-4.71,Laggard,1
2025-05-14,TEAM,Atlassian,Platform,-2.02,0.1,-2.12,Laggard,2
2025-05-14,U,Unity Software,Application,-1.87,0.1,-1.97,Laggard,3
2025-05-13,SMCI,Super Micro Computer,Compute,16.02,0.72,15.3,Leader,1
2025-05-13,PLTR,Palantir,Platform,8.14,0.72,7.41,Leader,2
2025-05-13,NVDA,NVIDIA,Compute,5.63,0.72,4.91,Leader,3
2025-05-13,INTU,Intuit,Application,-0.83,0.72,-1.56,Laggard,1
2025-05-13,QCOM,Qualcomm,Compute,-0.51,0.72,-1.24,Laggard,2
2025-05-13,OKTA,Okta,Platform,-0.1,0.72,-0.82,Laggard,3
2025-05-12,SHOP,Shopify,Application,13.7,3.26,10.44,Leader,1
2025-05-12,HUBS,HubSpot,Application,9.88,3.26,6.62,Leader,2
2025-05-12,ON,ON Semiconductor,Compute,8.88,3.26,5.63,Leader,3
2025-05-12,PLTR,Palantir,Platform,0.99,3.26,-2.27,Laggard,1
2025-05-12,DUOL,Duolingo,Application,0.99,3.26,-2.27,Laggard,2
2025-05-12,INTU,Intuit,Application,1.29,3.26,-1.97,Laggard,3
2025-05-09,NET,Cloudflare,Platform,6.46,-0.07,6.53,Leader,1
2025-05-09,MRVL,Marvell Technology,Compute,3.51,-0.07,3.58,Leader,2
2025-05-09,ON,ON Semiconductor,Compute,3.04,-0.07,3.11,Leader,3
2025-05-09,AKAM,Akamai Technologies,Platform,-10.76,-0.07,-10.68,Laggard,1
2025-05-09,HUBS,HubSpot,Application,-8.68,-0.07,-8.61,Laggard,2
2025-05-09,CRWD,CrowdStrike,Application,-4.21,-0.07,-4.14,Laggard,3
2025-05-08,PLTR,Palantir,Platform,7.85,0.58,7.27,Leader,1
2025-05-08,GTLB,GitLab,Platform,5.2,0.58,4.62,Leader,2
2025-05-08,INTC,Intel,Compute,3.4,0.58,2.82,Leader,3
2025-05-08,SMCI,Super Micro Computer,Compute,-1.14,0.58,-1.72,Laggard,1
2025-05-08,NOW,ServiceNow,Platform,-0.89,0.58,-1.47,Laggard,2
2025-05-08,SHOP,Shopify,Application,-0.53,0.58,-1.11,Laggard,3
2025-05-07,CFLT,Confluent,Platform,3.55,0.43,3.11,Leader,1
2025-05-07,QCOM,Qualcomm,Compute,3.15,0.43,2.71,Leader,2
2025-05-07,NVDA,NVIDIA,Compute,3.1,0.43,2.67,Leader,3
2025-05-07,MRVL,Marvell Technology,Compute,-8.02,0.43,-8.45,Laggard,1
2025-05-07,GOOGL,Alphabet,Platform,-7.26,0.43,-7.69,Laggard,2
2025-05-07,ANET,Arista Networks,Compute,-4.76,0.43,-5.19,Laggard,3
2025-05-06,SMCI,Super Micro Computer,Compute,2.39,-0.77,3.16,Leader,1
2025-05-06,GTLB,GitLab,Platform,2.22,-0.77,2.99,Leader,2
2025-05-06,OKTA,Okta,Platform,1.18,-0.77,1.94,Leader,3
2025-05-06,PLTR,Palantir,Platform,-12.05,-0.77,-11.28,Laggard,1
2025-05-06,SHOP,Shopify,Application,-4.62,-0.77,-3.86,Laggard,2
2025-05-06,GFS,GlobalFoundries,Compute,-2.7,-0.77,-1.93,Laggard,3
2025-05-05,TWLO,Twilio,Platform,2.94,-0.64,3.57,Leader,1
2025-05-05,OKTA,Okta,Platform,2.49,-0.64,3.13,Leader,2
2025-05-05,AMD,AMD,Compute,1.81,-0.64,2.45,Leader,3
2025-05-05,ON,ON Semiconductor,Compute,-8.35,-0.64,-7.71,Laggard,1
2025-05-05,SMCI,Super Micro Computer,Compute,-4.57,-0.64,-3.93,Laggard,2
2025-05-05,GTLB,GitLab,Platform,-2.3,-0.64,-1.66,Laggard,3
2025-05-02,DUOL,Duolingo,Application,21.61,1.47,20.13,Leader,1
2025-05-02,PLTR,Palantir,Platform,6.95,1.47,5.48,Leader,2
2025-05-02,ON,ON Semiconductor,Compute,5.83,1.47,4.36,Leader,3
2025-05-02,TEAM,Atlassian,Platform,-8.99,1.47,-10.46,Laggard,1
2025-05-02,ESTC,Elastic,Platform,-3.92,1.47,-5.39,Laggard,2
2025-05-02,DDOG,Datadog,Platform,-1.24,1.47,-2.71,Laggard,3
2025-05-01,MSFT,Microsoft,Platform,7.63,0.63,7.0,Leader,1
2025-05-01,ANET,Arista Networks,Compute,6.77,0.63,6.14,Leader,2
2025-05-01,MRVL,Marvell Technology,Compute,4.42,0.63,3.79,Leader,3
2025-05-01,CFLT,Confluent,Platform,-18.35,0.63,-18.98,Laggard,1
2025-05-01,QCOM,Qualcomm,Compute,-8.92,0.63,-9.55,Laggard,2
2025-05-01,PLTR,Palantir,Platform,-1.89,0.63,-2.52,Laggard,3
2025-04-30,ON,ON Semiconductor,Compute,2.16,0.15,2.01,Leader,1
2025-04-30,PLTR,Palantir,Platform,2.03,0.15,1.89,Leader,2
2025-04-30,ANET,Arista Networks,Compute,1.91,0.15,1.76,Leader,3
2025-04-30,SMCI,Super Micro Computer,Compute,-11.5,0.15,-11.65,Laggard,1
2025-04-30,U,Unity Software,Application,-5.56,0.15,-5.71,Laggard,2
2025-04-30,SHOP,Shopify,Application,-3.96,0.15,-4.11,Laggard,3
2025-04-29,OKTA,Okta,Platform,7.4,0.58,6.82,Leader,1
2025-04-29,CDNS,Cadence Design Systems,Compute,5.77,0.58,5.19,Leader,2
2025-04-29,SNPS,Synopsys,Compute,3.78,0.58,3.2,Leader,3
2025-04-29,SMCI,Super Micro Computer,Compute,-3.41,0.58,-3.99,Laggard,1
2025-04-29,ON,ON Semiconductor,Compute,-2.95,0.58,-3.53,Laggard,2
2025-04-29,MU,Micron,Compute,-2.14,0.58,-2.72,Laggard,3
2025-04-28,INTC,Intel,Compute,2.29,0.06,2.23,Leader,1
2025-04-28,SMCI,Super Micro Computer,Compute,2.19,0.06,2.13,Leader,2
2025-04-28,ZS,Zscaler,Application,1.99,0.06,1.92,Leader,3
2025-04-28,NVDA,NVIDIA,Compute,-2.05,0.06,-2.12,Laggard,1
2025-04-28,MU,Micron,Compute,-1.53,0.06,-1.59,Laggard,2
2025-04-28,U,Unity Software,Application,-1.47,0.06,-1.53,Laggard,3
2025-04-25,PLTR,Palantir,Platform,4.64,0.74,3.9,Leader,1
2025-04-25,NVDA,NVIDIA,Compute,4.3,0.74,3.57,Leader,2
2025-04-25,CFLT,Confluent,Platform,3.74,0.74,3.0,Leader,3
2025-04-25,INTC,Intel,Compute,-6.7,0.74,-7.44,Laggard,1
2025-04-25,ON,ON Semiconductor,Compute,-0.83,0.74,-1.56,Laggard,2
2025-04-25,ADSK,Autodesk,Application,-0.66,0.74,-1.39,Laggard,3
2025-04-24,NOW,ServiceNow,Platform,15.49,2.03,13.46,Leader,1
2025-04-24,ON,ON Semiconductor,Compute,9.12,2.03,7.09,Leader,2
2025-04-24,SMCI,Super Micro Computer,Compute,8.84,2.03,6.82,Leader,3
2025-04-24,IBM,IBM,Platform,-6.58,2.03,-8.6,Laggard,1
2025-04-24,DUOL,Duolingo,Application,1.36,2.03,-0.67,Laggard,2
2025-04-23,DUOL,Duolingo,Application,10.01,1.67,8.34,Leader,1
2025-04-23,SMCI,Super Micro Computer,Compute,7.59,1.67,5.92,Leader,2
2025-04-23,PLTR,Palantir,Platform,7.27,1.67,5.6,Leader,3
2025-04-23,ADBE,Adobe,Application,0.59,1.67,-1.08,Laggard,1
2025-04-23,QCOM,Qualcomm,Compute,1.24,1.67,-0.43,Laggard,2
2025-04-23,ADSK,Autodesk,Application,1.26,1.67,-0.4,Laggard,3
2025-04-22,DUOL,Duolingo,Application,6.41,2.51,3.9,Leader,1
2025-04-22,MU,Micron,Compute,5.2,2.51,2.69,Leader,2
2025-04-22,SHOP,Shopify,Application,4.99,2.51,2.47,Leader,3
2025-04-22,MDB,MongoDB,Platform,0.32,2.51,-2.2,Laggard,1
2025-04-22,AMD,AMD,Compute,0.82,2.51,-1.69,Laggard,2
2025-04-22,ESTC,Elastic,Platform,0.95,2.51,-1.56,Laggard,3
2025-04-21,ON,ON Semiconductor,Compute,0.29,-2.36,2.65,Leader,1
2025-04-21,U,Unity Software,Application,0.1,-2.36,2.46,Leader,2
2025-04-21,QCOM,Qualcomm,Compute,-0.38,-2.36,1.98,Leader,3
2025-04-21,SMCI,Super Micro Computer,Compute,-6.35,-2.36,-3.99,Laggard,1
2025-04-21,OKTA,Okta,Platform,-5.59,-2.36,-3.23,Laggard,2
2025-04-21,NET,Cloudflare,Platform,-5.37,-2.36,-3.01,Laggard,3
2025-04-17,U,Unity Software,Application,1.8,0.13,1.67,Leader,1
2025-04-17,HPE,Hewlett Packard Enterprise,Compute,1.75,0.13,1.61,Leader,2
2025-04-17,GTLB,GitLab,Platform,1.73,0.13,1.6,Leader,3
2025-04-17,NOW,ServiceNow,Platform,-3.08,0.13,-3.21,Laggard,1
2025-04-17,WDAY,Workday,Application,-2.94,0.13,-3.07,Laggard,2
2025-04-17,NVDA,NVIDIA,Compute,-2.87,0.13,-3.0,Laggard,3
2025-04-16,MDB,MongoDB,Platform,0.92,-2.24,3.16,Leader,1
2025-04-16,DUOL,Duolingo,Application,0.38,-2.24,2.62,Leader,2
2025-04-16,NET,Cloudflare,Platform,0.38,-2.24,2.62,Leader,3
2025-04-16,AMD,AMD,Compute,-7.35,-2.24,-5.11,Laggard,1
2025-04-16,ASML,ASML,Compute,-7.06,-2.24,-4.82,Laggard,2
2025-04-16,NVDA,NVIDIA,Compute,-6.87,-2.24,-4.63,Laggard,3
2025-04-15,PLTR,Palantir,Platform,6.24,-0.17,6.41,Leader,1
2025-04-15,HPE,Hewlett Packard Enterprise,Compute,5.11,-0.17,5.28,Leader,2
2025-04-15,CRWD,CrowdStrike,Application,3.73,-0.17,3.91,Leader,3
2025-04-15,INTC,Intel,Compute,-2.26,-0.17,-2.09,Laggard,1
2025-04-15,META,Meta,Platform,-1.87,-0.17,-1.7,Laggard,2
2025-04-15,GOOGL,Alphabet,Platform,-1.74,-0.17,-1.56,Laggard,3
2025-04-14,PLTR,Palantir,Platform,4.6,0.79,3.8,Leader,1
2025-04-14,DELL,Dell Technologies,Compute,3.98,0.79,3.18,Leader,2
2025-04-14,INTC,Intel,Compute,2.89,0.79,2.09,Leader,3
2025-04-14,U,Unity Software,Application,-5.56,0.79,-6.36,Laggard,1
2025-04-14,MDB,MongoDB,Platform,-2.59,0.79,-3.38,Laggard,2
2025-04-14,META,Meta,Platform,-2.22,0.79,-3.02,Laggard,3
2025-04-11,AVGO,Broadcom,Compute,5.59,1.81,3.79,Leader,1
2025-04-11,AMD,AMD,Compute,5.3,1.81,3.49,Leader,2
2025-04-11,TSM,TSMC,Compute,3.94,1.81,2.13,Leader,3
2025-04-11,GTLB,GitLab,Platform,-2.47,1.81,-4.28,Laggard,1
2025-04-11,SMCI,Super Micro Computer,Compute,-1.57,1.81,-3.38,Laggard,2
2025-04-11,GFS,GlobalFoundries,Compute,-1.42,1.81,-3.23,Laggard,3
2025-04-10,OKTA,Okta,Platform,-0.1,-3.46,3.36,Leader,1
2025-04-10,MSFT,Microsoft,Platform,-2.34,-3.46,1.12,Leader,2
2025-04-10,IBM,IBM,Platform,-2.45,-3.46,1.01,Leader,3
2025-04-10,MRVL,Marvell Technology,Compute,-13.27,-3.46,-9.81,Laggard,1
2025-04-10,ON,ON Semiconductor,Compute,-11.02,-3.46,-7.56,Laggard,2
2025-04-10,MU,Micron,Compute,-10.04,-3.46,-6.58,Laggard,3
2025-04-09,AMD,AMD,Compute,23.82,9.52,14.31,Leader,1
2025-04-09,ON,ON Semiconductor,Compute,22.69,9.52,13.18,Leader,2
2025-04-09,MRVL,Marvell Technology,Compute,21.85,9.52,12.33,Leader,3
2025-04-09,IBM,IBM,Platform,6.46,9.52,-3.05,Laggard,1
2025-04-09,ADBE,Adobe,Application,7.25,9.52,-2.27,Laggard,2
2025-04-09,ZM,Zoom,Application,7.69,9.52,-1.82,Laggard,3
2025-04-08,ANET,Arista Networks,Compute,1.95,-1.57,3.52,Leader,1
2025-04-08,SNOW,Snowflake,Platform,1.88,-1.57,3.45,Leader,2
2025-04-08,AVGO,Broadcom,Compute,1.23,-1.57,2.8,Leader,3
2025-04-08,ON,ON Semiconductor,Compute,-8.92,-1.57,-7.35,Laggard,1
2025-04-08,INTC,Intel,Compute,-7.36,-1.57,-5.79,Laggard,2
2025-04-08,AMD,AMD,Compute,-6.49,-1.57,-4.92,Laggard,3
2025-04-07,SMCI,Super Micro Computer,Compute,10.66,-0.23,10.9,Leader,1
2025-04-07,ANET,Arista Networks,Compute,5.9,-0.23,6.14,Leader,2
2025-04-07,MU,Micron,Compute,5.64,-0.23,5.87,Leader,3
2025-04-07,MDB,MongoDB,Platform,-4.54,-0.23,-4.31,Laggard,1
2025-04-07,AKAM,Akamai Technologies,Platform,-3.75,-0.23,-3.51,Laggard,2
2025-04-07,PATH,UiPath,Application,-2.49,-0.23,-2.26,Laggard,3
2025-04-04,PATH,UiPath,Application,-2.14,-5.97,3.83,Leader,1
2025-04-04,ASML,ASML,Compute,-2.84,-5.97,3.14,Leader,2
2025-04-04,GTLB,GitLab,Platform,-3.39,-5.97,2.59,Leader,3
2025-04-04,MU,Micron,Compute,-12.94,-5.97,-6.97,Laggard,1
2025-04-04,INTC,Intel,Compute,-11.5,-5.97,-5.53,Laggard,2
2025-04-04,PLTR,Palantir,Platform,-11.47,-5.97,-5.5,Laggard,3
2025-04-03,INTC,Intel,Compute,2.05,-4.84,6.89,Leader,1
2025-04-03,MSFT,Microsoft,Platform,-2.36,-4.84,2.48,Leader,2
2025-04-03,ZM,Zoom,Application,-2.39,-4.84,2.45,Leader,3
2025-04-03,DELL,Dell Technologies,Compute,-18.99,-4.84,-14.15,Laggard,1
2025-04-03,SHOP,Shopify,Application,-18.24,-4.84,-13.4,Laggard,2
2025-04-03,MU,Micron,Compute,-16.09,-4.84,-11.26,Laggard,3
2025-04-02,DELL,Dell Technologies,Compute,3.66,0.67,2.99,Leader,1
2025-04-02,U,Unity Software,Application,3.57,0.67,2.89,Leader,2
2025-04-02,TEAM,Atlassian,Platform,3.49,0.67,2.82,Leader,3
2025-04-02,META,Meta,Platform,-0.35,0.67,-1.03,Laggard,1
2025-04-02,INTC,Intel,Compute,-0.32,0.67,-0.99,Laggard,2
2025-04-02,IBM,IBM,Platform,-0.14,0.67,-0.82,Laggard,3
2025-04-01,DUOL,Duolingo,Application,5.42,0.38,5.04,Leader,1
2025-04-01,U,Unity Software,Application,3.06,0.38,2.68,Leader,2
2025-04-01,CRWD,CrowdStrike,Application,2.78,0.38,2.4,Leader,3
2025-04-01,INTC,Intel,Compute,-2.91,0.38,-3.28,Laggard,1
2025-04-01,GFS,GlobalFoundries,Compute,-2.52,0.38,-2.9,Laggard,2
2025-04-01,ON,ON Semiconductor,Compute,-1.2,0.38,-1.58,Laggard,3
2025-03-31,INTU,Intuit,Application,2.52,0.55,1.96,Leader,1
2025-03-31,IBM,IBM,Platform,1.91,0.55,1.36,Leader,2
2025-03-31,QCOM,Qualcomm,Compute,0.58,0.55,0.03,Leader,3
2025-03-31,U,Unity Software,Application,-4.63,0.55,-5.18,Laggard,1
2025-03-31,ZS,Zscaler,Application,-4.21,0.55,-4.76,Laggard,2
2025-03-31,CFLT,Confluent,Platform,-3.66,0.55,-4.21,Laggard,3
2025-03-28,IBM,IBM,Platform,-0.9,-1.97,1.08,Leader,1
2025-03-28,HPE,Hewlett Packard Enterprise,Compute,-0.94,-1.97,1.03,Leader,2
2025-03-28,ZS,Zscaler,Application,-1.1,-1.97,0.87,Leader,3
2025-03-28,ON,ON Semiconductor,Compute,-6.44,-1.97,-4.47,Laggard,1
2025-03-28,SHOP,Shopify,Application,-5.7,-1.97,-3.72,Laggard,2
2025-03-28,MDB,MongoDB,Platform,-5.62,-1.97,-3.65,Laggard,3
2025-03-27,DELL,Dell Technologies,Compute,0.87,-0.33,1.2,Leader,1
2025-03-27,INTC,Intel,Compute,0.85,-0.33,1.18,Leader,2
2025-03-27,DUOL,Duolingo,Application,0.52,-0.33,0.85,Leader,3
2025-03-27,SMCI,Super Micro Computer,Compute,-6.26,-0.33,-5.93,Laggard,1
2025-03-27,ESTC,Elastic,Platform,-4.33,-0.33,-4.0,Laggard,2
2025-03-27,AVGO,Broadcom,Compute,-4.06,-0.33,-3.73,Laggard,3
2025-03-26,IBM,IBM,Platform,0.18,-1.12,1.29,Leader,1
2025-03-26,ZM,Zoom,Application,-0.45,-1.12,0.67,Leader,2
2025-03-26,AKAM,Akamai Technologies,Platform,-0.46,-1.12,0.65,Leader,3
2025-03-26,SMCI,Super Micro Computer,Compute,-8.86,-1.12,-7.74,Laggard,1
2025-03-26,MRVL,Marvell Technology,Compute,-6.85,-1.12,-5.74,Laggard,2
2025-03-26,ANET,Arista Networks,Compute,-6.07,-1.12,-4.96,Laggard,3
2025-03-25,CRWD,CrowdStrike,Application,3.3,0.16,3.15,Leader,1
2025-03-25,DUOL,Duolingo,Application,3.18,0.16,3.02,Leader,2
2025-03-25,NET,Cloudflare,Platform,2.88,0.16,2.72,Leader,3
2025-03-25,MU,Micron,Compute,-2.85,0.16,-3.0,Laggard,1
2025-03-25,SMCI,Super Micro Computer,Compute,-2.59,0.16,-2.75,Laggard,2
2025-03-25,GFS,GlobalFoundries,Compute,-1.79,0.16,-1.94,Laggard,3
2025-03-24,AMD,AMD,Compute,6.96,1.76,5.2,Leader,1
2025-03-24,DUOL,Duolingo,Application,6.69,1.76,4.93,Leader,2
2025-03-24,PLTR,Palantir,Platform,6.37,1.76,4.6,Leader,3
2025-03-24,SMCI,Super Micro Computer,Compute,-1.02,1.76,-2.78,Laggard,1
2025-03-24,AVGO,Broadcom,Compute,-0.21,1.76,-1.98,Laggard,2
2025-03-24,INTC,Intel,Compute,-0.16,1.76,-1.93,Laggard,3
2025-03-21,SMCI,Super Micro Computer,Compute,7.8,0.08,7.72,Leader,1
2025-03-21,PLTR,Palantir,Platform,4.09,0.08,4.0,Leader,2
2025-03-21,DOCU,DocuSign,Application,3.47,0.08,3.38,Leader,3
2025-03-21,MU,Micron,Compute,-8.04,0.08,-8.12,Laggard,1
2025-03-21,ASML,ASML,Compute,-2.43,0.08,-2.51,Laggard,2
2025-03-21,CRWD,CrowdStrike,Application,-1.84,0.08,-1.92,Laggard,3
2025-03-20,TSM,TSMC,Compute,2.14,-0.22,2.35,Leader,1
2025-03-20,DUOL,Duolingo,Application,1.68,-0.22,1.9,Leader,2
2025-03-20,PLTR,Palantir,Platform,1.5,-0.22,1.72,Leader,3
2025-03-20,IBM,IBM,Platform,-3.56,-0.22,-3.34,Laggard,1
2025-03-20,SMCI,Super Micro Computer,Compute,-2.49,-0.22,-2.28,Laggard,2
2025-03-20,U,Unity Software,Application,-2.46,-0.22,-2.24,Laggard,3
2025-03-19,SHOP,Shopify,Application,8.01,1.08,6.93,Leader,1
2025-03-19,SMCI,Super Micro Computer,Compute,5.8,1.08,4.72,Leader,2
2025-03-19,TEAM,Atlassian,Platform,4.74,1.08,3.66,Leader,3
2025-03-19,INTC,Intel,Compute,-6.94,1.08,-8.02,Laggard,1
2025-03-19,ADBE,Adobe,Application,-0.89,1.08,-1.97,Laggard,2
2025-03-19,GFS,GlobalFoundries,Compute,-0.23,1.08,-1.31,Laggard,3
2025-03-18,DOCU,DocuSign,Application,1.89,-1.07,2.96,Leader,1
2025-03-18,INTC,Intel,Compute,0.9,-1.07,1.96,Leader,2
2025-03-18,HPE,Hewlett Packard Enterprise,Compute,0.57,-1.07,1.63,Leader,3
2025-03-18,SMCI,Super Micro Computer,Compute,-9.63,-1.07,-8.57,Laggard,1
2025-03-18,PLTR,Palantir,Platform,-3.96,-1.07,-2.9,Laggard,2
2025-03-18,GTLB,GitLab,Platform,-3.95,-1.07,-2.88,Laggard,3
2025-03-17,INTC,Intel,Compute,6.82,0.64,6.18,Leader,1
2025-03-17,MDB,MongoDB,Platform,4.14,0.64,3.5,Leader,2
2025-03-17,DUOL,Duolingo,Application,3.75,0.64,3.11,Leader,3
2025-03-17,DOCU,DocuSign,Application,-2.72,0.64,-3.36,Laggard,1
2025-03-17,NVDA,NVIDIA,Compute,-1.76,0.64,-2.4,Laggard,2
2025-03-17,AMZN,Amazon,Platform,-1.12,0.64,-1.76,Laggard,3
2025-03-14,DOCU,DocuSign,Application,14.81,2.13,12.68,Leader,1
2025-03-14,PATH,UiPath,Application,9.13,2.13,7.0,Leader,2
2025-03-14,PLTR,Palantir,Platform,8.31,2.13,6.19,Leader,3
2025-03-14,MRVL,Marvell Technology,Compute,-0.03,2.13,-2.16,Laggard,1
2025-03-14,MDB,MongoDB,Platform,0.15,2.13,-1.98,Laggard,2
2025-03-14,IBM,IBM,Platform,1.04,2.13,-1.09,Laggard,3
2025-03-13,INTC,Intel,Compute,14.6,-1.39,15.99,Leader,1
2025-03-13,CDNS,Cadence Design Systems,Compute,0.98,-1.39,2.37,Leader,2
2025-03-13,NVDA,NVIDIA,Compute,-0.14,-1.39,1.25,Leader,3
2025-03-13,PATH,UiPath,Application,-15.72,-1.39,-14.33,Laggard,1
2025-03-13,ADBE,Adobe,Application,-13.85,-1.39,-12.46,Laggard,2
2025-03-13,TEAM,Atlassian,Platform,-8.14,-1.39,-6.75,Laggard,3
2025-03-12,MU,Micron,Compute,7.4,0.49,6.91,Leader,1
2025-03-12,PLTR,Palantir,Platform,7.17,0.49,6.69,Leader,2
2025-03-12,NVDA,NVIDIA,Compute,6.43,0.49,5.94,Leader,3
2025-03-12,HPE,Hewlett Packard Enterprise,Compute,-1.63,0.49,-2.12,Laggard,1
2025-03-12,AKAM,Akamai Technologies,Platform,-1.23,0.49,-1.72,Laggard,2
2025-03-12,GFS,GlobalFoundries,Compute,-1.05,0.49,-1.54,Laggard,3
2025-03-11,SMCI,Super Micro Computer,Compute,10.68,-0.76,11.43,Leader,1
2025-03-11,MDB,MongoDB,Platform,8.53,-0.76,9.29,Leader,2
2025-03-11,CRWD,CrowdStrike,Application,6.76,-0.76,7.52,Leader,3
2025-03-11,GFS,GlobalFoundries,Compute,-6.28,-0.76,-5.52,Laggard,1
2025-03-11,AKAM,Akamai Technologies,Platform,-4.16,-0.76,-3.4,Laggard,2
2025-03-11,ORCL,Oracle,Platform,-3.1,-0.76,-2.34,Laggard,3
2025-03-10,GFS,GlobalFoundries,Compute,-0.64,-2.7,2.06,Leader,1
2025-03-10,DELL,Dell Technologies,Compute,-1.22,-2.7,1.47,Leader,2
2025-03-10,PATH,UiPath,Application,-1.62,-2.7,1.07,Leader,3
2025-03-10,U,Unity Software,Application,-11.08,-2.7,-8.38,Laggard,1
2025-03-10,PLTR,Palantir,Platform,-10.05,-2.7,-7.35,Laggard,2
2025-03-10,TEAM,Atlassian,Platform,-9.62,-2.7,-6.92,Laggard,3
2025-03-07,AVGO,Broadcom,Compute,8.64,0.55,8.09,Leader,1
2025-03-07,DUOL,Duolingo,Application,8.36,0.55,7.8,Leader,2
2025-03-07,AKAM,Akamai Technologies,Platform,5.69,0.55,5.14,Leader,3
2025-03-07,HPE,Hewlett Packard Enterprise,Compute,-11.97,0.55,-12.52,Laggard,1
2025-03-07,CFLT,Confluent,Platform,-7.12,0.55,-7.67,Laggard,2
2025-03-07,TEAM,Atlassian,Platform,-4.71,0.55,-5.26,Laggard,3
2025-03-06,ZS,Zscaler,Application,2.91,-1.78,4.69,Leader,1
2025-03-06,GFS,GlobalFoundries,Compute,0.39,-1.78,2.17,Leader,2
2025-03-06,AKAM,Akamai Technologies,Platform,-0.01,-1.78,1.77,Leader,3
2025-03-06,MDB,MongoDB,Platform,-26.94,-1.78,-25.16,Laggard,1
2025-03-06,MRVL,Marvell Technology,Compute,-19.81,-1.78,-18.03,Laggard,2
2025-03-06,SNOW,Snowflake,Platform,-11.89,-1.78,-10.11,Laggard,3
2025-03-05,CFLT,Confluent,Platform,7.98,1.12,6.87,Leader,1
2025-03-05,OKTA,Okta,Platform,7.39,1.12,6.27,Leader,2
2025-03-05,PLTR,Palantir,Platform,6.79,1.12,5.67,Leader,3
2025-03-05,CRWD,CrowdStrike,Application,-6.34,1.12,-7.45,Laggard,1
2025-03-05,INTC,Intel,Compute,-2.44,1.12,-3.55,Laggard,2
2025-03-05,GTLB,GitLab,Platform,-1.61,1.12,-2.72,Laggard,3
2025-03-04,OKTA,Okta,Platform,24.27,-1.22,25.49,Leader,1
2025-03-04,GTLB,GitLab,Platform,11.64,-1.22,12.87,Leader,2
2025-03-04,SMCI,Super Micro Computer,Compute,8.51,-1.22,9.73,Leader,3
2025-03-04,INTC,Intel,Compute,-6.2,-1.22,-4.98,Laggard,1
2025-03-04,SHOP,Shopify,Application,-4.55,-1.22,-3.33,Laggard,2
2025-03-04,HUBS,HubSpot,Application,-2.9,-1.22,-1.67,Laggard,3
2025-03-03,ZM,Zoom,Application,0.83,-1.76,2.59,Leader,1
2025-03-03,ADBE,Adobe,Application,0.49,-1.76,2.25,Leader,2
2025-03-03,AKAM,Akamai Technologies,Platform,0.4,-1.76,2.16,Leader,3
2025-03-03,SMCI,Super Micro Computer,Compute,-13.0,-1.76,-11.24,Laggard,1
2025-03-03,NVDA,NVIDIA,Compute,-8.69,-1.76,-6.93,Laggard,2
2025-03-03,ESTC,Elastic,Platform,-7.92,-1.76,-6.16,Laggard,3
2025-02-28,ESTC,Elastic,Platform,14.89,1.59,13.3,Leader,1
2025-02-28,MRVL,Marvell Technology,Compute,4.76,1.59,3.17,Leader,2
2025-02-28,NVDA,NVIDIA,Compute,3.97,1.59,2.38,Leader,3
2025-02-28,DUOL,Duolingo,Application,-16.95,1.59,-18.54,Laggard,1
2025-02-28,DELL,Dell Technologies,Compute,-4.7,1.59,-6.29,Laggard,2
2025-02-28,SMCI,Super Micro Computer,Compute,-3.47,1.59,-5.05,Laggard,3
2025-02-27,SNOW,Snowflake,Platform,4.51,-1.59,6.1,Leader,1
2025-02-27,CFLT,Confluent,Platform,2.92,-1.59,4.51,Leader,2
2025-02-27,DDOG,Datadog,Platform,0.14,-1.59,1.73,Leader,3
2025-02-27,SMCI,Super Micro Computer,Compute,-15.97,-1.59,-14.38,Laggard,1
2025-02-27,NVDA,NVIDIA,Compute,-8.48,-1.59,-6.89,Laggard,2
2025-02-27,MRVL,Marvell Technology,Compute,-7.64,-1.59,-6.05,Laggard,3
2025-02-26,INTU,Intuit,Application,12.58,0.01,12.56,Leader,1
2025-02-26,SMCI,Super Micro Computer,Compute,12.23,0.01,12.22,Leader,2
2025-02-26,WDAY,Workday,Application,6.22,0.01,6.2,Leader,3
2025-02-26,GOOGL,Alphabet,Platform,-1.53,0.01,-1.55,Laggard,1
2025-02-26,DDOG,Datadog,Platform,-1.4,0.01,-1.41,Laggard,2
2025-02-26,ON,ON Semiconductor,Compute,-1.31,0.01,-1.32,Laggard,3
2025-02-25,AKAM,Akamai Technologies,Platform,0.52,-0.47,0.98,Leader,1
2025-02-25,ANET,Arista Networks,Compute,0.2,-0.47,0.67,Leader,2
2025-02-25,QCOM,Qualcomm,Compute,0.07,-0.47,0.54,Leader,3
2025-02-25,SMCI,Super Micro Computer,Compute,-11.76,-0.47,-11.29,Laggard,1
2025-02-25,ZM,Zoom,Application,-8.48,-0.47,-8.02,Laggard,2
2025-02-25,U,Unity Software,Application,-5.98,-0.47,-5.51,Laggard,3
2025-02-24,TWLO,Twilio,Platform,3.25,-0.5,3.74,Leader,1
2025-02-24,WDAY,Workday,Application,2.11,-0.5,2.61,Leader,2
2025-02-24,ORCL,Oracle,Platform,1.28,-0.5,1.78,Leader,3
2025-02-24,PLTR,Palantir,Platform,-10.53,-0.5,-10.03,Laggard,1
2025-02-24,SMCI,Super Micro Computer,Compute,-7.95,-0.5,-7.46,Laggard,2
2025-02-24,ANET,Arista Networks,Compute,-5.71,-0.5,-5.21,Laggard,3
2025-02-21,U,Unity Software,Application,1.21,-1.71,2.92,Leader,1
2025-02-21,ASML,ASML,Compute,-0.79,-1.71,0.92,Leader,2
2025-02-21,TSM,TSMC,Compute,-0.93,-1.71,0.78,Leader,3
2025-02-21,AKAM,Akamai Technologies,Platform,-21.73,-1.71,-20.02,Laggard,1
2025-02-21,DUOL,Duolingo,Application,-8.64,-1.71,-6.93,Laggard,2
2025-02-21,CRWD,CrowdStrike,Application,-6.75,-1.71,-5.05,Laggard,3
2025-02-20,U,Unity Software,Application,30.41,-0.43,30.85,Leader,1
2025-02-20,INTC,Intel,Compute,1.44,-0.43,1.87,Leader,2
2025-02-20,NVDA,NVIDIA,Compute,0.63,-0.43,1.07,Leader,3
2025-02-20,PLTR,Palantir,Platform,-5.17,-0.43,-4.73,Laggard,1
2025-02-20,ZS,Zscaler,Application,-3.59,-0.43,-3.15,Laggard,2
2025-02-20,GTLB,GitLab,Platform,-3.39,-0.43,-2.96,Laggard,3
2025-02-19,SMCI,Super Micro Computer,Compute,7.97,0.24,7.74,Leader,1
2025-02-19,ON,ON Semiconductor,Compute,6.87,0.24,6.63,Leader,2
2025-02-19,MRVL,Marvell Technology,Compute,3.5,0.24,3.26,Leader,3
2025-02-19,PLTR,Palantir,Platform,-10.08,0.24,-10.32,Laggard,1
2025-02-19,CDNS,Cadence Design Systems,Compute,-8.78,0.24,-9.02,Laggard,2
2025-02-19,ANET,Arista Networks,Compute,-6.43,0.24,-6.67,Laggard,3
2025-02-18,SMCI,Super Micro Computer,Compute,16.47,0.24,16.22,Leader,1
2025-02-18,INTC,Intel,Compute,16.06,0.24,15.81,Leader,2
2025-02-18,MU,Micron,Compute,7.31,0.24,7.06,Leader,3
2025-02-18,META,Meta,Platform,-2.76,0.24,-3.0,Laggard,1
2025-02-18,ADSK,Autodesk,Application,-2.33,0.24,-2.58,Laggard,2
2025-02-18,AVGO,Broadcom,Compute,-1.94,0.24,-2.18,Laggard,3
2025-02-14,SMCI,Super Micro Computer,Compute,13.32,-0.01,13.32,Leader,1
2025-02-14,MU,Micron,Compute,4.04,-0.01,4.04,Leader,2
2025-02-14,DELL,Dell Technologies,Compute,3.74,-0.01,3.74,Leader,3
2025-02-14,TWLO,Twilio,Platform,-15.01,-0.01,-15.01,Laggard,1
2025-02-14,OKTA,Okta,Platform,-3.96,-0.01,-3.95,Laggard,2
2025-02-14,GTLB,GitLab,Platform,-3.87,-0.01,-3.86,Laggard,3
2025-02-13,DUOL,Duolingo,Application,8.09,1.04,7.05,Leader,1
2025-02-13,INTC,Intel,Compute,7.34,1.04,6.3,Leader,2
2025-02-13,PATH,UiPath,Application,7.22,1.04,6.18,Leader,3
2025-02-13,DDOG,Datadog,Platform,-8.24,1.04,-9.28,Laggard,1
2025-02-13,CFLT,Confluent,Platform,-3.77,1.04,-4.81,Laggard,2
2025-02-13,DELL,Dell Technologies,Compute,-2.36,1.04,-3.4,Laggard,3
2025-02-12,CFLT,Confluent,Platform,25.08,-0.27,25.36,Leader,1
2025-02-12,GFS,GlobalFoundries,Compute,8.6,-0.27,8.88,Leader,2
2025-02-12,INTC,Intel,Compute,7.2,-0.27,7.47,Leader,3
2025-02-12,ANET,Arista Networks,Compute,-6.16,-0.27,-5.89,Laggard,1
2025-02-12,SNPS,Synopsys,Compute,-3.67,-0.27,-3.4,Laggard,2
2025-02-12,MRVL,Marvell Technology,Compute,-3.39,-0.27,-3.12,Laggard,3
2025-02-11,GFS,GlobalFoundries,Compute,6.25,0.03,6.22,Leader,1
2025-02-11,INTC,Intel,Compute,6.07,0.03,6.04,Leader,2
2025-02-11,SHOP,Shopify,Application,3.08,0.03,3.04,Leader,3
2025-02-11,SMCI,Super Micro Computer,Compute,-9.47,0.03,-9.51,Laggard,1
2025-02-11,DUOL,Duolingo,Application,-4.43,0.03,-4.47,Laggard,2
2025-02-11,U,Unity Software,Application,-4.41,0.03,-4.45,Laggard,3
2025-02-10,SMCI,Super Micro Computer,Compute,17.56,0.67,16.89,Leader,1
2025-02-10,DELL,Dell Technologies,Compute,5.58,0.67,4.91,Leader,2
2025-02-10,PLTR,Palantir,Platform,5.23,0.67,4.56,Leader,3
2025-02-10,ON,ON Semiconductor,Compute,-8.21,0.67,-8.89,Laggard,1
2025-02-10,U,Unity Software,Application,-3.04,0.67,-3.71,Laggard,2
2025-02-10,GFS,GlobalFoundries,Compute,-1.85,0.67,-2.52,Laggard,3
2025-02-07,NET,Cloudflare,Platform,17.76,-0.95,18.71,Leader,1
2025-02-07,SMCI,Super Micro Computer,Compute,7.21,-0.95,8.16,Leader,2
2025-02-07,ANET,Arista Networks,Compute,2.78,-0.95,3.72,Leader,3
2025-02-07,MRVL,Marvell Technology,Compute,-7.23,-0.95,-6.28,Laggard,1
2025-02-07,AMZN,Amazon,Platform,-4.05,-0.95,-3.11,Laggard,2
2025-02-07,DOCU,DocuSign,Application,-3.59,-0.95,-2.64,Laggard,3
2025-02-06,PLTR,Palantir,Platform,9.79,0.36,9.42,Leader,1
2025-02-06,SMCI,Super Micro Computer,Compute,7.46,0.36,7.1,Leader,2
2025-02-06,NVDA,NVIDIA,Compute,3.08,0.36,2.72,Leader,3
2025-02-06,CRM,Salesforce,Application,-4.92,0.36,-5.28,Laggard,1
2025-02-06,GFS,GlobalFoundries,Compute,-4.88,0.36,-5.24,Laggard,2
2025-02-06,PATH,UiPath,Application,-3.97,0.36,-4.33,Laggard,3
2025-02-05,SMCI,Super Micro Computer,Compute,7.99,0.39,7.6,Leader,1
2025-02-05,WDAY,Workday,Application,6.33,0.39,5.94,Leader,2
2025-02-05,MRVL,Marvell Technology,Compute,6.17,0.39,5.78,Leader,3
2025-02-05,GOOGL,Alphabet,Platform,-7.29,0.39,-7.68,Laggard,1
2025-02-05,AMD,AMD,Compute,-6.27,0.39,-6.66,Laggard,2
2025-02-05,AMZN,Amazon,Platform,-2.43,0.39,-2.82,Laggard,3
2025-02-04,PLTR,Palantir,Platform,23.99,0.72,23.27,Leader,1
2025-02-04,SMCI,Super Micro Computer,Compute,8.6,0.72,7.88,Leader,2
2025-02-04,DUOL,Duolingo,Application,5.96,0.72,5.24,Leader,3
2025-02-04,MRVL,Marvell Technology,Compute,-3.41,0.72,-4.13,Laggard,1
2025-02-04,GFS,GlobalFoundries,Compute,-2.05,0.72,-2.78,Laggard,2
2025-02-04,INTU,Intuit,Application,-1.5,0.72,-2.23,Laggard,3
2025-02-03,IBM,IBM,Platform,1.97,-0.76,2.73,Leader,1
2025-02-03,PLTR,Palantir,Platform,1.52,-0.76,2.28,Leader,2
2025-02-03,TEAM,Atlassian,Platform,1.51,-0.76,2.27,Leader,3
2025-02-03,SMCI,Super Micro Computer,Compute,-5.86,-0.76,-5.09,Laggard,1
2025-02-03,TSM,TSMC,Compute,-4.55,-0.76,-3.79,Laggard,2
2025-02-03,ON,ON Semiconductor,Compute,-3.97,-0.76,-3.21,Laggard,3
2025-01-31,TEAM,Atlassian,Platform,14.92,-0.5,15.43,Leader,1
2025-01-31,GTLB,GitLab,Platform,4.87,-0.5,5.38,Leader,2
2025-01-31,AVGO,Broadcom,Compute,2.6,-0.5,3.11,Leader,3
2025-01-31,NVDA,NVIDIA,Compute,-3.67,-0.5,-3.17,Laggard,1
2025-01-31,U,Unity Software,Application,-3.52,-0.5,-3.02,Laggard,2
2025-01-31,INTC,Intel,Compute,-2.9,-0.5,-2.39,Laggard,3
2025-01-30,IBM,IBM,Platform,12.96,0.53,12.44,Leader,1
2025-01-30,ANET,Arista Networks,Compute,5.58,0.53,5.05,Leader,2
2025-01-30,ORCL,Oracle,Platform,5.16,0.53,4.63,Leader,3
2025-01-30,NOW,ServiceNow,Platform,-11.44,0.53,-11.97,Laggard,1
2025-01-30,MSFT,Microsoft,Platform,-6.18,0.53,-6.71,Laggard,2
2025-01-30,CRM,Salesforce,Application,-2.95,0.53,-3.47,Laggard,3
2025-01-29,ASML,ASML,Compute,4.29,-0.47,4.76,Leader,1
2025-01-29,MRVL,Marvell Technology,Compute,2.8,-0.47,3.27,Leader,2
2025-01-29,AMD,AMD,Compute,2.79,-0.47,3.25,Leader,3
2025-01-29,PATH,UiPath,Application,-5.2,-0.47,-4.73,Laggard,1
2025-01-29,NVDA,NVIDIA,Compute,-4.1,-0.47,-3.63,Laggard,2
2025-01-29,DDOG,Datadog,Platform,-4.06,-0.47,-3.59,Laggard,3
2025-01-28,GTLB,GitLab,Platform,12.34,0.92,11.42,Leader,1
2025-01-28,ESTC,Elastic,Platform,11.75,0.92,10.83,Leader,2
2025-01-28,NET,Cloudflare,Platform,10.68,0.92,9.76,Leader,3
2025-01-28,HPE,Hewlett Packard Enterprise,Compute,-6.49,0.92,-7.41,Laggard,1
2025-01-28,MU,Micron,Compute,-3.14,0.92,-4.06,Laggard,2
2025-01-28,SMCI,Super Micro Computer,Compute,-3.06,0.92,-3.98,Laggard,3
2025-01-27,HUBS,HubSpot,Application,4.38,-1.46,5.84,Leader,1
2025-01-27,CRM,Salesforce,Application,3.96,-1.46,5.42,Leader,2
2025-01-27,WDAY,Workday,Application,2.29,-1.46,3.75,Leader,3
2025-01-27,ANET,Arista Networks,Compute,-22.35,-1.46,-20.89,Laggard,1
2025-01-27,MRVL,Marvell Technology,Compute,-19.1,-1.46,-17.64,Laggard,2
2025-01-27,AVGO,Broadcom,Compute,-17.4,-1.46,-15.94,Laggard,3
